<?xml version="1.0" encoding="utf-8"?>
<!--  Copyright (C) 2014-2016 The Dirty Unicorns Project
      Copyright (C) 2016 AospExtended ROM Project
      Copyright (C) 2022 DerpFest

  This program is free software: you can redistribute it and/or modify
  it under the terms of the GNU General Public License as published by
  the Free Software Foundation, either version 3 of the License, or
  (at your option) any later version.

  This program is distributed in the hope that it will be useful,
  but WITHOUT ANY WARRANTY; without even the implied warranty of
  MERCHANTABILITY or FITNESS FOR A PARTICULAR PURPOSE.  See the
  GNU General Public License for more details.

  You should have received a copy of the GNU General Public License
  along with this program.  If not, see <http://www.gnu.org/licenses/>.
 -->
<resources xmlns:xliff="urn:oasis:names:tc:xliff:document:1.2">
    <!-- General app strings -->
    <string name="add">Adicionar</string>
    <string name="advanced">Avançado</string>
    <string name="cancel">cancelar</string>
    <string name="default_text">Padrão</string>
    <string name="dlg_ok">Certo</string>
    <string name="attention">Atenção</string>
    <string name="loading">Carregando\u2026</string>
    <string name="reset">Reset</string>
    <string name="reset_colors">Redefinir cores</string>
    <string name="reset_android">Android</string>
    <string name="text_title">texto</string>
    <string name="icon_title">Ícone</string>
    <string name="color_title">Cor</string>
    <string name="colors_title">Cores</string>
    <!-- DerpSpace categories -->
    <string name="icons_category">Ícones</string>
    <string name="status_bar_category">Barra de Status</string>
    <string name="notifications_panel_category">Painel de configurações</string>
    <string name="system_category">SISTEMA</string>
    <string name="lockscreen_category">Tela de bloqueio</string>
    <string name="udfps_category">Sub exibição de impressão digital</string>
    <string name="listview">ListView</string>
    <!-- Frags -->
    <!-- General Tweaks -->
    <string name="general_tweaks_title">Configurações gerais</string>
    <!-- Lockscreen UI -->
    <string name="lockscreen_ui_title">Tela de bloqueio</string>
    <!-- Lockscreen general category -->
    <string name="general_category">Gerais</string>
    <!-- Lockscreen charging category -->
    <string name="charging_category">Carregando</string>
    <!-- Quicksettings media category -->
    <string name="media_category">Reprodutor de Mídia</string>
    <!-- Network Traffic -->
    <string name="traffic_title">Indicadores de tráfego</string>
    <!-- Misc DerpSpace -->
    <string name="misc_derpspace_title">Diversos</string>
    <!-- Notifications -->
    <string name="notifications_title">notificações</string>
    <!-- Quick Settings -->
    <string name="quick_settings_title">Configurações Rápidas</string>
    <!-- Status bar clock and date options -->
    <string name="status_bar_clock_title">Relógio &amp; Configurações de data</string>
    <!-- Quick Settings brightness slider -->
    <string name="qs_brightness_slider_category">Controle de brilho</string>
    <!-- Quick Settings footer category -->
    <string name="footer_category">Rodapé</string>
    <!-- Statusbar Iten -->
    <string name="statusbar_items_category">Itens da Statusbar</string>
    <!-- Customisation -->
    <string name="customisation_title">Personalização</string>
    <!-- Battery -->
    <string name="battery_title">Bateria</string>
    <!-- Battery Settings -->
    <string name="battery_settings_title">Configurações da bateria</string>
    <!-- Battery Styles -->
    <string name="battery_style_category_title">Estilos de bateria</string>
    <string name="battery_percent_title">Percentual da bateria</string>
    <!-- App info dialog -->
    <string name="derpspace_dialog_title">Ajude-nos a ajudá-lo!</string>
    <string name="derpspace_dialog_message">Se você encontrar um bug em qualquer uma dessas configurações, reporte no nosso Grupo do Telegram. Você PRECISA incluir o seguinte quando publicar um relatório de bugs:\n\n1. Um logcat ou last_kmsg\n2. Kernel e mods usados\n3. Informações úteis\n\nSe você não relatar algo adequadamente, NÃO espere que as coisas sejam corrigidas.</string>
    <string name="derpspace_dialog_toast">LEIA A MELHORA!</string>
    <string name="artwork_media_fade_level_summary">Desvanecimento da imagem artística de mídia</string>
    <!-- QuickSettings haptic feedback -->
    <string name="qs_tile_vibration_title">Vibração</string>
    <string name="quick_settings_vibrate_title">Vibrar ao tocar</string>
    <string name="quick_settings_vibrate_summary">Vibrar ao tocar as configurações rápidas</string>
    <string name="quick_settings_vibrate_duration_title">Duração da vibração</string>
    <string name="quick_settings_vibrate_duration_summary">Quantos milissegundos para vibrar</string>
    <!-- Tiles animation style  -->
    <string name="qs_tile_animation_title">Animações</string>
    <string name="qs_tile_animation_style_title">Estilo de animação</string>
    <string name="qs_tile_animation_duration_title">Duração da animação</string>
    <string name="qs_tile_animation_interpolator_title">Blocos de animação interpolador</string>
    <string name="qs_tile_animation_style_off">Sem animação</string>
    <string name="qs_tile_animation_style_flip">Inverter</string>
    <string name="qs_tile_animation_style_rotate">Rotacionar</string>
    <string name="qs_tile_animation_duration_low">baixa</string>
    <string name="qs_tile_animation_duration_default">Padrão</string>
    <string name="qs_tile_animation_duration_fast">Rápido</string>
    <string name="qs_tile_animation_interpolator_linearInterpolator">Linear</string>
    <string name="qs_tile_animation_interpolator_accelerateInterpolator">Acelerar</string>
    <string name="qs_tile_animation_interpolator_decelerateInterpolator">Desacelerado</string>
    <string name="qs_tile_animation_interpolator_accelerateDecelerateInterpolator">Acelerar desaceleração</string>
    <string name="qs_tile_animation_interpolator_bounceInterpolator">Quicar</string>
    <string name="qs_tile_animation_interpolator_overshootInterpolator">Adiantado</string>
    <string name="qs_tile_animation_interpolator_anticipateInterpolator">Antecipar</string>
    <string name="qs_tile_animation_interpolator_anticipateOvershootInterpolator">Antecipar ultrapassagem</string>
    <string name="qs_set_animation_style">%1$s</string>
    <string name="qs_set_animation_duration">%1$s</string>
    <string name="qs_set_animation_interpolator">%1$s</string>
    <!-- 4G icon -->
    <string name="show_fourg_icon_title">Icone 4G</string>
    <string name="show_fourg_icon_summary">Exibir ícone 4G no ícone de sinal em vez LTE</string>
    <!-- Data disabled icon -->
    <string name="data_disabled_icon_title">Mostrar ícone de dados desativados</string>
    <string name="data_disabled_icon_summary">Exibir um X junto do ícone de rede quando os dados estiverem desativados</string>
    <!-- QS footer warnings -->
    <string name="qs_footer_warnings_title">Avisos de rodapé QS</string>
    <string name="qs_footer_warnings_summary">Exibir um aviso na parte inferior do painel de configurações rápidas quando a rede é monitorada por aplicativos externos ou VPN</string>
    <!-- Old mobile type icons -->
    <string name="use_old_mobiletype_title">Ícone de tipo móvel pequeno</string>
    <string name="use_old_mobiletype_summary">Mostrar o ícone do tipo móvel no topo do indicador de sinal</string>
    <!-- Lockscreen battery info indicator  -->
    <string name="lockscreen_battery_info_title">Informações do carregamento</string>
    <string name="lockscreen_battery_info_summary">Mostrar corrente/tensão de carregamento, mensagem e temperatura da bateria na tela de bloqueio durante o carregamento</string>
    <!-- Tiles on secure keyguard -->
    <string name="use_tiles_on_secure_keyguard_title">Exigir desbloqueio para usar blocos sensíveis</string>
    <string name="use_tiles_on_secure_keyguard_summary">Pedir para desbloquear a tela de bloqueio quando usar blocos sensíveis</string>
    <!-- QS footer text -->
    <string name="qs_footer_text_show_title">Exibir texto de rodapé QS</string>
    <string name="qs_footer_text_string_title">Personalizar texto do rodapé</string>
    <string name="qs_footer_text_string_summary">Definir como vazio para o padrão #StayDerped</string>
    <!-- Notifications general category -->
    <string name="notifications_general_category_title">Gerais</string>
    <!-- Notification count -->
    <string name="status_bar_notif_count_title">Contagem de notificações</string>
    <string name="status_bar_notif_count_summary">Exibir o número de notificações pendentes</string>
    <!-- Units -->
    <string name="unit_seconds">s</string>
    <string name="unit_milliseconds">ms</string>
    <string name="unit_pixels">dP</string>
    <!-- [CHAR_LIMIT=NONE] Developer Settings: Title of the settings category for theme overlays. -->
    <string name="theme_customization_category">Temas</string>
    <!-- [CHAR_LIMIT=NONE] Developer Settings: Title of the setting which enables overlays to customize headline and body fonts. -->
    <string name="theme_customization_font_title">Título / Fonte do corpo</string>
    <string name="theme_customization_font_summary">Definir estilo da fonte do sistema</string>
    <!-- [CHAR_LIMIT=NONE] Developer Settings: Title of the setting which enables overlays to customize the adaptive icon shape (e.g. launcher and quick settings icons). -->
    <string name="theme_customization_icon_shape_title">Formato dos ícones</string>
    <string name="theme_customization_icon_shape_summary">Definir estilo de forma de ícone do sistema</string>
    <!-- [CHAR_LIMIT=NONE] Developer Settings: Title of the setting which enables overlays to customize the system wide icon pack. -->
    <string name="theme_customization_icon_pack_title">Pacote de ícones</string>
    <string name="theme_customization_icon_pack_summary">Definir estilo do pacote de ícones personalizado</string>
    <!-- [CHAR_LIMIT=NONE] Developer Settings: Label for the option that turns off customizations for a given category.-->
    <string name="theme_customization_device_default">Padrão do dispositivo</string>
    <!-- Custom Wi-Fi bar icons -->
    <string name="theme_customization_wifi_icon_title">Ícone do Wi-Fi</string>
    <string name="theme_customization_wifi_icon_summary">Ajustar estilo de ícone de Wi-Fi</string>
    <!-- Custom Signal bar icons -->
    <string name="theme_customization_signal_icon_title">Ícones de sinal</string>
    <string name="theme_customization_signal_icon_summary">Definir estilo dos ícones de sinal</string>
    <!-- Black theme -->
    <string name="system_black_theme_title">Usar tema preto</string>
    <string name="system_black_theme_summary">Forçar cores de fundo preto</string>
    <!-- UI styles -->
    <string name="theme_customization_ui_style_title">Estilo UI</string>
    <string name="theme_customization_ui_style_summary">Definir estilo personalizado para sua interface</string>
    <!-- Applications fragment -->
    <string name="search">Pesquisa</string>
    <string name="search_apps">Pesquisar aplicativos</string>
    <!-- reTicker -->
    <string name="reticker_title">reTicker</string>
    <string name="reticker_summary">Substitua suas notificações por uma versão redesenhada de tickers. \nSlim e menos invasivo do que uma notificação padrão</string>
    <string name="reticker_colored_title">Usar fundo colorido do app</string>
    <string name="reticker_colored_summary">Substituir a cor de fundo do reTicker usando a cor principal do app de notificação</string>
    <string name="reticker_landscape_only_title">Somente paisagem</string>
    <string name="reticker_landscape_only_summary">Ativar o reTicker apenas quando o dispositivo estiver em modo paisagem</string>
    <!-- Network traffic -->
    <string name="network_traffic_title">Indicador de tráfego de rede</string>
    <string name="network_traffic_summary">Ativar ou desativar o indicador de velocidade de rede na barra de status</string>
    <string name="network_traffic_state_title">Ativar \"Indicador de tráfego de rede\"</string>
    <string name="network_options_title">Opções</string>
    <string name="network_traffic_autohide_title">Ocultar indicador de tráfego de rede quando inativo</string>
    <string name="network_traffic_autohide_summary">Esconder quando o tráfego de rede estiver abaixo de 1 KB/s</string>
    <!-- Media art -->
    <string name="lockscreen_media_art_options_title">Arte da capa</string>
    <string name="media_art_title">Arte da capa</string>
    <string name="media_art_summary">Exibir capa do álbum quando disponível</string>
    <!-- Lock screen cover art -->
    <string name="lockscreen_media_blur_title">Nível de arte da mídia desfoque</string>
    <!-- Clock position -->
    <string name="status_bar_clock_position_center">Centralizar</string>
    <string name="status_bar_clock_position_left">Esquerda</string>
    <string name="status_bar_clock_position_right">Direita</string>
    <string name="status_bar_clock_position_title">Posição do relógio</string>
    <!-- Clock AM/PM -->
    <string name="status_bar_am_pm_hidden">Hidden</string>
    <string name="status_bar_am_pm_normal">normal</string>
    <string name="status_bar_am_pm_small">Pequeno</string>
    <string name="status_bar_am_pm_title">Estilo do relógio AM/PM</string>
    <string name="status_bar_am_pm_unavailable">O relógio 24 horas está ativado</string>
    <!-- Clock show seconds -->
    <string name="status_bar_clock_show_seconds_title">Mostrar segundos no relógio</string>
    <string name="status_bar_clock_show_seconds_desc">Exibir horas, minutos e segundos</string>
    <!-- Battery style and percentage -->
    <string name="status_bar_battery_style_circle">Círculo</string>
    <string name="status_bar_battery_style_icon_portrait">Ícone em retrato</string>
    <string name="status_bar_battery_style_text">texto</string>
    <string name="status_bar_battery_style_title">Estilo da bateria</string>
    <string name="status_bar_battery_percentage_hidden">Hidden</string>
    <string name="status_bar_battery_percentage_text_inside">Dentro do ícone</string>
    <string name="status_bar_battery_percentage_text_next">Ao lado do ícone</string>
    <string name="status_bar_battery_percentage_title">Porcentagem da bateria</string>
    <!-- Brightness slider -->
    <string name="qqs_show_brightness_title">Mostrar controle deslizante de brilho no painel Configurações Rápidas</string>
    <string name="brightness_slider_position_title">Posição do controle deslizante</string>
    <string name="top">Superior</string>
    <string name="bottom">Inferior</string>
    <string name="show_auto_brightness_button_title">Mostrar botão de brilho automático</string>
    <!-- Pulse -->
    <string name="ambient_light_category">Iluminação da borda</string>
    <string name="keywords_pulse_ambient_light_display">notificação, notificações, aresta, luz, cor, cor</string>
    <string name="pulse_ambient_light_text">A iluminação das bordas torna a tela brilhante quando você recebe uma notificação. Isto torna mais fácil de figurar quando você receber um pulso enquanto o telefone está no modo doze.</string>
    <string name="pulse_ambient_light_enable">Usar iluminação da borda</string>
    <string name="pulse_ambient_light_title">Iluminação da borda</string>
    <string name="pulse_ambient_light_summary">Acenda as bordas laterais da tela no pulso de notificação</string>
    <string name="ambient_notification_light_accent_title">Cor dos acentos do sistema</string>
    <string name="ambient_notification_light_color_automatic_title">Cor da notificação</string>
    <string name="pulse_ambient_light_color">Ao pulsar, use</string>
    <!-- QS tiles layout -->
    <string name="qs_tile_layout_title">Layout das configurações rápidas</string>
    <string name="qs_tile_layout_summary">Personalizar o layout dos botões no painel de configurações rápidas</string>
    <string name="qs_tiles_layout_category">Layout dos blocos</string>
    <string name="qs_rows_portrait_title">Linhas (retrato)</string>
    <string name="qqs_rows_portrait_title">Linhas (retrato das configurações rápidas)</string>
    <string name="qs_columns_portrait_title">Colunas (Retrato)</string>
    <string name="qs_apply_change_button_title">Aplicar a alteração</string>
    <string name="qs_apply_change_failed">Falha ao aplicar a alteração</string>
    <string name="qs_tile_hide_label_title">Ocultar os rótulos</string>
    <string name="qs_tile_hide_label_summary">Mostrar apenas ícone para blocos nas configurações rápidas</string>
    <string name="qs_tile_vertical_layout_title">Layout vertical</string>
    <string name="qs_tile_vertical_layout_summary">Ativar o layout vertical para as configurações rápidas</string>
    <!-- Statusbar lyric -->
    <string name="status_bar_lyric_title">Barra de status</string>
    <string name="status_bar_lyric_summary">Mostrar letras na barra de status (precisa de suporte a aplicativos)</string>
    <string name="status_bar_show_lyric_title">Ativar barra de status com letras</string>
    <!-- Statusbar logo -->
    <string name="status_bar_logo_category_title">Logotipo</string>
    <string name="status_bar_logo_title">Logotipo</string>
    <string name="status_bar_logo_summary">Habilitar para exibir logotipo na barra de status</string>
    <string name="status_bar_logo_position_title">Posição</string>
    <string name="status_bar_logo_position_summary">Escolha em qual lado exibir o logotipo, à esquerda ou à direita</string>
    <string name="status_bar_logo_position_right">Direita</string>
    <string name="status_bar_logo_position_left">Esquerda</string>
    <string name="status_bar_logo_style_title">Estilo</string>
    <string name="status_bar_logo_style_derp">DerpFest</string>
    <string name="status_bar_logo_style_derp_alt">Triângulo mais desconhecido</string>
    <string name="status_bar_logo_style_adidas">Adidas</string>
    <string name="status_bar_logo_style_airjordan">Jordânia Aérea</string>
    <string name="status_bar_logo_style_apple">Maçã</string>
    <string name="status_bar_logo_style_avengers">Vingadores</string>
    <string name="status_bar_logo_style_batman">Batman</string>
    <string name="status_bar_logo_style_batman_tdk">Batman O Cavaleiro das Trevas</string>
    <string name="status_bar_logo_style_beats">Batidas</string>
    <string name="status_bar_logo_style_biohazard">Biorisco</string>
    <string name="status_bar_logo_style_blackberry">Amora</string>
    <string name="status_bar_logo_style_cannabis">Maconha</string>
    <string name="status_bar_logo_style_fire">Disparar</string>
    <string name="status_bar_logo_style_nike">Nike</string>
    <string name="status_bar_logo_style_pac_man">Pac-Man</string>
    <string name="status_bar_logo_style_puma">Panorâmica</string>
    <string name="status_bar_logo_style_rog">ROG</string>
    <string name="status_bar_logo_style_superman">Super-Homem</string>
    <string name="status_bar_logo_style_windows">Janelas</string>
    <string name="status_bar_logo_style_xbox">XBOX</string>
    <!-- Pulse music visualizer -->
    <string name="pulse_help_policy_notice_title">Sobre o Pulse</string>
    <string name="pulse_help_policy_notice_summary">Pulse é um visualizador de áudio brilhante quando a música toca no dispositivo</string>
    <string name="pulse_settings">Pulsar</string>
    <string name="pulse_settings_summary">Visualizador de áudio para barra de navegação, tela de bloqueio e ambiente</string>
    <string name="show_navbar_pulse_title">Pulso de Navbar</string>
    <string name="show_navbar_pulse_summary">Visualizador de áudio na barra de navegação</string>
    <string name="show_lockscreen_pulse_title">Pulso da Tela de Bloqueio</string>
    <string name="show_lockscreen_pulse_summary">Visualizador de áudio na tela de bloqueio</string>
    <string name="show_ambient_pulse_title">Pulso ambiente</string>
    <string name="show_ambient_pulse_summary">Visualizador de áudio na tela ambiente</string>
    <string name="pulse_render_mode_title">Modo de Renderização</string>
    <string name="pulse_render_mode_fading_bars">Blocos caindo</string>
    <string name="pulse_render_mode_solid_lines">Linhas sólidas</string>
    <string name="pulse_legacy_mode_advanced_category">Configurações do modo de blocos desvanecentes</string>
    <string name="pulse_custom_fudge_factor">Nível de sanidade</string>
    <string name="pulse_lavalamp_speed_title">Velocidade da lâmpada de lava</string>
    <string name="pulse_solid_units_count">Contagem de linhas sólidas</string>
    <string name="pulse_solid_units_opacity">Opacidade das linhas sólidas</string>
    <string name="pulse_solid_dimen_category">Configurações do modo de linhas sólidas</string>
    <string name="pulse_color_mode_title">Cor</string>
    <string name="pulse_color_accent">Sotaque</string>
    <string name="pulse_color_custom">Personalizado</string>
    <string name="pulse_color_lava_lamp">Lava lamp</string>
    <string name="pulse_color_auto">Álbum</string>
    <string name="pulse_color_user_title">Escolha a cor</string>
    <string name="pulse_smoothing_enabled_title">Ativar suavização</string>
    <string name="pulse_smoothing_enabled_summary">Cada barra é animada mais suavemente</string>
    <string name="pulse_custom_dimen">Bar width</string>
    <string name="pulse_custom_div">Espaçamento da barra</string>
    <string name="pulse_filled_block_size">Tamanho do bloco</string>
    <string name="pulse_empty_block_size">Espaçamento entre blocos</string>
    <string name="pulse_solid_units_rounded_title">Linhas sólidas arredondadas</string>
    <string name="pulse_solid_units_rounded_summary">Arredondar as retas sólidas</string>
    <!-- Udfps animations -->
    <string name="udfps_recog_animation">Usar animação UDFPS</string>
    <string name="udfps_recog_animation_summary">Exibe uma animação ao ler o seu dedo</string>
    <string name="udfps_recog_animation_effect_title">Animação personalizada UDFPS</string>
    <string name="udfps_recog_animation_effect_summary">Escolher efeito de animação</string>
    <!-- Udfps icon picker -->
    <string name="udfps_icon_picker_title">Seletor de ícones UDFPS</string>
    <string name="udfps_icon_picker_summary">Escolha seu ícone de impressão digital favorita</string>
    <!-- Lockscreen charge temperature unit -->
    <string name="lockscreen_charge_temp_unit_title">Unidade de temperatura</string>
    <string name="lockscreen_charge_temp_unit_farhenheit">Fahrenheit</string>
    <string name="lockscreen_charge_temp_unit_celsius">Celsius</string>
    <!-- Material dismiss all button for notifications -->
    <string name="notification_material_dismiss_title">Botão de limpar tudo</string>
    <string name="notification_material_dismiss_summary">Substituir o texto de limpar tudo com o botão de estilo material flutuante</string>
    <string name="notification_material_dismiss_style_title">Estilo do botão</string>
    <string name="notification_material_dismiss_bgstyle_title">Fundo do botão</string>
    <!-- Bluetooth status -->
    <string name="bluetooth_battery_title">Status da bateria Bluetooth</string>
    <string name="bluetooth_battery_summary">Exibir status da bateria para dispositivos bluetooth conectados, se disponíveis</string>
    <!-- Clock auto hide -->
    <string name="status_bar_clock_auto_hide_title">Ocultar automaticamente</string>
    <string name="status_bar_clock_auto_hide_summary">Ocultar relógio se o launcher estiver visível</string>
    <!-- Display Settings: Title of the setting which toggles wallpaper zooming effects on interraction -->
    <string name="wallpaper_zoom_effect_title">Efeito de zoom Wallpaper</string>
    <!-- Display Settings: Subtitle of the setting which toggles wallpaper zooming effects on interraction -->
    <string name="wallpaper_zoom_effect_summary">Amplie o papel de parede para mostrar animação de profundidade do zoom. Papéis de parede podem sofrer uma redução de qualidade</string>
    <!-- Squiggle animation -->
    <string name="show_squiggle_animation_title">Mostrar animação de squiggle</string>
    <string name="show_squiggle_animation_summary">Mostrar animação de squiggle do painel de mídia\nApós a alteração precisar alternar a música, pausar ou mover a barra de progresso para aplicar</string>
    <!-- Ambient battery bar settings -->
    <string name="ambient_ui">Tela ambiente/Sempre ativa</string>
    <string name="ambient_battery_settings_title">Barra de bateria</string>
    <string name="ambient_battery_settings_summary">Exibir a barra de bateria na tela ambiente</string>
    <string name="keyguard_show_battery_title">Barra de bateria ao carregar</string>
    <string name="keyguard_show_battery_summary">Mostrar uma barra de bateria na tela ambiente durante o carregamento</string>
    <string name="keyguard_show_battery_always_title">Sempre mostrar barra de bateria</string>
    <string name="keyguard_show_battery_always_summary">Sempre mostrar uma barra de bateria na tela ambiente</string>
    <!-- Pulse Gravity and mirror options -->
    <string name="pulse_custom_gravity_title">Gravidade</string>
    <string name="pulse_custom_gravity_bottom">Inferior</string>
    <string name="pulse_custom_gravity_top">Superior</string>
    <string name="pulse_custom_gravity_center">Centralizar</string>
    <string name="visualizer_center_mirrored_title">Centro espelhado</string>
    <string name="visualizer_center_mirrored_summary">Definir o visualizador no modo espelhado central</string>
    <string name="pulse_vertical_mirror_title">Espelho Vertical</string>
    <string name="pulse_vertical_mirror_summary">Criar outro pulso e virar verticalmente</string>
    <!-- Ripple Effect on lockscreen -->
    <string name="disable_fingerprint_ripple_effect_title">Desativar efeito cascata</string>
    <string name="disable_fingerprint_ripple_effect_summary">Desativar efeito cascata ao desbloquear</string>
    <!-- Charging animation -->
    <string name="charging_animation_title">Animação de carregamento</string>
    <string name="charging_animation_summary">Exibir uma animação quando o dispositivo estiver conectado</string>
    <!-- Statusbar Clock background chip -->
    <string name="statusbar_clock_chip_title">Ficha de fundo</string>
    <string name="statusbar_clock_chip_summary">Exibir chip acentuado atrás do relógio</string>
    <!-- Hide statusbar on lockscreen -->
    <string name="lockscreen_hide_status_bar_title">Ocultar barra de status</string>
    <string name="lockscreen_hide_status_bar_summary">Quando ativado, statusbar estarão escondido no lockscreen</string>
    <!-- Android P animation style -->
    <string name="pie_animation_style_title">Animação estilo Android P</string>
    <string name="pie_animation_style_summary">Ativar animações \"Padrão\" do Android P</string>
    <!-- Parallel space -->
    <string name="laboratory_parallel_space_title">Espaço paralelo</string>
    <string name="laboratory_parallel_space_summary">Permitir múltiplas instâncias de execução do mesmo aplicativo em paralelo</string>
</resources>
