<?xml version="1.0" encoding="utf-8"?>
<!--  Copyright (C) 2014-2016 The Dirty Unicorns Project
      Copyright (C) 2016 AospExtended ROM Project
      Copyright (C) 2022 DerpFest

  This program is free software: you can redistribute it and/or modify
  it under the terms of the GNU General Public License as published by
  the Free Software Foundation, either version 3 of the License, or
  (at your option) any later version.

  This program is distributed in the hope that it will be useful,
  but WITHOUT ANY WARRANTY; without even the implied warranty of
  MERCHANTABILITY or FITNESS FOR A PARTICULAR PURPOSE.  See the
  GNU General Public License for more details.

  You should have received a copy of the GNU General Public License
  along with this program.  If not, see <http://www.gnu.org/licenses/>.
 -->
<resources xmlns:xliff="urn:oasis:names:tc:xliff:document:1.2">
    <!-- General app strings -->
    <string name="add">Добавить</string>
    <string name="advanced">Расширенные</string>
    <string name="cancel">Отмена</string>
    <string name="default_text">По умолчанию</string>
    <string name="dlg_ok">ОК</string>
    <string name="attention">Внимание</string>
    <string name="loading">Загрузка\u2026</string>
    <string name="reset">Reset</string>
    <string name="reset_colors">Сбросить цвета</string>
    <string name="reset_android">Android</string>
    <string name="text_title">Текст</string>
    <string name="icon_title">Иконка</string>
    <string name="color_title">Цвет</string>
    <string name="colors_title">Цвета</string>
    <!-- DerpSpace categories -->
    <string name="icons_category">Иконки</string>
    <string name="status_bar_category">Строка состояния</string>
    <string name="notifications_panel_category">Панель быстрых настроек</string>
    <string name="system_category">Система</string>
    <string name="lockscreen_category">Экран блокировки</string>
    <string name="udfps_category">заместительный отпечаток пальца</string>
    <string name="listview">Просмотр списков</string>
    <!-- Frags -->
    <!-- General Tweaks -->
    <string name="general_tweaks_title">Общие настройки</string>
    <!-- Lockscreen UI -->
    <string name="lockscreen_ui_title">Панель экрана блокировки</string>
    <!-- Lockscreen general category -->
    <string name="general_category">Общие положения</string>
    <!-- Lockscreen charging category -->
    <string name="charging_category">Зарядка</string>
    <!-- Quicksettings media category -->
    <string name="media_category">Медиапроигрыватель</string>
    <!-- Network Traffic -->
    <string name="traffic_title">Индикаторы трафика</string>
    <!-- Misc DerpSpace -->
    <string name="misc_derpspace_title">Прочие вопросы</string>
    <!-- Notifications -->
    <string name="notifications_title">Уведомления</string>
    <!-- Quick Settings -->
    <string name="quick_settings_title">Быстрые настройки</string>
    <!-- Status bar clock and date options -->
    <string name="status_bar_clock_title">Часы &amp; Настройки даты</string>
    <!-- Quick Settings brightness slider -->
    <string name="qs_brightness_slider_category">Слайдер яркости</string>
    <!-- Quick Settings footer category -->
    <string name="footer_category">Колонтитул</string>
    <!-- Statusbar Iten -->
    <string name="statusbar_items_category">Элементы строки состояния</string>
    <!-- Customisation -->
    <string name="customisation_title">Настройка</string>
    <!-- Battery -->
    <string name="battery_title">Батарея</string>
    <!-- Battery Settings -->
    <string name="battery_settings_title">Настройки батареи</string>
    <!-- Battery Styles -->
    <string name="battery_style_category_title">Стили батареи</string>
    <string name="battery_percent_title">Процент заряда батареи</string>
    <!-- App info dialog -->
    <string name="derpspace_dialog_title">Помогите нам помочь вам!</string>
    <string name="derpspace_dialog_message">Если вы обнаружили ошибку в этих настройках, сообщите об этом в нашей Telegram Group. Вы ДОЛЖНЫ включить при отправке сообщения об ошибке:\n\n1. logcat или last_kmsg\n2. Ядро и моды использовали\n3. Полезная информация\n\nЕсли вы не сообщите о чем-то достаточно, НЕ ожидайте исправления ошибок.</string>
    <string name="derpspace_dialog_toast">ПРОЧИТАЙТЕ ВСЕ ЭТО!</string>
    <string name="artwork_media_fade_level_summary">Затухание изображения медиа-арта</string>
    <!-- QuickSettings haptic feedback -->
    <string name="qs_tile_vibration_title">Вибрация</string>
    <string name="quick_settings_vibrate_title">Вибрация при нажатии</string>
    <string name="quick_settings_vibrate_summary">Вибрировать при касании плиток быстрых настроек</string>
    <string name="quick_settings_vibrate_duration_title">Длительность вибрации</string>
    <string name="quick_settings_vibrate_duration_summary">Количество миллисекунд для вибрации</string>
    <!-- Tiles animation style  -->
    <string name="qs_tile_animation_title">Анимация</string>
    <string name="qs_tile_animation_style_title">Стиль анимации</string>
    <string name="qs_tile_animation_duration_title">Длительность анимации</string>
    <string name="qs_tile_animation_interpolator_title">Интерполятор анимации плиток</string>
    <string name="qs_tile_animation_style_off">Без анимации</string>
    <string name="qs_tile_animation_style_flip">Отражение</string>
    <string name="qs_tile_animation_style_rotate">Повернуть</string>
    <string name="qs_tile_animation_duration_low">Низкий</string>
    <string name="qs_tile_animation_duration_default">По умолчанию</string>
    <string name="qs_tile_animation_duration_fast">Быстрое</string>
    <string name="qs_tile_animation_interpolator_linearInterpolator">Линейный</string>
    <string name="qs_tile_animation_interpolator_accelerateInterpolator">Ускорить</string>
    <string name="qs_tile_animation_interpolator_decelerateInterpolator">Замедлить</string>
    <string name="qs_tile_animation_interpolator_accelerateDecelerateInterpolator">Ускорение замедления</string>
    <string name="qs_tile_animation_interpolator_bounceInterpolator">Отскок</string>
    <string name="qs_tile_animation_interpolator_overshootInterpolator">Перекрытие</string>
    <string name="qs_tile_animation_interpolator_anticipateInterpolator">Опережение</string>
    <string name="qs_tile_animation_interpolator_anticipateOvershootInterpolator">Опережение</string>
    <string name="qs_set_animation_style">%1$s</string>
    <string name="qs_set_animation_duration">%1$s</string>
    <string name="qs_set_animation_interpolator">%1$s</string>
    <!-- 4G icon -->
    <string name="show_fourg_icon_title">4G значок</string>
    <string name="show_fourg_icon_summary">Отображать 4G значок сигнала вместо LTE</string>
    <!-- Data disabled icon -->
    <string name="data_disabled_icon_title">Показывать иконку отключения данных</string>
    <string name="data_disabled_icon_summary">Отображение перекрестного знака рядом со строкой сигнала, когда данные отключены</string>
    <!-- QS footer warnings -->
    <string name="qs_footer_warnings_title">Предупреждения QS нижнего колонтитула</string>
    <string name="qs_footer_warnings_summary">Показывать предупреждение в нижней части панели быстрых настроек, когда сеть контролируется внешними приложениями или vpn</string>
    <!-- Old mobile type icons -->
    <string name="use_old_mobiletype_title">Маленький значок мобильного типа</string>
    <string name="use_old_mobiletype_summary">Показывать значок мобильного типа в верхней части индикатора сигнала</string>
    <!-- Lockscreen battery info indicator  -->
    <string name="lockscreen_battery_info_title">Информация о зарядке на экране блокировки</string>
    <string name="lockscreen_battery_info_summary">Показывать ток зарядки, напряжение, мощность и температуру батареи на экране блокировки во время зарядки</string>
    <!-- Tiles on secure keyguard -->
    <string name="use_tiles_on_secure_keyguard_title">Требуется разблокировка для использования чувствительных плиток</string>
    <string name="use_tiles_on_secure_keyguard_summary">Спрашивать разблокировку экрана блокировки при использовании чувствительных плиток</string>
    <!-- QS footer text -->
    <string name="qs_footer_text_show_title">Показывать текст нижнего колонтитула</string>
    <string name="qs_footer_text_string_title">Настроить текст нижнего колонтитула</string>
    <string name="qs_footer_text_string_summary">Установите флажок для значения по умолчанию #StayDerped</string>
    <!-- Notifications general category -->
    <string name="notifications_general_category_title">Общие положения</string>
    <!-- Notification count -->
    <string name="status_bar_notif_count_title">Счетчик уведомлений</string>
    <string name="status_bar_notif_count_summary">Показывать количество ожидающих уведомлений</string>
    <!-- Units -->
    <string name="unit_seconds">с</string>
    <string name="unit_milliseconds">мс</string>
    <string name="unit_pixels">dp</string>
    <!-- [CHAR_LIMIT=NONE] Developer Settings: Title of the settings category for theme overlays. -->
    <string name="theme_customization_category">Темы</string>
    <!-- [CHAR_LIMIT=NONE] Developer Settings: Title of the setting which enables overlays to customize headline and body fonts. -->
    <string name="theme_customization_font_title">Шрифт заголовка / тела</string>
    <string name="theme_customization_font_summary">Установить стиль шрифта системы</string>
    <!-- [CHAR_LIMIT=NONE] Developer Settings: Title of the setting which enables overlays to customize the adaptive icon shape (e.g. launcher and quick settings icons). -->
    <string name="theme_customization_icon_shape_title">Форма значка</string>
    <string name="theme_customization_icon_shape_summary">Установка стиля системной иконки</string>
    <!-- [CHAR_LIMIT=NONE] Developer Settings: Title of the setting which enables overlays to customize the system wide icon pack. -->
    <string name="theme_customization_icon_pack_title">Набор иконок</string>
    <string name="theme_customization_icon_pack_summary">Установить пользовательский стиль набора значков</string>
    <!-- [CHAR_LIMIT=NONE] Developer Settings: Label for the option that turns off customizations for a given category.-->
    <string name="theme_customization_device_default">По умолчанию</string>
    <!-- Custom Wi-Fi bar icons -->
    <string name="theme_customization_wifi_icon_title">Значок Wi-Fi</string>
    <string name="theme_customization_wifi_icon_summary">Установить стиль значка Wifi</string>
    <!-- Custom Signal bar icons -->
    <string name="theme_customization_signal_icon_title">Значки сигнала</string>
    <string name="theme_customization_signal_icon_summary">Установить стиль значков сигнала</string>
    <!-- Black theme -->
    <string name="system_black_theme_title">Использовать черную тему</string>
    <string name="system_black_theme_summary">Принудительно использовать черный цвет фона</string>
    <!-- UI styles -->
    <string name="theme_customization_ui_style_title">Стиль интерфейса</string>
    <string name="theme_customization_ui_style_summary">Установить пользовательский стиль для интерфейса</string>
    <!-- Applications fragment -->
    <string name="search">Искать</string>
    <string name="search_apps">Поиск приложений</string>
    <!-- reTicker -->
    <string name="reticker_title">reTicker</string>
    <string name="reticker_summary">Замените ваши уведомления переразработанной версией тикеров. \nSlim и менее инвазивный, чем стандартное уведомление</string>
    <string name="reticker_colored_title">Использовать цветной фон приложения</string>
    <string name="reticker_colored_summary">Заменить цвет фона reTicker с помощью цвета основного приложения уведомления</string>
    <string name="reticker_landscape_only_title">Только ландшафтный</string>
    <string name="reticker_landscape_only_summary">Включать reTicker только когда устройство находится в альбомном режиме</string>
    <!-- Network traffic -->
    <string name="network_traffic_title">Индикатор сетевого трафика</string>
    <string name="network_traffic_summary">Включение или отключение индикатора скорости сети в строке состояния</string>
    <string name="network_traffic_state_title">Включить \"Индикатор сетевого трафика\"</string>
    <string name="network_options_title">Варианты</string>
    <string name="network_traffic_autohide_title">Скрыть индикатор сетевого трафика, когда неактивен</string>
    <string name="network_traffic_autohide_summary">Скрывать, когда сетевой трафик ниже 1 КБ/с</string>
    <!-- Media art -->
    <string name="lockscreen_media_art_options_title">Обложка мультимедиа</string>
    <string name="media_art_title">Обложка мультимедиа</string>
    <string name="media_art_summary">Показывать обложку мультимедиа при наличии</string>
    <!-- Lock screen cover art -->
    <string name="lockscreen_media_blur_title">Уровень размытия медиа-арта</string>
    <!-- Clock position -->
    <string name="status_bar_clock_position_center">По центру</string>
    <string name="status_bar_clock_position_left">Слева</string>
    <string name="status_bar_clock_position_right">Справа</string>
    <string name="status_bar_clock_position_title">Позиция часов</string>
    <!-- Clock AM/PM -->
    <string name="status_bar_am_pm_hidden">Hidden</string>
    <string name="status_bar_am_pm_normal">Обычный</string>
    <string name="status_bar_am_pm_small">Маленький</string>
    <string name="status_bar_am_pm_title">Стиль AM/PM</string>
    <string name="status_bar_am_pm_unavailable">24-часовой формат включен</string>
    <!-- Clock show seconds -->
    <string name="status_bar_clock_show_seconds_title">Часы шоу секунд</string>
    <string name="status_bar_clock_show_seconds_desc">Показывать часы, минуты и секунды</string>
    <!-- Battery style and percentage -->
    <string name="status_bar_battery_style_circle">Круг</string>
    <string name="status_bar_battery_style_icon_portrait">Портрет значка</string>
    <string name="status_bar_battery_style_text">Текст</string>
    <string name="status_bar_battery_style_title">Стиль состояния батареи</string>
    <string name="status_bar_battery_percentage_hidden">Hidden</string>
    <string name="status_bar_battery_percentage_text_inside">Внутри значка</string>
    <string name="status_bar_battery_percentage_text_next">Рядом с иконкой</string>
    <string name="status_bar_battery_percentage_title">Процент заряда батареи</string>
    <!-- Brightness slider -->
    <string name="qqs_show_brightness_title">Показывать слайдер яркости в панели быстрых быстрых быстрых настроек</string>
    <string name="brightness_slider_position_title">Положение ползунка яркости</string>
    <string name="top">Сверху</string>
    <string name="bottom">Внизу</string>
    <string name="show_auto_brightness_button_title">Показывать кнопку автояркости</string>
    <!-- Pulse -->
    <string name="ambient_light_category">Световое освещение</string>
    <string name="keywords_pulse_ambient_light_display">уведомления, уведомления, края, светлые, цвет, цвет</string>
    <string name="pulse_ambient_light_text">Экран заставляет экран светиться при получении уведомления. Это облегчает отрисовку при нажатии на пульс, пока телефон работает в режиме Doze.</string>
    <string name="pulse_ambient_light_enable">Использовать края освещения</string>
    <string name="pulse_ambient_light_title">Световое освещение</string>
    <string name="pulse_ambient_light_summary">Подсвечивать края экрана при пульсации уведомлений</string>
    <string name="ambient_notification_light_accent_title">Цвет акцента системы</string>
    <string name="ambient_notification_light_color_automatic_title">Цвет уведомления</string>
    <string name="pulse_ambient_light_color">При пульсации, использовать</string>
    <!-- QS tiles layout -->
    <string name="qs_tile_layout_title">Макет плиток быстрых настроек</string>
    <string name="qs_tile_layout_summary">Настройка макета плиток в панели быстрых настроек</string>
    <string name="qs_tiles_layout_category">Раскладка плиток</string>
    <string name="qs_rows_portrait_title">Строки (портрет)</string>
    <string name="qqs_rows_portrait_title">Строки (Быстрый QS портрет)</string>
    <string name="qs_columns_portrait_title">Столбцы (портрет)</string>
    <string name="qs_apply_change_button_title">Применить изменение</string>
    <string name="qs_apply_change_failed">Не удалось применить изменения</string>
    <string name="qs_tile_hide_label_title">Скрыть метки</string>
    <string name="qs_tile_hide_label_summary">Показывать только иконку для плиток быстрых настроек</string>
    <string name="qs_tile_vertical_layout_title">Вертикальное расположение</string>
    <string name="qs_tile_vertical_layout_summary">Включить вертикальное расположение плиток быстрых настроек</string>
    <!-- Statusbar lyric -->
    <string name="status_bar_lyric_title">Строка состояния</string>
    <string name="status_bar_lyric_summary">Показывать лирику в строке состояния (требуется поддержка приложений)</string>
    <string name="status_bar_show_lyric_title">Включить строку состояния</string>
    <!-- Statusbar logo -->
    <string name="status_bar_logo_category_title">Логотип</string>
    <string name="status_bar_logo_title">Логотип</string>
    <string name="status_bar_logo_summary">Включить отображение логотипа в строке состояния</string>
    <string name="status_bar_logo_position_title">Позиция</string>
    <string name="status_bar_logo_position_summary">Выберите, с какой стороны отображать логотип вправо, влево или вправо</string>
    <string name="status_bar_logo_position_right">Справа</string>
    <string name="status_bar_logo_position_left">Слева</string>
    <string name="status_bar_logo_style_title">Стиль</string>
    <string name="status_bar_logo_style_derp">Дерпфест</string>
    <string name="status_bar_logo_style_derp_alt">Треугольник DerpFest</string>
    <string name="status_bar_logo_style_adidas">Адиды</string>
    <string name="status_bar_logo_style_airjordan">Air Jordan</string>
    <string name="status_bar_logo_style_apple">Яблоко</string>
    <string name="status_bar_logo_style_avengers">Мергеры</string>
    <string name="status_bar_logo_style_batman">Батман</string>
    <string name="status_bar_logo_style_batman_tdk">Батман темный рыцарь</string>
    <string name="status_bar_logo_style_beats">Биты</string>
    <string name="status_bar_logo_style_biohazard">Биоопасность</string>
    <string name="status_bar_logo_style_blackberry">Черная ягода</string>
    <string name="status_bar_logo_style_cannabis">Каннабис</string>
    <string name="status_bar_logo_style_fire">Огонь</string>
    <string name="status_bar_logo_style_nike">Нике</string>
    <string name="status_bar_logo_style_pac_man">Пак-человек</string>
    <string name="status_bar_logo_style_puma">Пума</string>
    <string name="status_bar_logo_style_rog">ROG</string>
    <string name="status_bar_logo_style_superman">Супермен</string>
    <string name="status_bar_logo_style_windows">Окна</string>
    <string name="status_bar_logo_style_xbox">XBOX</string>
    <!-- Pulse music visualizer -->
    <string name="pulse_help_policy_notice_title">О Pulse</string>
    <string name="pulse_help_policy_notice_summary">Pulse - это блестящий визуализатор звука при воспроизведении музыки на устройстве</string>
    <string name="pulse_settings">Пульс</string>
    <string name="pulse_settings_summary">Аудиовизуализатор для навигационной панели, экрана блокировки и экранного экрана</string>
    <string name="show_navbar_pulse_title">Пульс панели навигации</string>
    <string name="show_navbar_pulse_summary">Визуализатор аудио на панели навигации</string>
    <string name="show_lockscreen_pulse_title">Импульс экрана блокировки</string>
    <string name="show_lockscreen_pulse_summary">Аудиовизуализатор на экране блокировки</string>
    <string name="show_ambient_pulse_title">Пульс Ambient</string>
    <string name="show_ambient_pulse_summary">Аудиовизуализатор на экранном экране</string>
    <string name="pulse_render_mode_title">Режим отображения</string>
    <string name="pulse_render_mode_fading_bars">Затухающие блоки</string>
    <string name="pulse_render_mode_solid_lines">Сплошные линии</string>
    <string name="pulse_legacy_mode_advanced_category">Настройки режима затухающих блоков</string>
    <string name="pulse_custom_fudge_factor">Уровень безопасности</string>
    <string name="pulse_lavalamp_speed_title">Скорость лавовой лампы</string>
    <string name="pulse_solid_units_count">Количество сплошных строк</string>
    <string name="pulse_solid_units_opacity">Прозрачность сплошных линий</string>
    <string name="pulse_solid_dimen_category">Настройки режима сплошных линий</string>
    <string name="pulse_color_mode_title">Цвет</string>
    <string name="pulse_color_accent">Акцент</string>
    <string name="pulse_color_custom">Свой</string>
    <string name="pulse_color_lava_lamp">Lava lamp</string>
    <string name="pulse_color_auto">Альбом</string>
    <string name="pulse_color_user_title">Выберите цвет</string>
    <string name="pulse_smoothing_enabled_title">Включить сглаживание</string>
    <string name="pulse_smoothing_enabled_summary">Каждый бар анимирован более гладко</string>
    <string name="pulse_custom_dimen">Bar width</string>
    <string name="pulse_custom_div">Интервал бара</string>
    <string name="pulse_filled_block_size">Размер блока</string>
    <string name="pulse_empty_block_size">Интервал блоков</string>
    <string name="pulse_solid_units_rounded_title">Сплошные округленные линии</string>
    <string name="pulse_solid_units_rounded_summary">Округление сплошных линий</string>
    <!-- Udfps animations -->
    <string name="udfps_recog_animation">Использовать анимацию UDFPS</string>
    <string name="udfps_recog_animation_summary">Показывает анимацию при чтении пальца</string>
    <string name="udfps_recog_animation_effect_title">Пользовательская анимация UDFPS</string>
    <string name="udfps_recog_animation_effect_summary">Выбрать эффект анимации</string>
    <!-- Udfps icon picker -->
    <string name="udfps_icon_picker_title">Выбор значков UDFPS</string>
    <string name="udfps_icon_picker_summary">Выберите любимую иконку отпечатка пальца</string>
    <!-- Lockscreen charge temperature unit -->
    <string name="lockscreen_charge_temp_unit_title">Единица температуры</string>
    <string name="lockscreen_charge_temp_unit_farhenheit">Fahrenheit</string>
    <string name="lockscreen_charge_temp_unit_celsius">Цельсий</string>
    <!-- Material dismiss all button for notifications -->
    <string name="notification_material_dismiss_title">Кнопка \"Очистить все\"</string>
    <string name="notification_material_dismiss_summary">Заменить весь текст уведомления плавающей кнопкой в стиле материала</string>
    <string name="notification_material_dismiss_style_title">Стиль кнопки</string>
    <string name="notification_material_dismiss_bgstyle_title">Фон кнопки</string>
    <!-- Bluetooth status -->
    <string name="bluetooth_battery_title">Состояние батареи Bluetooth</string>
    <string name="bluetooth_battery_summary">Отображение состояния батареи подключенных Bluetooth устройств, если доступно</string>
    <!-- Clock auto hide -->
    <string name="status_bar_clock_auto_hide_title">Автоскрытие</string>
    <string name="status_bar_clock_auto_hide_summary">Скрыть часы, если лаунчер видим</string>
    <!-- Display Settings: Title of the setting which toggles wallpaper zooming effects on interraction -->
    <string name="wallpaper_zoom_effect_title">Эффект масштаба обоев</string>
    <!-- Display Settings: Subtitle of the setting which toggles wallpaper zooming effects on interraction -->
    <string name="wallpaper_zoom_effect_summary">Масштабирование обоев для показа анимации глубины увеличения. Обои могут ухудшить качество</string>
    <!-- Squiggle animation -->
    <string name="show_squiggle_animation_title">Показать анимацию ползунка</string>
    <string name="show_squiggle_animation_summary">Показывать анимацию squiggle медиа панели\nПосле изменения необходимо переключить музыку, приостановить музыку или переместить индикатор прогресса, чтобы применить</string>
    <!-- Ambient battery bar settings -->
    <string name="ambient_ui">Ambient/Always on display</string>
    <string name="ambient_battery_settings_title">Панель батареи</string>
    <string name="ambient_battery_settings_summary">Отображать панель батареи на ambient дисплее</string>
    <string name="keyguard_show_battery_title">Индикатор батареи во время зарядки</string>
    <string name="keyguard_show_battery_summary">Показывать панель батареи на ambient дисплее во время зарядки</string>
    <string name="keyguard_show_battery_always_title">Всегда показывать панель батареи</string>
    <string name="keyguard_show_battery_always_summary">Всегда показывать панель батареи на ambient дисплее</string>
    <!-- Pulse Gravity and mirror options -->
    <string name="pulse_custom_gravity_title">Гравитация</string>
    <string name="pulse_custom_gravity_bottom">Внизу</string>
    <string name="pulse_custom_gravity_top">Сверху</string>
    <string name="pulse_custom_gravity_center">По центру</string>
    <string name="visualizer_center_mirrored_title">По центру зеркально</string>
    <string name="visualizer_center_mirrored_summary">Установить визуализатор в режиме зеркалирования в центре</string>
    <string name="pulse_vertical_mirror_title">Вертикальное зеркало</string>
    <string name="pulse_vertical_mirror_summary">Создать другой импульс и перевернуть вертикально</string>
    <!-- Ripple Effect on lockscreen -->
    <string name="disable_fingerprint_ripple_effect_title">Отключить эффект пульсации</string>
    <string name="disable_fingerprint_ripple_effect_summary">Отключить пульсационный эффект при разблокировке</string>
    <!-- Charging animation -->
    <string name="charging_animation_title">Анимация зарядки</string>
    <string name="charging_animation_summary">Показывать анимацию, когда устройство подключено</string>
    <!-- Statusbar Clock background chip -->
    <string name="statusbar_clock_chip_title">Фоновая фишка</string>
    <string name="statusbar_clock_chip_summary">Отображать акцентированный фишку позади часов</string>
    <!-- Hide statusbar on lockscreen -->
    <string name="lockscreen_hide_status_bar_title">Скрыть строку состояния</string>
    <string name="lockscreen_hide_status_bar_summary">Если включено, строка состояния будет скрыта на экране блокировки</string>
    <!-- Android P animation style -->
    <string name="pie_animation_style_title">Стиль анимации Android P</string>
    <string name="pie_animation_style_summary">Включить анимацию Android P «По умолчанию»</string>
    <!-- Parallel space -->
    <string name="laboratory_parallel_space_title">Параллельное пространство</string>
    <string name="laboratory_parallel_space_summary">Разрешить запуск нескольких экземпляров одного приложения параллельно</string>
</resources>
