<?xml version="1.0" encoding="utf-8"?>
<!--  Copyright (C) 2014-2016 The Dirty Unicorns Project
      Copyright (C) 2016 AospExtended ROM Project
      Copyright (C) 2022 DerpFest

  This program is free software: you can redistribute it and/or modify
  it under the terms of the GNU General Public License as published by
  the Free Software Foundation, either version 3 of the License, or
  (at your option) any later version.

  This program is distributed in the hope that it will be useful,
  but WITHOUT ANY WARRANTY; without even the implied warranty of
  MERCHANTABILITY or FITNESS FOR A PARTICULAR PURPOSE.  See the
  GNU General Public License for more details.

  You should have received a copy of the GNU General Public License
  along with this program.  If not, see <http://www.gnu.org/licenses/>.
 -->
<resources xmlns:xliff="urn:oasis:names:tc:xliff:document:1.2">
    <!-- General app strings -->
    <string name="add">Eklemek</string>
    <string name="advanced">Gelişmiş</string>
    <string name="cancel">İptal etmek</string>
    <string name="default_text">Varsayılan</string>
    <string name="dlg_ok">Tamam</string>
    <string name="attention">Dikkat</string>
    <string name="loading">\u2026yükleniyor</string>
    <string name="reset">Sıfırla</string>
    <string name="reset_colors">Renkleri sıfırla</string>
    <string name="reset_android">Android</string>
    <string name="text_title">Metin</string>
    <string name="icon_title">Simge</string>
    <string name="color_title">Renk</string>
    <string name="colors_title">Renkler</string>
    <!-- DerpSpace categories -->
    <string name="icons_category">simgeler</string>
    <string name="status_bar_category">Durum çubuğu</string>
    <string name="notifications_panel_category">QS paneli</string>
    <string name="system_category">Sistem</string>
    <string name="lockscreen_category">Kilit ekranı</string>
    <string name="udfps_category">Ekran altı parmak izi</string>
    <string name="listview">Liste görünümü</string>
    <!-- Frags -->
    <!-- General Tweaks -->
    <string name="general_tweaks_title">Genel Ayarlar</string>
    <!-- Lockscreen UI -->
    <string name="lockscreen_ui_title">Kilit ekranı kullanıcı arayüzü</string>
    <!-- Lockscreen general category -->
    <string name="general_category">Genel</string>
    <!-- Lockscreen charging category -->
    <string name="charging_category">Doluyor</string>
    <!-- Quicksettings media category -->
    <string name="media_category">Medya oynatıcı</string>
    <!-- Network Traffic -->
    <string name="traffic_title">Trafik Göstergeleri</string>
    <!-- Misc DerpSpace -->
    <string name="misc_derpspace_title">Çeşitli</string>
    <!-- Notifications -->
    <string name="notifications_title">Bildirimler</string>
    <!-- Quick Settings -->
    <string name="quick_settings_title">Hızlı Ayarlar</string>
    <!-- Status bar clock and date options -->
    <string name="status_bar_clock_title">Saat &amp; Tarih Ayarları</string>
    <!-- Quick Settings brightness slider -->
    <string name="qs_brightness_slider_category">Parlaklık kaydırıcısı</string>
    <!-- Quick Settings footer category -->
    <string name="footer_category">Altbilgi</string>
    <!-- Statusbar Iten -->
    <string name="statusbar_items_category">Durum Çubuğu Öğeleri</string>
    <!-- Customisation -->
    <string name="customisation_title">özelleştirme</string>
    <!-- Battery -->
    <string name="battery_title">Pil</string>
    <!-- Battery Settings -->
    <string name="battery_settings_title">Pil Ayarları</string>
    <!-- Battery Styles -->
    <string name="battery_style_category_title">Pil Stilleri</string>
    <string name="battery_percent_title">Pil yüzdesi</string>
    <!-- App info dialog -->
    <string name="derpspace_dialog_title">Size yardım etmemize yardım edin!</string>
    <string name="derpspace_dialog_message">Bu ayarlardan herhangi birinde bir hata bulursanız, bunu Telegram Grubumuzda bildirin. Bir hata raporu gönderirken aşağıdakileri eklemeniz GEREKİR:\n\n1. Bir logcat veya last_kmsg\n2. Kullanılan çekirdek ve modlar\n3. Yararlı bilgiler\n\nBir şeyi yeterince rapor edemezseniz, bir şeylerin düzeltilmesini BEKLEMEYİN.</string>
    <string name="derpspace_dialog_toast">TÜMÜNÜ OKUYUN!</string>
    <string name="artwork_media_fade_level_summary">Medya resmi görüntüsünün soldurulması</string>
    <!-- QuickSettings haptic feedback -->
    <string name="qs_tile_vibration_title">Titreşim</string>
    <string name="quick_settings_vibrate_title">Dokunulduğunda titreşimle</string>
    <string name="quick_settings_vibrate_summary">QS kutucuklarına dokunurken titret</string>
    <string name="quick_settings_vibrate_duration_title">titreşim süresi</string>
    <string name="quick_settings_vibrate_duration_summary">Titreşmek için kaç milisaniye</string>
    <!-- Tiles animation style  -->
    <string name="qs_tile_animation_title">Animasyonlar</string>
    <string name="qs_tile_animation_style_title">Animasyon stili</string>
    <string name="qs_tile_animation_duration_title">Animasyon süresi</string>
    <string name="qs_tile_animation_interpolator_title">Fayans animasyon enterpolatörü</string>
    <string name="qs_tile_animation_style_off">animasyon yok</string>
    <string name="qs_tile_animation_style_flip">çevir</string>
    <string name="qs_tile_animation_style_rotate">Döndür</string>
    <string name="qs_tile_animation_duration_low">Düşük</string>
    <string name="qs_tile_animation_duration_default">Varsayılan</string>
    <string name="qs_tile_animation_duration_fast">Hızlı</string>
    <string name="qs_tile_animation_interpolator_linearInterpolator">Doğrusal</string>
    <string name="qs_tile_animation_interpolator_accelerateInterpolator">Hızlanmak</string>
    <string name="qs_tile_animation_interpolator_decelerateInterpolator">Yavaşla</string>
    <string name="qs_tile_animation_interpolator_accelerateDecelerateInterpolator">Hızlandır yavaşla</string>
    <string name="qs_tile_animation_interpolator_bounceInterpolator">Sıçrama</string>
    <string name="qs_tile_animation_interpolator_overshootInterpolator">Aşma</string>
    <string name="qs_tile_animation_interpolator_anticipateInterpolator">Beklemek</string>
    <string name="qs_tile_animation_interpolator_anticipateOvershootInterpolator">Aşımı tahmin et</string>
    <string name="qs_set_animation_style">%1$s</string>
    <string name="qs_set_animation_duration">%1$s</string>
    <string name="qs_set_animation_interpolator">%1$s</string>
    <!-- 4G icon -->
    <string name="show_fourg_icon_title">4G simgesi</string>
    <string name="show_fourg_icon_summary">Sinyal simgesinde LTE yerine 4G simgesini görüntüleyin</string>
    <!-- Data disabled icon -->
    <string name="data_disabled_icon_title">Veri devre dışı simgesini göster</string>
    <string name="data_disabled_icon_summary">Veri devre dışı bırakıldığında sinyal çubuğunun yanında çarpı işaretini görüntüleyin</string>
    <!-- QS footer warnings -->
    <string name="qs_footer_warnings_title">QS alt bilgi uyarıları</string>
    <string name="qs_footer_warnings_summary">Ağ harici uygulamalar veya vpn tarafından izlendiğinde QS panelinin altında bir uyarı görüntüleyin</string>
    <!-- Old mobile type icons -->
    <string name="use_old_mobiletype_title">Küçük mobil tip simgesi</string>
    <string name="use_old_mobiletype_summary">Sinyal göstergesinin üstünde mobil tip simgesini göster</string>
    <!-- Lockscreen battery info indicator  -->
    <string name="lockscreen_battery_info_title">Kilit ekranı şarj bilgisi</string>
    <string name="lockscreen_battery_info_summary">Şarj olurken şarj akımını, voltajı, gücü ve pil sıcaklığını kilit ekranında gösterin</string>
    <!-- Tiles on secure keyguard -->
    <string name="use_tiles_on_secure_keyguard_title">Hassas döşemeleri kullanmak için kilit açmayı gerektir</string>
    <string name="use_tiles_on_secure_keyguard_summary">Hassas döşemeleri kullanırken kilit ekranının kilidini açmayı isteyin</string>
    <!-- QS footer text -->
    <string name="qs_footer_text_show_title">QS alt bilgi metnini göster</string>
    <string name="qs_footer_text_string_title">Altbilgi metnini özelleştir</string>
    <string name="qs_footer_text_string_summary">Varsayılan #StayDerped için boş olarak ayarlayın</string>
    <!-- Notifications general category -->
    <string name="notifications_general_category_title">Genel</string>
    <!-- Notification count -->
    <string name="status_bar_notif_count_title">Bildirim sayısı</string>
    <string name="status_bar_notif_count_summary">Bekleyen bildirimlerin sayısını göster</string>
    <!-- Units -->
    <string name="unit_seconds">s</string>
    <string name="unit_milliseconds">Hanım</string>
    <string name="unit_pixels">dp</string>
    <!-- [CHAR_LIMIT=NONE] Developer Settings: Title of the settings category for theme overlays. -->
    <string name="theme_customization_category">Tema</string>
    <!-- [CHAR_LIMIT=NONE] Developer Settings: Title of the setting which enables overlays to customize headline and body fonts. -->
    <string name="theme_customization_font_title">Başlık / Gövde yazı tipi</string>
    <string name="theme_customization_font_summary">Sistem yazı tipi stilini ayarla</string>
    <!-- [CHAR_LIMIT=NONE] Developer Settings: Title of the setting which enables overlays to customize the adaptive icon shape (e.g. launcher and quick settings icons). -->
    <string name="theme_customization_icon_shape_title">simge şekli</string>
    <string name="theme_customization_icon_shape_summary">Sistem simgesi şekil stilini ayarla</string>
    <!-- [CHAR_LIMIT=NONE] Developer Settings: Title of the setting which enables overlays to customize the system wide icon pack. -->
    <string name="theme_customization_icon_pack_title">simge paketi</string>
    <string name="theme_customization_icon_pack_summary">Özel simge paketi stilini ayarla</string>
    <!-- [CHAR_LIMIT=NONE] Developer Settings: Label for the option that turns off customizations for a given category.-->
    <string name="theme_customization_device_default">Cihaz varsayılanı</string>
    <!-- Custom Wi-Fi bar icons -->
    <string name="theme_customization_wifi_icon_title">Wi-Fi simgesi</string>
    <string name="theme_customization_wifi_icon_summary">Wifi simgesi stilini ayarla</string>
    <!-- Custom Signal bar icons -->
    <string name="theme_customization_signal_icon_title">Sinyal simgeleri</string>
    <string name="theme_customization_signal_icon_summary">Sinyal simgeleri stilini ayarla</string>
    <!-- Black theme -->
    <string name="system_black_theme_title">Siyah temayı kullan</string>
    <string name="system_black_theme_summary">Siyah arka plan renklerini zorla</string>
    <!-- UI styles -->
    <string name="theme_customization_ui_style_title">Kullanıcı Arayüzü Stili</string>
    <string name="theme_customization_ui_style_summary">Arayüzünüz için özel stil belirleyin</string>
    <!-- Applications fragment -->
    <string name="search">Aramak</string>
    <string name="search_apps">Uygulama ara</string>
    <!-- reTicker -->
    <string name="reticker_title">reTicker</string>
    <string name="reticker_summary">Bildirimlerinizi, bildirimlerin yeniden tasarlanmış bir sürümüyle değiştirin. \nİnce ve standart bir bildirimden daha az müdahaleci</string>
    <string name="reticker_colored_title">Uygulama renkli arka planı kullan</string>
    <string name="reticker_colored_summary">Bildirim uygulaması ana rengini kullanarak reTicker arka plan rengini değiştirin</string>
    <string name="reticker_landscape_only_title">Yalnızca manzara</string>
    <string name="reticker_landscape_only_summary">reTicker\'ı yalnızca cihaz yatay moddayken etkinleştirin</string>
    <!-- Network traffic -->
    <string name="network_traffic_title">Ağ trafiği göstergesi</string>
    <string name="network_traffic_summary">Durum çubuğunda ağ hızı göstergesini etkinleştirin veya devre dışı bırakın</string>
    <string name="network_traffic_state_title">\"Ağ trafiği göstergesini\" etkinleştirin</string>
    <string name="network_options_title">Seçenekler</string>
    <string name="network_traffic_autohide_title">Etkin olmadığında ağ trafiği göstergesini gizle</string>
    <string name="network_traffic_autohide_summary">Ağ trafiği 1 KB/sn\'nin altında olduğunda gizle</string>
    <!-- Media art -->
    <string name="lockscreen_media_art_options_title">Medya kapak resmi</string>
    <string name="media_art_title">Medya kapak resmi</string>
    <string name="media_art_summary">Mümkün olduğunda medya kapak resmini görüntüleyin</string>
    <!-- Lock screen cover art -->
    <string name="lockscreen_media_blur_title">Medya sanatı bulanıklık düzeyi</string>
    <!-- Clock position -->
    <string name="status_bar_clock_position_center">Merkez</string>
    <string name="status_bar_clock_position_left">Sol</string>
    <string name="status_bar_clock_position_right">Doğru</string>
    <string name="status_bar_clock_position_title">Saat konumu</string>
    <!-- Clock AM/PM -->
    <string name="status_bar_am_pm_hidden">Gizlenmiş</string>
    <string name="status_bar_am_pm_normal">Normal</string>
    <string name="status_bar_am_pm_small">Küçük</string>
    <string name="status_bar_am_pm_title">Saat AM/PM stili</string>
    <string name="status_bar_am_pm_unavailable">24 saatlik sistem etkin</string>
    <!-- Clock show seconds -->
    <string name="status_bar_clock_show_seconds_title">Saat saniye gösterir</string>
    <string name="status_bar_clock_show_seconds_desc">Saatleri, dakikaları ve saniyeleri göster</string>
    <!-- Battery style and percentage -->
    <string name="status_bar_battery_style_circle">Daire</string>
    <string name="status_bar_battery_style_icon_portrait">simge portre</string>
    <string name="status_bar_battery_style_text">Metin</string>
    <string name="status_bar_battery_style_title">Pil durumu stili</string>
    <string name="status_bar_battery_percentage_hidden">Gizlenmiş</string>
    <string name="status_bar_battery_percentage_text_inside">Simgenin içinde</string>
    <string name="status_bar_battery_percentage_text_next">simgenin yanında</string>
    <string name="status_bar_battery_percentage_title">Batarya yüzdesi</string>
    <!-- Brightness slider -->
    <string name="qqs_show_brightness_title">Quick QS panelinde parlaklık kaydırıcısını göster</string>
    <string name="brightness_slider_position_title">Parlaklık kaydırıcı konumu</string>
    <string name="top">Tepe</string>
    <string name="bottom">Alt kısım</string>
    <string name="show_auto_brightness_button_title">Otomatik parlaklık düğmesini göster</string>
    <!-- Pulse -->
    <string name="ambient_light_category">Kenar aydınlatması</string>
    <string name="keywords_pulse_ambient_light_display">bildirim, bildirimler, kenar, ışık, renk, renk</string>
    <string name="pulse_ambient_light_text">Kenar aydınlatması, bir bildirim aldığınızda ekranınızın parlamasını sağlar. Bu, telefon uyku modundayken nabız attığınızı anlamayı kolaylaştırır.</string>
    <string name="pulse_ambient_light_enable">Kenar aydınlatmasını kullan</string>
    <string name="pulse_ambient_light_title">Kenar aydınlatması</string>
    <string name="pulse_ambient_light_summary">Bildirim darbesinde ekranın yan kenarlarını aydınlatın</string>
    <string name="ambient_notification_light_accent_title">Sistem vurgu rengi</string>
    <string name="ambient_notification_light_color_automatic_title">bildirim rengi</string>
    <string name="pulse_ambient_light_color">Titreşim sırasında, kullanın</string>
    <!-- QS tiles layout -->
    <string name="qs_tile_layout_title">QS döşeme düzeni</string>
    <string name="qs_tile_layout_summary">QS panelinde kutucuk düzenini özelleştirin</string>
    <string name="qs_tiles_layout_category">Fayans düzeni</string>
    <string name="qs_rows_portrait_title">Satırlar (Portre)</string>
    <string name="qqs_rows_portrait_title">Satırlar (Hızlı QS portresi)</string>
    <string name="qs_columns_portrait_title">Sütunlar (Dikey)</string>
    <string name="qs_apply_change_button_title">Değişikliği uygula</string>
    <string name="qs_apply_change_failed">Değişiklik uygulanamadı</string>
    <string name="qs_tile_hide_label_title">Etiketleri gizle</string>
    <string name="qs_tile_hide_label_summary">Yalnızca QS kutucukları için simgeyi göster</string>
    <string name="qs_tile_vertical_layout_title">Dikey düzen</string>
    <string name="qs_tile_vertical_layout_summary">QS kutucukları için dikey düzeni etkinleştir</string>
    <!-- Statusbar lyric -->
    <string name="status_bar_lyric_title">Durum çubuğu şarkı sözü</string>
    <string name="status_bar_lyric_summary">Şarkı sözlerini durum çubuğunda göster (uygulama desteğine ihtiyacınız var)</string>
    <string name="status_bar_show_lyric_title">Durum çubuğu şarkı sözünü etkinleştir</string>
    <!-- Statusbar logo -->
    <string name="status_bar_logo_category_title">Logo</string>
    <string name="status_bar_logo_title">Logo</string>
    <string name="status_bar_logo_summary">Durum çubuğunda logoyu görüntülemeyi etkinleştir</string>
    <string name="status_bar_logo_position_title">Konum</string>
    <string name="status_bar_logo_position_summary">Logonun hangi tarafta, solda veya sağda görüntüleneceğini seçin</string>
    <string name="status_bar_logo_position_right">Doğru</string>
    <string name="status_bar_logo_position_left">Sol</string>
    <string name="status_bar_logo_style_title">stil</string>
    <string name="status_bar_logo_style_derp">DerpFest</string>
    <string name="status_bar_logo_style_derp_alt">DerpFest üçgeni</string>
    <string name="status_bar_logo_style_adidas">adidas</string>
    <string name="status_bar_logo_style_airjordan">hava ürdün</string>
    <string name="status_bar_logo_style_apple">Elma</string>
    <string name="status_bar_logo_style_avengers">İntikamcılar</string>
    <string name="status_bar_logo_style_batman">yarasa Adam</string>
    <string name="status_bar_logo_style_batman_tdk">Batman karanlık şövalye</string>
    <string name="status_bar_logo_style_beats">Vuruşlar</string>
    <string name="status_bar_logo_style_biohazard">biyolojik tehlike</string>
    <string name="status_bar_logo_style_blackberry">Böğürtlen</string>
    <string name="status_bar_logo_style_cannabis">esrar</string>
    <string name="status_bar_logo_style_fire">Ateş</string>
    <string name="status_bar_logo_style_nike">Nike</string>
    <string name="status_bar_logo_style_pac_man">Pac-Man</string>
    <string name="status_bar_logo_style_puma">Puma</string>
    <string name="status_bar_logo_style_rog">ROG</string>
    <string name="status_bar_logo_style_superman">Süpermen</string>
    <string name="status_bar_logo_style_windows">pencereler</string>
    <string name="status_bar_logo_style_xbox">XBOX</string>
    <!-- Pulse music visualizer -->
    <string name="pulse_help_policy_notice_title">Nabız Hakkında</string>
    <string name="pulse_help_policy_notice_summary">Pulse, cihazda müzik çalarken mükemmel bir görselleştiricidir.</string>
    <string name="pulse_settings">Nabız</string>
    <string name="pulse_settings_summary">Gezinme çubuğu, kilit ekranı ve ortam ekranı için ses görselleştirici</string>
    <string name="show_navbar_pulse_title">Navbar Nabzı</string>
    <string name="show_navbar_pulse_summary">Gezinme çubuğundaki ses görselleştirici</string>
    <string name="show_lockscreen_pulse_title">Kilit Ekranı Nabzı</string>
    <string name="show_lockscreen_pulse_summary">Kilit ekranında ses görselleştirici</string>
    <string name="show_ambient_pulse_title">Ortam Nabzı</string>
    <string name="show_ambient_pulse_summary">Ambiyans ekranında ses görselleştirici</string>
    <string name="pulse_render_mode_title">Oluşturma modu</string>
    <string name="pulse_render_mode_fading_bars">Solan bloklar</string>
    <string name="pulse_render_mode_solid_lines">Kesintisiz çizgiler</string>
    <string name="pulse_legacy_mode_advanced_category">Fading blokları modu ayarları</string>
    <string name="pulse_custom_fudge_factor">akıl sağlığı seviyesi</string>
    <string name="pulse_lavalamp_speed_title">Lav lambası hızı</string>
    <string name="pulse_solid_units_count">Kesintisiz çizgiler sayısı</string>
    <string name="pulse_solid_units_opacity">Kesintisiz çizgiler opaklığı</string>
    <string name="pulse_solid_dimen_category">Kesintisiz çizgiler modu ayarları</string>
    <string name="pulse_color_mode_title">Renk</string>
    <string name="pulse_color_accent">Aksan</string>
    <string name="pulse_color_custom">Gelenek</string>
    <string name="pulse_color_lava_lamp">lav lambası</string>
    <string name="pulse_color_auto">Albüm</string>
    <string name="pulse_color_user_title">Renk seç</string>
    <string name="pulse_smoothing_enabled_title">Düzleştirmeyi aç</string>
    <string name="pulse_smoothing_enabled_summary">Her çubuk daha düzgün bir şekilde canlandırılır</string>
    <string name="pulse_custom_dimen">Çubuk genişliği</string>
    <string name="pulse_custom_div">Çubuk aralığı</string>
    <string name="pulse_filled_block_size">Blok boyutu</string>
    <string name="pulse_empty_block_size">Blok aralığı</string>
    <string name="pulse_solid_units_rounded_title">Kesintisiz çizgiler yuvarlatılmış</string>
    <string name="pulse_solid_units_rounded_summary">Kesintisiz çizgileri yuvarlayın</string>
    <!-- Udfps animations -->
    <string name="udfps_recog_animation">UDFPS animasyonunu kullan</string>
    <string name="udfps_recog_animation_summary">Parmağınızı okurken bir animasyon gösterir</string>
    <string name="udfps_recog_animation_effect_title">UDFPS özel animasyonu</string>
    <string name="udfps_recog_animation_effect_summary">Animasyon efekti seçin</string>
    <!-- Udfps icon picker -->
    <string name="udfps_icon_picker_title">UDFPS simge seçici</string>
    <string name="udfps_icon_picker_summary">Favori parmak izi simgenizi seçin</string>
    <!-- Lockscreen charge temperature unit -->
    <string name="lockscreen_charge_temp_unit_title">Sıcaklık birimi</string>
    <string name="lockscreen_charge_temp_unit_farhenheit">fahrenhayt</string>
    <string name="lockscreen_charge_temp_unit_celsius">Santigrat</string>
    <!-- Material dismiss all button for notifications -->
    <string name="notification_material_dismiss_title">Tüm bildirimleri temizle düğmesi</string>
    <string name="notification_material_dismiss_summary">Tüm bildirim metnini temizle malzeme stili kayan düğmesiyle değiştirin</string>
    <string name="notification_material_dismiss_style_title">Düğme stili</string>
    <string name="notification_material_dismiss_bgstyle_title">düğme arka planı</string>
    <!-- Bluetooth status -->
    <string name="bluetooth_battery_title">Bluetooth pil durumu</string>
    <string name="bluetooth_battery_summary">Varsa, bağlı bluetooth cihazı için pil durumunu görüntüleyin</string>
    <!-- Clock auto hide -->
    <string name="status_bar_clock_auto_hide_title">Otomatik gizleme</string>
    <string name="status_bar_clock_auto_hide_summary">Başlatıcı görünüyorsa saati gizle</string>
    <!-- Display Settings: Title of the setting which toggles wallpaper zooming effects on interraction -->
    <string name="wallpaper_zoom_effect_title">Duvar kağıdı yakınlaştırma efekti</string>
    <!-- Display Settings: Subtitle of the setting which toggles wallpaper zooming effects on interraction -->
    <string name="wallpaper_zoom_effect_summary">Uzaklaştırma derinliği animasyonunu göstermek için duvar kağıdını yakınlaştırın. Duvar kağıtları kalite düşüşü yaşayabilir</string>
    <!-- Squiggle animation -->
    <string name="show_squiggle_animation_title">Dalgalı çizgi animasyonunu göster</string>
    <string name="show_squiggle_animation_summary">Medya paneli dalgalanma animasyonunu göster\nDeğişiklikten sonra müziği değiştirmek, müziği duraklatmak veya ilerleme çubuğunu hareket ettirmek için uygulamak gerekir</string>
    <!-- Ambient battery bar settings -->
    <string name="ambient_ui">Ortam/Her zaman ekranda</string>
    <string name="ambient_battery_settings_title">Pil çubuğu</string>
    <string name="ambient_battery_settings_summary">Ortam ekranında bir pil çubuğu görüntüleyin</string>
    <string name="keyguard_show_battery_title">Şarj olurken pil çubuğu</string>
    <string name="keyguard_show_battery_summary">Şarj olurken ortam ekranında bir pil çubuğu göster</string>
    <string name="keyguard_show_battery_always_title">Pil çubuğunu her zaman göster</string>
    <string name="keyguard_show_battery_always_summary">Ortam ekranında her zaman bir pil çubuğu göster</string>
    <!-- Pulse Gravity and mirror options -->
    <string name="pulse_custom_gravity_title">Yer çekimi</string>
    <string name="pulse_custom_gravity_bottom">Alt kısım</string>
    <string name="pulse_custom_gravity_top">Tepe</string>
    <string name="pulse_custom_gravity_center">merkez</string>
    <string name="visualizer_center_mirrored_title">Merkez aynalı</string>
    <string name="visualizer_center_mirrored_summary">Görselleştiriciyi merkez ikizleme moduna ayarlayın</string>
    <string name="pulse_vertical_mirror_title">Dikey Ayna</string>
    <string name="pulse_vertical_mirror_summary">Başka darbe oluştur ve dikey olarak çevir</string>
    <!-- Ripple Effect on lockscreen -->
    <string name="disable_fingerprint_ripple_effect_title">Dalgalanma efektini devre dışı bırak</string>
    <string name="disable_fingerprint_ripple_effect_summary">Kilidi açarken dalgalanma efektini devre dışı bırak</string>
    <!-- Charging animation -->
    <string name="charging_animation_title">Şarj animasyonu</string>
    <string name="charging_animation_summary">Cihaz prize takıldığında bir animasyon göster</string>
    <!-- Statusbar Clock background chip -->
    <string name="statusbar_clock_chip_title">arka plan çipi</string>
    <string name="statusbar_clock_chip_summary">Aksanlı çipi saatin arkasında göster</string>
    <!-- Hide statusbar on lockscreen -->
    <string name="lockscreen_hide_status_bar_title">Durum çubuğunu gizle</string>
    <string name="lockscreen_hide_status_bar_summary">Etkinleştirildiğinde, durum çubuğu kilit ekranında gizlenecek</string>
    <!-- Android P animation style -->
    <string name="pie_animation_style_title">Android P animasyon stili</string>
    <string name="pie_animation_style_summary">Android P \"Varsayılan\" animasyonlarını etkinleştir</string>
    <!-- Parallel space -->
    <string name="laboratory_parallel_space_title">paralel uzay</string>
    <string name="laboratory_parallel_space_summary">Aynı uygulamanın birden çok örneğini paralel olarak çalıştırmaya izin ver</string>
</resources>
