<?xml version="1.0" encoding="utf-8"?>
<!--  Copyright (C) 2014-2016 The Dirty Unicorns Project
      Copyright (C) 2016 AospExtended ROM Project
      Copyright (C) 2022 DerpFest

  This program is free software: you can redistribute it and/or modify
  it under the terms of the GNU General Public License as published by
  the Free Software Foundation, either version 3 of the License, or
  (at your option) any later version.

  This program is distributed in the hope that it will be useful,
  but WITHOUT ANY WARRANTY; without even the implied warranty of
  MERCHANTABILITY or FITNESS FOR A PARTICULAR PURPOSE.  See the
  GNU General Public License for more details.

  You should have received a copy of the GNU General Public License
  along with this program.  If not, see <http://www.gnu.org/licenses/>.
 -->
<resources xmlns:xliff="urn:oasis:names:tc:xliff:document:1.2">
    <!-- General app strings -->
    <string name="add">Hozzáadás</string>
    <string name="advanced">Fejlett</string>
    <string name="cancel">Megszünteti</string>
    <string name="default_text">Alapértelmezett</string>
    <string name="dlg_ok">rendben</string>
    <string name="attention">Figyelem</string>
    <string name="loading">Betöltés\u2026</string>
    <string name="reset">Visszaállítás</string>
    <string name="reset_colors">Színek visszaállítása</string>
    <string name="reset_android">Android</string>
    <string name="text_title">Szöveg</string>
    <string name="icon_title">Ikon</string>
    <string name="color_title">Szín</string>
    <string name="colors_title">Színek</string>
    <!-- DerpSpace categories -->
    <string name="icons_category">Ikonok</string>
    <string name="status_bar_category">Állapotsor</string>
    <string name="notifications_panel_category">QS panel</string>
    <string name="system_category">Rendszer</string>
    <string name="lockscreen_category">Lezárási képernyő</string>
    <string name="udfps_category">Kijelző alatti ujjlenyomat</string>
    <string name="listview">Lista nézet</string>
    <!-- Frags -->
    <!-- General Tweaks -->
    <string name="general_tweaks_title">Általános beállítások</string>
    <!-- Lockscreen UI -->
    <string name="lockscreen_ui_title">Lockscreen UI</string>
    <!-- Lockscreen general category -->
    <string name="general_category">Tábornok</string>
    <!-- Lockscreen charging category -->
    <string name="charging_category">Töltés</string>
    <!-- Quicksettings media category -->
    <string name="media_category">Médialejátszó</string>
    <!-- Network Traffic -->
    <string name="traffic_title">Forgalomjelzők</string>
    <!-- Misc DerpSpace -->
    <string name="misc_derpspace_title">Vegyes</string>
    <!-- Notifications -->
    <string name="notifications_title">Értesítések</string>
    <!-- Quick Settings -->
    <string name="quick_settings_title">Gyorsbeállítások</string>
    <!-- Status bar clock and date options -->
    <string name="status_bar_clock_title">Óra &amp; Dátum beállítások</string>
    <!-- Quick Settings brightness slider -->
    <string name="qs_brightness_slider_category">Fényerő csúszka</string>
    <!-- Quick Settings footer category -->
    <string name="footer_category">Lábléc</string>
    <!-- Statusbar Iten -->
    <string name="statusbar_items_category">Állapotsor elemek</string>
    <!-- Customisation -->
    <string name="customisation_title">Testreszabás</string>
    <!-- Battery -->
    <string name="battery_title">Akkumulátor</string>
    <!-- Battery Settings -->
    <string name="battery_settings_title">Az akkumulátor beállításai</string>
    <!-- Battery Styles -->
    <string name="battery_style_category_title">Akkumulátor stílusok</string>
    <string name="battery_percent_title">Akkumulátor százalék</string>
    <!-- App info dialog -->
    <string name="derpspace_dialog_title">Segíts, hogy segítsünk!</string>
    <string name="derpspace_dialog_message">Ha hibát talál ezen beállítások bármelyikénél, jelentse azt Telegram csoportunkban. A hibajelentés közzétételekor a következőket KELL megadnia:\n\n1. A logcat vagy a last_kmsg\n2. A kernel és a használt modok\n3. Hasznos információk\n\nHa valamit nem jelez megfelelően, NE számítson a javításra.</string>
    <string name="derpspace_dialog_toast">OLVASSA EL AZ EGÉSZSÉGET!</string>
    <string name="artwork_media_fade_level_summary">A médiagrafika képének halványítása</string>
    <!-- QuickSettings haptic feedback -->
    <string name="qs_tile_vibration_title">Rezgés</string>
    <string name="quick_settings_vibrate_title">Rezgés érintésre</string>
    <string name="quick_settings_vibrate_summary">Rezgés a QS csempék megérintésekor</string>
    <string name="quick_settings_vibrate_duration_title">Rezgés időtartama</string>
    <string name="quick_settings_vibrate_duration_summary">Hány ezredmásodperc kell rezegni</string>
    <!-- Tiles animation style  -->
    <string name="qs_tile_animation_title">Animációk</string>
    <string name="qs_tile_animation_style_title">Animációs stílus</string>
    <string name="qs_tile_animation_duration_title">Az animáció időtartama</string>
    <string name="qs_tile_animation_interpolator_title">Csempe animációs interpolátor</string>
    <string name="qs_tile_animation_style_off">Nincs animáció</string>
    <string name="qs_tile_animation_style_flip">Flip</string>
    <string name="qs_tile_animation_style_rotate">Forog</string>
    <string name="qs_tile_animation_duration_low">Alacsony</string>
    <string name="qs_tile_animation_duration_default">Alapértelmezett</string>
    <string name="qs_tile_animation_duration_fast">Gyors</string>
    <string name="qs_tile_animation_interpolator_linearInterpolator">Lineáris</string>
    <string name="qs_tile_animation_interpolator_accelerateInterpolator">Gyorsítson</string>
    <string name="qs_tile_animation_interpolator_decelerateInterpolator">Lassítás</string>
    <string name="qs_tile_animation_interpolator_accelerateDecelerateInterpolator">Gyorsítás lassít</string>
    <string name="qs_tile_animation_interpolator_bounceInterpolator">Ugrál</string>
    <string name="qs_tile_animation_interpolator_overshootInterpolator">Túllövés</string>
    <string name="qs_tile_animation_interpolator_anticipateInterpolator">Előre</string>
    <string name="qs_tile_animation_interpolator_anticipateOvershootInterpolator">Túllövés várható</string>
    <string name="qs_set_animation_style">%1$s</string>
    <string name="qs_set_animation_duration">%1$s</string>
    <string name="qs_set_animation_interpolator">%1$s</string>
    <!-- 4G icon -->
    <string name="show_fourg_icon_title">4G ikonra</string>
    <string name="show_fourg_icon_summary">Jelenítse meg a 4G ikont a jel ikonban az LTE helyett</string>
    <!-- Data disabled icon -->
    <string name="data_disabled_icon_title">Adatok letiltása ikon megjelenítése</string>
    <string name="data_disabled_icon_summary">Ha az adatok le vannak tiltva, jelenítse meg a keresztjelet a jelzősáv mellett</string>
    <!-- QS footer warnings -->
    <string name="qs_footer_warnings_title">QS lábléc figyelmeztetések</string>
    <string name="qs_footer_warnings_summary">Figyelmeztetés megjelenítése a QS panel alján, ha a hálózatot külső alkalmazások vagy vpn figyelik</string>
    <!-- Old mobile type icons -->
    <string name="use_old_mobiletype_title">Kis mobil típusú ikon</string>
    <string name="use_old_mobiletype_summary">A mobil típus ikonjának megjelenítése a jeljelző tetején</string>
    <!-- Lockscreen battery info indicator  -->
    <string name="lockscreen_battery_info_title">Lockscreen töltési információ</string>
    <string name="lockscreen_battery_info_summary">A töltési áram, a feszültség, a teljesítmény és az akkumulátor hőmérsékletének megjelenítése a lezárási képernyőn töltés közben</string>
    <!-- Tiles on secure keyguard -->
    <string name="use_tiles_on_secure_keyguard_title">Érzékeny csempék használatához feloldás szükséges</string>
    <string name="use_tiles_on_secure_keyguard_summary">Érzékeny csempék használatakor kérje fel a zárolási képernyő feloldását</string>
    <!-- QS footer text -->
    <string name="qs_footer_text_show_title">QS lábléc szövegének megjelenítése</string>
    <string name="qs_footer_text_string_title">A lábléc szövegének testreszabása</string>
    <string name="qs_footer_text_string_summary">Állítsa üresre az alapértelmezett #StayDerped beállítást</string>
    <!-- Notifications general category -->
    <string name="notifications_general_category_title">Tábornok</string>
    <!-- Notification count -->
    <string name="status_bar_notif_count_title">Értesítések száma</string>
    <string name="status_bar_notif_count_summary">A függőben lévő értesítések számának megjelenítése</string>
    <!-- Units -->
    <string name="unit_seconds">s</string>
    <string name="unit_milliseconds">Kisasszony</string>
    <string name="unit_pixels">dp</string>
    <!-- [CHAR_LIMIT=NONE] Developer Settings: Title of the settings category for theme overlays. -->
    <string name="theme_customization_category">Theming</string>
    <!-- [CHAR_LIMIT=NONE] Developer Settings: Title of the setting which enables overlays to customize headline and body fonts. -->
    <string name="theme_customization_font_title">Címsor/törzs betűtípus</string>
    <string name="theme_customization_font_summary">Állítsa be a rendszer betűtípusát</string>
    <!-- [CHAR_LIMIT=NONE] Developer Settings: Title of the setting which enables overlays to customize the adaptive icon shape (e.g. launcher and quick settings icons). -->
    <string name="theme_customization_icon_shape_title">Ikon alakú</string>
    <string name="theme_customization_icon_shape_summary">Állítsa be a rendszer ikon alakstílusát</string>
    <!-- [CHAR_LIMIT=NONE] Developer Settings: Title of the setting which enables overlays to customize the system wide icon pack. -->
    <string name="theme_customization_icon_pack_title">Ikon csomag</string>
    <string name="theme_customization_icon_pack_summary">Állítsa be az egyéni ikoncsomag stílusát</string>
    <!-- [CHAR_LIMIT=NONE] Developer Settings: Label for the option that turns off customizations for a given category.-->
    <string name="theme_customization_device_default">Eszköz alapértelmezett</string>
    <!-- Custom Wi-Fi bar icons -->
    <string name="theme_customization_wifi_icon_title">Wifi ikonra</string>
    <string name="theme_customization_wifi_icon_summary">Állítsa be a Wifi ikon stílusát</string>
    <!-- Custom Signal bar icons -->
    <string name="theme_customization_signal_icon_title">Jel ikonok</string>
    <string name="theme_customization_signal_icon_summary">Állítsa be a jel ikonok stílusát</string>
    <!-- Black theme -->
    <string name="system_black_theme_title">Használj fekete témát</string>
    <string name="system_black_theme_summary">Fekete háttérszínek kényszerítése</string>
    <!-- UI styles -->
    <string name="theme_customization_ui_style_title">UI stílus</string>
    <string name="theme_customization_ui_style_summary">Állítson be egyéni stílust a felülethez</string>
    <!-- Applications fragment -->
    <string name="search">Keresés</string>
    <string name="search_apps">Alkalmazások keresése</string>
    <!-- reTicker -->
    <string name="reticker_title">reTicker</string>
    <string name="reticker_summary">Cserélje le értesítéseit a tickerek újratervezett változatára. \nVékony és kevésbé invazív, mint a normál értesítés</string>
    <string name="reticker_colored_title">Használja az alkalmazás színes hátterét</string>
    <string name="reticker_colored_summary">Cserélje le a reTicker háttérszínét az értesítési alkalmazás fő színével</string>
    <string name="reticker_landscape_only_title">Csak tájkép</string>
    <string name="reticker_landscape_only_summary">Csak akkor engedélyezze a reTickert, ha az eszköz fekvő módban van</string>
    <!-- Network traffic -->
    <string name="network_traffic_title">Hálózati forgalom jelző</string>
    <string name="network_traffic_summary">A hálózati sebességjelző engedélyezése vagy letiltása az állapotsorban</string>
    <string name="network_traffic_state_title">\"Hálózati forgalomjelző\" engedélyezése</string>
    <string name="network_options_title">Lehetőségek</string>
    <string name="network_traffic_autohide_title">Hálózati forgalomjelző elrejtése, ha inaktív</string>
    <string name="network_traffic_autohide_summary">Elrejtés, ha a hálózati forgalom 1 KB/s alatt van</string>
    <!-- Media art -->
    <string name="lockscreen_media_art_options_title">Média borítókép</string>
    <string name="media_art_title">Média borítókép</string>
    <string name="media_art_summary">Jelenítse meg a média borítóját, ha elérhető</string>
    <!-- Lock screen cover art -->
    <string name="lockscreen_media_blur_title">A médiaművészet elmosódási szintje</string>
    <!-- Clock position -->
    <string name="status_bar_clock_position_center">Központ</string>
    <string name="status_bar_clock_position_left">Bal</string>
    <string name="status_bar_clock_position_right">Jobb</string>
    <string name="status_bar_clock_position_title">Az óra állása</string>
    <!-- Clock AM/PM -->
    <string name="status_bar_am_pm_hidden">Rejtett</string>
    <string name="status_bar_am_pm_normal">Normál</string>
    <string name="status_bar_am_pm_small">Kicsi</string>
    <string name="status_bar_am_pm_title">Óra AM/PM stílusban</string>
    <string name="status_bar_am_pm_unavailable">A 24 órás óra be van kapcsolva</string>
    <!-- Clock show seconds -->
    <string name="status_bar_clock_show_seconds_title">Az óra másodperceket mutat</string>
    <string name="status_bar_clock_show_seconds_desc">Órák, percek és másodpercek megjelenítése</string>
    <!-- Battery style and percentage -->
    <string name="status_bar_battery_style_circle">Kör</string>
    <string name="status_bar_battery_style_icon_portrait">Ikon portré</string>
    <string name="status_bar_battery_style_text">Szöveg</string>
    <string name="status_bar_battery_style_title">Az akkumulátor állapotának stílusa</string>
    <string name="status_bar_battery_percentage_hidden">Rejtett</string>
    <string name="status_bar_battery_percentage_text_inside">Az ikon belsejében</string>
    <string name="status_bar_battery_percentage_text_next">Az ikon mellett</string>
    <string name="status_bar_battery_percentage_title">Akkumulátor százalékos</string>
    <!-- Brightness slider -->
    <string name="qqs_show_brightness_title">Fényerő-csúszka megjelenítése a Quick QS panelen</string>
    <string name="brightness_slider_position_title">Fényerő-csúszka pozíciója</string>
    <string name="top">Top</string>
    <string name="bottom">Alsó</string>
    <string name="show_auto_brightness_button_title">Automatikus fényerő gomb megjelenítése</string>
    <!-- Pulse -->
    <string name="ambient_light_category">Él világítás</string>
    <string name="keywords_pulse_ambient_light_display">értesítés, értesítések, él, fény, szín, szín</string>
    <string name="pulse_ambient_light_text">Az élvilágítás hatására a képernyő világít, amikor értesítést kap. Ez megkönnyíti annak megállapítását, hogy mikor kap pulzust, miközben a telefon szunnyadó üzemmódban van.</string>
    <string name="pulse_ambient_light_enable">Használjon Edge világítást</string>
    <string name="pulse_ambient_light_title">Él világítás</string>
    <string name="pulse_ambient_light_summary">Az értesítési impulzus hatására világítsa meg a képernyő oldalsó széleit</string>
    <string name="ambient_notification_light_accent_title">Rendszerkiemelő szín</string>
    <string name="ambient_notification_light_color_automatic_title">Értesítés színe</string>
    <string name="pulse_ambient_light_color">Pulzáláskor használja</string>
    <!-- QS tiles layout -->
    <string name="qs_tile_layout_title">QS csempe elrendezés</string>
    <string name="qs_tile_layout_summary">Testreszabhatja a csempe elrendezését a QS panelen</string>
    <string name="qs_tiles_layout_category">Csempe elrendezése</string>
    <string name="qs_rows_portrait_title">Sorok (álló)</string>
    <string name="qqs_rows_portrait_title">Sorok (QS gyors portré)</string>
    <string name="qs_columns_portrait_title">Oszlopok (álló)</string>
    <string name="qs_apply_change_button_title">Módosítás alkalmazása</string>
    <string name="qs_apply_change_failed">Nem sikerült alkalmazni a változtatást</string>
    <string name="qs_tile_hide_label_title">Címkék elrejtése</string>
    <string name="qs_tile_hide_label_summary">Csak a QS-csempék ikonjának megjelenítése</string>
    <string name="qs_tile_vertical_layout_title">Függőleges elrendezés</string>
    <string name="qs_tile_vertical_layout_summary">Függőleges elrendezés engedélyezése a QS csempékhez</string>
    <!-- Statusbar lyric -->
    <string name="status_bar_lyric_title">Állapotsor dalszöveg</string>
    <string name="status_bar_lyric_summary">Dalszöveg megjelenítése az állapotsorban (alkalmazástámogatás szükséges)</string>
    <string name="status_bar_show_lyric_title">Az állapotsor szövegének engedélyezése</string>
    <!-- Statusbar logo -->
    <string name="status_bar_logo_category_title">Logó</string>
    <string name="status_bar_logo_title">Logó</string>
    <string name="status_bar_logo_summary">Engedélyezze a logó megjelenítését az állapotsorban</string>
    <string name="status_bar_logo_position_title">Pozíció</string>
    <string name="status_bar_logo_position_summary">Válassza ki, hogy melyik oldalon jelenítse meg a logót, balra vagy jobbra</string>
    <string name="status_bar_logo_position_right">Jobb</string>
    <string name="status_bar_logo_position_left">Bal</string>
    <string name="status_bar_logo_style_title">Stílus</string>
    <string name="status_bar_logo_style_derp">DerpFest</string>
    <string name="status_bar_logo_style_derp_alt">DerpFest háromszög</string>
    <string name="status_bar_logo_style_adidas">Adidas</string>
    <string name="status_bar_logo_style_airjordan">Air jordan</string>
    <string name="status_bar_logo_style_apple">alma</string>
    <string name="status_bar_logo_style_avengers">Bosszúállók</string>
    <string name="status_bar_logo_style_batman">Denevérember</string>
    <string name="status_bar_logo_style_batman_tdk">Batman A sötét lovag</string>
    <string name="status_bar_logo_style_beats">Beats</string>
    <string name="status_bar_logo_style_biohazard">Biológiai veszély</string>
    <string name="status_bar_logo_style_blackberry">Földi szeder</string>
    <string name="status_bar_logo_style_cannabis">Cannabis</string>
    <string name="status_bar_logo_style_fire">Tűz</string>
    <string name="status_bar_logo_style_nike">Nike</string>
    <string name="status_bar_logo_style_pac_man">Pac-Man</string>
    <string name="status_bar_logo_style_puma">Puma</string>
    <string name="status_bar_logo_style_rog">ROG</string>
    <string name="status_bar_logo_style_superman">Felsőbbrendű ember</string>
    <string name="status_bar_logo_style_windows">ablakok</string>
    <string name="status_bar_logo_style_xbox">XBOX</string>
    <!-- Pulse music visualizer -->
    <string name="pulse_help_policy_notice_title">A Pulse-ról</string>
    <string name="pulse_help_policy_notice_summary">A Pulse egy zseniális audiovizualizáló, amikor zene szól az eszközön</string>
    <string name="pulse_settings">Impulzus</string>
    <string name="pulse_settings_summary">Audiovizualizáló a navigációs sávhoz, a lezárási képernyőhöz és a környezeti képernyőhöz</string>
    <string name="show_navbar_pulse_title">Navbar Pulse</string>
    <string name="show_navbar_pulse_summary">Audiovizualizáló a navigációs sávon</string>
    <string name="show_lockscreen_pulse_title">Lockscreen Pulse</string>
    <string name="show_lockscreen_pulse_summary">Audiovizualizáló a lezárási képernyőn</string>
    <string name="show_ambient_pulse_title">Környezeti impulzus</string>
    <string name="show_ambient_pulse_summary">Audiovizualizáló a környezeti képernyőn</string>
    <string name="pulse_render_mode_title">Renderelési mód</string>
    <string name="pulse_render_mode_fading_bars">Elhalványuló blokkok</string>
    <string name="pulse_render_mode_solid_lines">Tömör vonalak</string>
    <string name="pulse_legacy_mode_advanced_category">A fading blokkok mód beállításai</string>
    <string name="pulse_custom_fudge_factor">Józanság szintje</string>
    <string name="pulse_lavalamp_speed_title">Lávalámpa sebessége</string>
    <string name="pulse_solid_units_count">A folytonos vonalak számítanak</string>
    <string name="pulse_solid_units_opacity">Folytonos vonalak átlátszatlansága</string>
    <string name="pulse_solid_dimen_category">Folyamatos vonalak mód beállításai</string>
    <string name="pulse_color_mode_title">Szín</string>
    <string name="pulse_color_accent">Hangsúly</string>
    <string name="pulse_color_custom">Egyedi</string>
    <string name="pulse_color_lava_lamp">Láva lámpa</string>
    <string name="pulse_color_auto">Album</string>
    <string name="pulse_color_user_title">Válasszon színt</string>
    <string name="pulse_smoothing_enabled_title">Kapcsolja be a simítást</string>
    <string name="pulse_smoothing_enabled_summary">Minden sáv simábban animált</string>
    <string name="pulse_custom_dimen">Rúd szélessége</string>
    <string name="pulse_custom_div">Rúdtávolság</string>
    <string name="pulse_filled_block_size">Blokkméret</string>
    <string name="pulse_empty_block_size">Blokktávolság</string>
    <string name="pulse_solid_units_rounded_title">Folyamatos vonalak lekerekítettek</string>
    <string name="pulse_solid_units_rounded_summary">Kerekítse a folytonos vonalakat</string>
    <!-- Udfps animations -->
    <string name="udfps_recog_animation">UDFPS animáció használata</string>
    <string name="udfps_recog_animation_summary">Az ujj olvasása közben animációt jelenít meg</string>
    <string name="udfps_recog_animation_effect_title">UDFPS egyéni animáció</string>
    <string name="udfps_recog_animation_effect_summary">Válasszon animációs effektust</string>
    <!-- Udfps icon picker -->
    <string name="udfps_icon_picker_title">UDFPS ikonválasztó</string>
    <string name="udfps_icon_picker_summary">Válassza ki kedvenc ujjlenyomat ikonját</string>
    <!-- Lockscreen charge temperature unit -->
    <string name="lockscreen_charge_temp_unit_title">Hőmérséklet mértékegysége</string>
    <string name="lockscreen_charge_temp_unit_farhenheit">Fahrenheit</string>
    <string name="lockscreen_charge_temp_unit_celsius">Celsius</string>
    <!-- Material dismiss all button for notifications -->
    <string name="notification_material_dismiss_title">Az összes értesítés törlése gomb</string>
    <string name="notification_material_dismiss_summary">Cserélje ki az összes törölt értesítési szöveget anyagstílusú lebegő gombra</string>
    <string name="notification_material_dismiss_style_title">Gomb stílus</string>
    <string name="notification_material_dismiss_bgstyle_title">Gomb háttér</string>
    <!-- Bluetooth status -->
    <string name="bluetooth_battery_title">Bluetooth akkumulátor állapota</string>
    <string name="bluetooth_battery_summary">A csatlakoztatott Bluetooth-eszköz akkumulátorának állapotának megjelenítése, ha elérhető</string>
    <!-- Clock auto hide -->
    <string name="status_bar_clock_auto_hide_title">Automatikus elrejtés</string>
    <string name="status_bar_clock_auto_hide_summary">Óra elrejtése, ha az indító látható</string>
    <!-- Display Settings: Title of the setting which toggles wallpaper zooming effects on interraction -->
    <string name="wallpaper_zoom_effect_title">Háttérkép zoom hatása</string>
    <!-- Display Settings: Subtitle of the setting which toggles wallpaper zooming effects on interraction -->
    <string name="wallpaper_zoom_effect_summary">Nagyítsa ki a háttérképet a kicsinyítési mélység animáció megjelenítéséhez. A háttérképek minősége romolhat</string>
    <!-- Squiggle animation -->
    <string name="show_squiggle_animation_title">Squiggle animáció megjelenítése</string>
    <string name="show_squiggle_animation_summary">Médiapanel kacskaringós animációjának megjelenítése\nA módosítás után váltani kell a zenét, szüneteltetni kell a zenét vagy mozgatni kell a folyamatjelző sávot az alkalmazáshoz</string>
    <!-- Ambient battery bar settings -->
    <string name="ambient_ui">Ambient/Mindig látható</string>
    <string name="ambient_battery_settings_title">Akkumulátorrúd</string>
    <string name="ambient_battery_settings_summary">Jelenítsen meg egy akkumulátorsávot a környezeti kijelzőn</string>
    <string name="keyguard_show_battery_title">Akkumulátorrúd töltés közben</string>
    <string name="keyguard_show_battery_summary">Töltés közben mutasson egy akkumulátorsávot a környezeti kijelzőn</string>
    <string name="keyguard_show_battery_always_title">Mindig mutasd az akkumulátorjelzőt</string>
    <string name="keyguard_show_battery_always_summary">Mindig mutasson akkumulátorjelzőt a környezeti kijelzőn</string>
    <!-- Pulse Gravity and mirror options -->
    <string name="pulse_custom_gravity_title">Gravitáció</string>
    <string name="pulse_custom_gravity_bottom">Alsó</string>
    <string name="pulse_custom_gravity_top">Top</string>
    <string name="pulse_custom_gravity_center">Központ</string>
    <string name="visualizer_center_mirrored_title">Középen tükrözve</string>
    <string name="visualizer_center_mirrored_summary">Állítsa a megjelenítőt középen tükrözött módba</string>
    <string name="pulse_vertical_mirror_title">Függőleges tükör</string>
    <string name="pulse_vertical_mirror_summary">Hozzon létre másik impulzust, és fordítsa függőlegesen</string>
    <!-- Ripple Effect on lockscreen -->
    <string name="disable_fingerprint_ripple_effect_title">Ripple effektus letiltása</string>
    <string name="disable_fingerprint_ripple_effect_summary">Feloldáskor kapcsolja ki a hullámzási effektust</string>
    <!-- Charging animation -->
    <string name="charging_animation_title">Töltési animáció</string>
    <string name="charging_animation_summary">Animáció megjelenítése, amikor az eszköz csatlakoztatva van</string>
    <!-- Statusbar Clock background chip -->
    <string name="statusbar_clock_chip_title">Háttér chip</string>
    <string name="statusbar_clock_chip_summary">Ékezetes chip megjelenítése az óra mögött</string>
    <!-- Hide statusbar on lockscreen -->
    <string name="lockscreen_hide_status_bar_title">Állapotsor elrejtése</string>
    <string name="lockscreen_hide_status_bar_summary">Ha engedélyezve van, az állapotsor el van rejtve a lezárási képernyőn</string>
    <!-- Android P animation style -->
    <string name="pie_animation_style_title">Android P animációs stílus</string>
    <string name="pie_animation_style_summary">Engedélyezze az Android P „Alapértelmezett” animációit</string>
    <!-- Parallel space -->
    <string name="laboratory_parallel_space_title">Párhuzamos tér</string>
    <string name="laboratory_parallel_space_summary">Ugyanazon alkalmazás több példányának párhuzamos futtatásának engedélyezése</string>
</resources>
