<?xml version="1.0" encoding="utf-8"?>
<!--  Copyright (C) 2014-2016 The Dirty Unicorns Project
      Copyright (C) 2016 AospExtended ROM Project
      Copyright (C) 2022 DerpFest

  This program is free software: you can redistribute it and/or modify
  it under the terms of the GNU General Public License as published by
  the Free Software Foundation, either version 3 of the License, or
  (at your option) any later version.

  This program is distributed in the hope that it will be useful,
  but WITHOUT ANY WARRANTY; without even the implied warranty of
  MERCHANTABILITY or FITNESS FOR A PARTICULAR PURPOSE.  See the
  GNU General Public License for more details.

  You should have received a copy of the GNU General Public License
  along with this program.  If not, see <http://www.gnu.org/licenses/>.
 -->
<resources xmlns:xliff="urn:oasis:names:tc:xliff:document:1.2">
    <!-- General app strings -->
    <string name="add">Toevoegen</string>
    <string name="advanced">Geavanceerd</string>
    <string name="cancel">annuleren</string>
    <string name="default_text">Standaard</string>
    <string name="dlg_ok">Ok</string>
    <string name="attention">Aandacht</string>
    <string name="loading">Laden\u2026</string>
    <string name="reset">Reset</string>
    <string name="reset_colors">Kleuren opnieuw instellen</string>
    <string name="reset_android">Android</string>
    <string name="text_title">Tekstveld</string>
    <string name="icon_title">Pictogram</string>
    <string name="color_title">Kleur</string>
    <string name="colors_title">Kleuren</string>
    <!-- DerpSpace categories -->
    <string name="icons_category">Pictogrammen</string>
    <string name="status_bar_category">Statusbalk</string>
    <string name="notifications_panel_category">QS paneel</string>
    <string name="system_category">Systeem</string>
    <string name="lockscreen_category">Vergrendelscherm</string>
    <string name="udfps_category">Onderbeeldscherm vingerafdruk</string>
    <string name="listview">Lijstweergave</string>
    <!-- Frags -->
    <!-- General Tweaks -->
    <string name="general_tweaks_title">Algemene instellingen</string>
    <!-- Lockscreen UI -->
    <string name="lockscreen_ui_title">Vergrendelscherm UI</string>
    <!-- Lockscreen general category -->
    <string name="general_category">Algemeen</string>
    <!-- Lockscreen charging category -->
    <string name="charging_category">Opladen</string>
    <!-- Quicksettings media category -->
    <string name="media_category">Media speler</string>
    <!-- Network Traffic -->
    <string name="traffic_title">Verkeer indicatoren</string>
    <!-- Misc DerpSpace -->
    <string name="misc_derpspace_title">Diversen</string>
    <!-- Notifications -->
    <string name="notifications_title">Notificaties</string>
    <!-- Quick Settings -->
    <string name="quick_settings_title">Snelle Instellingen</string>
    <!-- Status bar clock and date options -->
    <string name="status_bar_clock_title">Klok &amp; Datuminstellingen</string>
    <!-- Quick Settings brightness slider -->
    <string name="qs_brightness_slider_category">Helderheid slider</string>
    <!-- Quick Settings footer category -->
    <string name="footer_category">Voettekst</string>
    <!-- Statusbar Iten -->
    <string name="statusbar_items_category">Statusbalk Items</string>
    <!-- Customisation -->
    <string name="customisation_title">Aanpassingen</string>
    <!-- Battery -->
    <string name="battery_title">Accu</string>
    <!-- Battery Settings -->
    <string name="battery_settings_title">Batterij instellingen</string>
    <!-- Battery Styles -->
    <string name="battery_style_category_title">Batterij Stijlen</string>
    <string name="battery_percent_title">Batterij percentage</string>
    <!-- App info dialog -->
    <string name="derpspace_dialog_title">Help ons je te helpen!</string>
    <string name="derpspace_dialog_message">Als je een bug vindt met een van deze instellingen, rapporteer dit dan in onze Telegram-groep. U MOET het volgende toevoegen bij het plaatsen van een bugrapport:\n\n1. Een logcat of last_kmsg\n2. Kernel en mods gebruikten\n3. Nuttige informatie\n\nAls je iets niet goed rapporteert, verwacht dan niet dat dit opgelost wordt.</string>
    <string name="derpspace_dialog_toast">LEES HET HANDEL!</string>
    <string name="artwork_media_fade_level_summary">Vervagen van de afbeelding van de media</string>
    <!-- QuickSettings haptic feedback -->
    <string name="qs_tile_vibration_title">Trillen</string>
    <string name="quick_settings_vibrate_title">Trillen bij aanraken</string>
    <string name="quick_settings_vibrate_summary">Trillen bij aanraken van QS tegels</string>
    <string name="quick_settings_vibrate_duration_title">Tijdsduur trillen</string>
    <string name="quick_settings_vibrate_duration_summary">Hoeveel milliseconden en trillen</string>
    <!-- Tiles animation style  -->
    <string name="qs_tile_animation_title">Animaties</string>
    <string name="qs_tile_animation_style_title">Animatie stijl</string>
    <string name="qs_tile_animation_duration_title">Animatie duur</string>
    <string name="qs_tile_animation_interpolator_title">Tegels animatie interpolator</string>
    <string name="qs_tile_animation_style_off">Geen animatie</string>
    <string name="qs_tile_animation_style_flip">Omdraaien</string>
    <string name="qs_tile_animation_style_rotate">Draaien</string>
    <string name="qs_tile_animation_duration_low">laag</string>
    <string name="qs_tile_animation_duration_default">Standaard</string>
    <string name="qs_tile_animation_duration_fast">Snel</string>
    <string name="qs_tile_animation_interpolator_linearInterpolator">Lineaire</string>
    <string name="qs_tile_animation_interpolator_accelerateInterpolator">Versnellen</string>
    <string name="qs_tile_animation_interpolator_decelerateInterpolator">Vertraag</string>
    <string name="qs_tile_animation_interpolator_accelerateDecelerateInterpolator">Versnellen vertragen</string>
    <string name="qs_tile_animation_interpolator_bounceInterpolator">Terugkaatsen</string>
    <string name="qs_tile_animation_interpolator_overshootInterpolator">Overschieten</string>
    <string name="qs_tile_animation_interpolator_anticipateInterpolator">Anticiperen</string>
    <string name="qs_tile_animation_interpolator_anticipateOvershootInterpolator">Anticiperen op doorschieten</string>
    <string name="qs_set_animation_style">%1$s</string>
    <string name="qs_set_animation_duration">%1$s</string>
    <string name="qs_set_animation_interpolator">%1$s</string>
    <!-- 4G icon -->
    <string name="show_fourg_icon_title">4G icoon</string>
    <string name="show_fourg_icon_summary">4G icoon weergeven in plaats van LTE</string>
    <!-- Data disabled icon -->
    <string name="data_disabled_icon_title">Toon icoon voor uitgeschakelde mobiele gegevens</string>
    <string name="data_disabled_icon_summary">Toon het kruisje naast de signaalsterkte wanneer mobiele gegevens zijn uitgeschakeld</string>
    <!-- QS footer warnings -->
    <string name="qs_footer_warnings_title">Snelle instellingen voettekst waarschuwingen</string>
    <string name="qs_footer_warnings_summary">Toon een waarschuwing onderaan het QS paneel wanneer het netwerk wordt gemonitord door externe apps of VPN</string>
    <!-- Old mobile type icons -->
    <string name="use_old_mobiletype_title">Klein mobiel type icoon</string>
    <string name="use_old_mobiletype_summary">Mobiel type icoon weergeven bovenop de signaalindicator</string>
    <!-- Lockscreen battery info indicator  -->
    <string name="lockscreen_battery_info_title">Oplaad informatie op vergrendelscherm</string>
    <string name="lockscreen_battery_info_summary">Toon oplaadstroom, spanning, spanning en accutemperatuur op vergrendelscherm tijdens het opladen</string>
    <!-- Tiles on secure keyguard -->
    <string name="use_tiles_on_secure_keyguard_title">Ontgrendelen vereist om gevoelige tegels te gebruiken</string>
    <string name="use_tiles_on_secure_keyguard_summary">Vraag om vergrendelscherm te ontgrendelen bij gebruik van gevoelige tegels</string>
    <!-- QS footer text -->
    <string name="qs_footer_text_show_title">Toon QS voettekst</string>
    <string name="qs_footer_text_string_title">Pas voettekst aan</string>
    <string name="qs_footer_text_string_summary">Zet naar leeg voor standaard #StayDerped</string>
    <!-- Notifications general category -->
    <string name="notifications_general_category_title">Algemeen</string>
    <!-- Notification count -->
    <string name="status_bar_notif_count_title">Notificatie aantal</string>
    <string name="status_bar_notif_count_summary">Het aantal meldingen dat in behandeling is weergeven</string>
    <!-- Units -->
    <string name="unit_seconds">s</string>
    <string name="unit_milliseconds">ms</string>
    <string name="unit_pixels">dp</string>
    <!-- [CHAR_LIMIT=NONE] Developer Settings: Title of the settings category for theme overlays. -->
    <string name="theme_customization_category">Thematisering</string>
    <!-- [CHAR_LIMIT=NONE] Developer Settings: Title of the setting which enables overlays to customize headline and body fonts. -->
    <string name="theme_customization_font_title">Koptekst / Lichaam lettertype</string>
    <string name="theme_customization_font_summary">Stel systeem lettertype in</string>
    <!-- [CHAR_LIMIT=NONE] Developer Settings: Title of the setting which enables overlays to customize the adaptive icon shape (e.g. launcher and quick settings icons). -->
    <string name="theme_customization_icon_shape_title">Pictogram vorm</string>
    <string name="theme_customization_icon_shape_summary">Stijl vorm pictogram van systeem instellen</string>
    <!-- [CHAR_LIMIT=NONE] Developer Settings: Title of the setting which enables overlays to customize the system wide icon pack. -->
    <string name="theme_customization_icon_pack_title">Pictogram pakket</string>
    <string name="theme_customization_icon_pack_summary">Aangepaste stijl van icoon pakket instellen</string>
    <!-- [CHAR_LIMIT=NONE] Developer Settings: Label for the option that turns off customizations for a given category.-->
    <string name="theme_customization_device_default">Standaard apparaat</string>
    <!-- Custom Wi-Fi bar icons -->
    <string name="theme_customization_wifi_icon_title">Wifi pictogram</string>
    <string name="theme_customization_wifi_icon_summary">Wifi pictogramstijl instellen</string>
    <!-- Custom Signal bar icons -->
    <string name="theme_customization_signal_icon_title">Signaal pictogrammen</string>
    <string name="theme_customization_signal_icon_summary">Stel signaalpictogrammen stijl in</string>
    <!-- Black theme -->
    <string name="system_black_theme_title">Gebruik zwart thema</string>
    <string name="system_black_theme_summary">Zwarte achtergrondkleuren forceren</string>
    <!-- UI styles -->
    <string name="theme_customization_ui_style_title">UI stijl</string>
    <string name="theme_customization_ui_style_summary">Aangepaste stijl voor uw interface instellen</string>
    <!-- Applications fragment -->
    <string name="search">Zoeken</string>
    <string name="search_apps">Apps zoeken</string>
    <!-- reTicker -->
    <string name="reticker_title">reTicker</string>
    <string name="reticker_summary">Vervang meldingen door een herontworpen versie van tickers. \nSlim en minder invasief dan een standaard melding</string>
    <string name="reticker_colored_title">Gebruik app gekleurde achtergrond</string>
    <string name="reticker_colored_summary">Herticker achtergrondkleur vervangen door hoofdkleur van app notificatie</string>
    <string name="reticker_landscape_only_title">Alleen landschap</string>
    <string name="reticker_landscape_only_summary">Schakel reTicker alleen in als het apparaat in liggende modus is</string>
    <!-- Network traffic -->
    <string name="network_traffic_title">Netwerk verkeer indicator</string>
    <string name="network_traffic_summary">Netwerksnelheidsindicator in- of uitschakelen in statusbalk</string>
    <string name="network_traffic_state_title">Inschakelen \"Netwerk verkeer indicator\"</string>
    <string name="network_options_title">Instellingen</string>
    <string name="network_traffic_autohide_title">Netwerkverkeer indicator verbergen wanneer deze niet actief is</string>
    <string name="network_traffic_autohide_summary">Verbergen wanneer het netwerkverkeer onder 1 KB/s is</string>
    <!-- Media art -->
    <string name="lockscreen_media_art_options_title">Media omslagafbeelding</string>
    <string name="media_art_title">Media omslagafbeelding</string>
    <string name="media_art_summary">Toon media cover art indien beschikbaar</string>
    <!-- Lock screen cover art -->
    <string name="lockscreen_media_blur_title">Media art vervaging niveau</string>
    <!-- Clock position -->
    <string name="status_bar_clock_position_center">Gecentreerd</string>
    <string name="status_bar_clock_position_left">Linkerkant</string>
    <string name="status_bar_clock_position_right">Rechterkant</string>
    <string name="status_bar_clock_position_title">Klok positie</string>
    <!-- Clock AM/PM -->
    <string name="status_bar_am_pm_hidden">Hidden</string>
    <string name="status_bar_am_pm_normal">normaal</string>
    <string name="status_bar_am_pm_small">Klein</string>
    <string name="status_bar_am_pm_title">Klok AM/PM stijl</string>
    <string name="status_bar_am_pm_unavailable">24-uurs klok is ingeschakeld</string>
    <!-- Clock show seconds -->
    <string name="status_bar_clock_show_seconds_title">Klok toon seconden</string>
    <string name="status_bar_clock_show_seconds_desc">Geef uren, minuten en seconden weer</string>
    <!-- Battery style and percentage -->
    <string name="status_bar_battery_style_circle">Cirkel</string>
    <string name="status_bar_battery_style_icon_portrait">Pictogram (staand)</string>
    <string name="status_bar_battery_style_text">Tekstveld</string>
    <string name="status_bar_battery_style_title">Stijl accustatus</string>
    <string name="status_bar_battery_percentage_hidden">Hidden</string>
    <string name="status_bar_battery_percentage_text_inside">In het icoon</string>
    <string name="status_bar_battery_percentage_text_next">Naast het pictogram</string>
    <string name="status_bar_battery_percentage_title">Batterij percentage</string>
    <!-- Brightness slider -->
    <string name="qqs_show_brightness_title">Helderheidsschuifregelaar weergeven in Snelle instellingen paneel</string>
    <string name="brightness_slider_position_title">Positie helderheidsschuifregelaar</string>
    <string name="top">Bovenkant</string>
    <string name="bottom">Onderaan</string>
    <string name="show_auto_brightness_button_title">Knop voor automatische helderheid weergeven</string>
    <!-- Pulse -->
    <string name="ambient_light_category">Rand verlichting</string>
    <string name="keywords_pulse_ambient_light_display">notificatie, meldingen, randen, lichtkleur, kleur</string>
    <string name="pulse_ambient_light_text">Rand verlichting laat je scherm gloeien wanneer je een melding ontvangt. Dit maakt het makkelijker om te bepalen wanneer je een puls krijgt terwijl de telefoon in doze modus is.</string>
    <string name="pulse_ambient_light_enable">Gebruik randverlichting</string>
    <string name="pulse_ambient_light_title">Rand verlichting</string>
    <string name="pulse_ambient_light_summary">Verlicht de zijkanten van het scherm bij notificatie puls</string>
    <string name="ambient_notification_light_accent_title">Systeem accentkleur</string>
    <string name="ambient_notification_light_color_automatic_title">Notificatie kleur</string>
    <string name="pulse_ambient_light_color">Bij pulsing, gebruik</string>
    <!-- QS tiles layout -->
    <string name="qs_tile_layout_title">QS tegels lay-out</string>
    <string name="qs_tile_layout_summary">Aanpassen tegels lay-out in QS paneel</string>
    <string name="qs_tiles_layout_category">Tegels lay-out</string>
    <string name="qs_rows_portrait_title">Rijen (Portrait)</string>
    <string name="qqs_rows_portrait_title">Rijen (Snelle Snelle Instellingen portrait)</string>
    <string name="qs_columns_portrait_title">Kolommen (Portrait)</string>
    <string name="qs_apply_change_button_title">Wijzigingen toepassen</string>
    <string name="qs_apply_change_failed">Toepassen van wijziging mislukt</string>
    <string name="qs_tile_hide_label_title">Labels verbergen</string>
    <string name="qs_tile_hide_label_summary">Toon alleen pictogram voor Snelle instellingen-tegels</string>
    <string name="qs_tile_vertical_layout_title">Verticale lay-out</string>
    <string name="qs_tile_vertical_layout_summary">Schakel verticale lay-out in voor Snelle instellingen-tegels</string>
    <!-- Statusbar lyric -->
    <string name="status_bar_lyric_title">Statusbalk lyrisch</string>
    <string name="status_bar_lyric_summary">Songtekst weergeven in de statusbalk (app ondersteuning nodig)</string>
    <string name="status_bar_show_lyric_title">Statusbalk lyrisch inschakelen</string>
    <!-- Statusbar logo -->
    <string name="status_bar_logo_category_title">Logo</string>
    <string name="status_bar_logo_title">Logo</string>
    <string name="status_bar_logo_summary">Inschakelen om logo in de statusbalk weer te geven</string>
    <string name="status_bar_logo_position_title">Positie</string>
    <string name="status_bar_logo_position_summary">Kies aan welke kant het logo getoond moet worden, links of rechts</string>
    <string name="status_bar_logo_position_right">Rechterkant</string>
    <string name="status_bar_logo_position_left">Linkerkant</string>
    <string name="status_bar_logo_style_title">CSS</string>
    <string name="status_bar_logo_style_derp">DerpFest</string>
    <string name="status_bar_logo_style_derp_alt">DerpFest driehoek</string>
    <string name="status_bar_logo_style_adidas">Variabelen</string>
    <string name="status_bar_logo_style_airjordan">Lucht Jordanië</string>
    <string name="status_bar_logo_style_apple">Appel</string>
    <string name="status_bar_logo_style_avengers">Wrekers</string>
    <string name="status_bar_logo_style_batman">Batman</string>
    <string name="status_bar_logo_style_batman_tdk">Batman De Donkere Ridder</string>
    <string name="status_bar_logo_style_beats">Beats</string>
    <string name="status_bar_logo_style_biohazard">Biohazard</string>
    <string name="status_bar_logo_style_blackberry">Zwartebes</string>
    <string name="status_bar_logo_style_cannabis">Kanabis</string>
    <string name="status_bar_logo_style_fire">Ontslaan</string>
    <string name="status_bar_logo_style_nike">Nike</string>
    <string name="status_bar_logo_style_pac_man">Pac-Man</string>
    <string name="status_bar_logo_style_puma">Pomp</string>
    <string name="status_bar_logo_style_rog">ROG</string>
    <string name="status_bar_logo_style_superman">Superman</string>
    <string name="status_bar_logo_style_windows">Vensters</string>
    <string name="status_bar_logo_style_xbox">XBOX</string>
    <!-- Pulse music visualizer -->
    <string name="pulse_help_policy_notice_title">Over Pulse</string>
    <string name="pulse_help_policy_notice_summary">Pulse is een briljante audio visualizer wanneer muziek op het apparaat speelt</string>
    <string name="pulse_settings">Pulseer</string>
    <string name="pulse_settings_summary">Audio visualizer voor navigatiebalk, vergrendelscherm en omgevingsscherm</string>
    <string name="show_navbar_pulse_title">Navigatiebalk Pulse</string>
    <string name="show_navbar_pulse_summary">Audio visualizer op de navigatiebalk</string>
    <string name="show_lockscreen_pulse_title">Vergrendelscherm Puls</string>
    <string name="show_lockscreen_pulse_summary">Audio visualizer op het vergrendelscherm</string>
    <string name="show_ambient_pulse_title">Ambient Pulse</string>
    <string name="show_ambient_pulse_summary">Audio visualizer op het omgevingsscherm</string>
    <string name="pulse_render_mode_title">Modus weergeven</string>
    <string name="pulse_render_mode_fading_bars">Vervagende blokken</string>
    <string name="pulse_render_mode_solid_lines">Ononderbroken lijnen</string>
    <string name="pulse_legacy_mode_advanced_category">Vervagende blokken modus instellingen</string>
    <string name="pulse_custom_fudge_factor">Sanity niveau</string>
    <string name="pulse_lavalamp_speed_title">Lava lampsnelheid</string>
    <string name="pulse_solid_units_count">Aantal ononderbroken lijnen</string>
    <string name="pulse_solid_units_opacity">Ononderbroken lijnen transparantie</string>
    <string name="pulse_solid_dimen_category">Ononderbroken lijnen modus instellingen</string>
    <string name="pulse_color_mode_title">Kleur</string>
    <string name="pulse_color_accent">Accent</string>
    <string name="pulse_color_custom">Aangepaste</string>
    <string name="pulse_color_lava_lamp">Lava lamp</string>
    <string name="pulse_color_auto">Album</string>
    <string name="pulse_color_user_title">Kies een kleur</string>
    <string name="pulse_smoothing_enabled_title">Zet smoothing aan</string>
    <string name="pulse_smoothing_enabled_summary">Elke balk wordt vloeiender geanimeerd</string>
    <string name="pulse_custom_dimen">Bar width</string>
    <string name="pulse_custom_div">Balk afstand</string>
    <string name="pulse_filled_block_size">Blok grootte</string>
    <string name="pulse_empty_block_size">Blok afstand</string>
    <string name="pulse_solid_units_rounded_title">Ononderbroken lijnen afgerond</string>
    <string name="pulse_solid_units_rounded_summary">Rond de solide lijnen af</string>
    <!-- Udfps animations -->
    <string name="udfps_recog_animation">Gebruik UDFPS animatie</string>
    <string name="udfps_recog_animation_summary">Toont een animatie tijdens het lezen van je vinger</string>
    <string name="udfps_recog_animation_effect_title">UDFPS aangepaste animatie</string>
    <string name="udfps_recog_animation_effect_summary">Kies animatie-effect</string>
    <!-- Udfps icon picker -->
    <string name="udfps_icon_picker_title">UDFPS icoonkiezer</string>
    <string name="udfps_icon_picker_summary">Kies je favoriete vingerafdruk icoon</string>
    <!-- Lockscreen charge temperature unit -->
    <string name="lockscreen_charge_temp_unit_title">Eenheid temperatuur</string>
    <string name="lockscreen_charge_temp_unit_farhenheit">Fahrenheit</string>
    <string name="lockscreen_charge_temp_unit_celsius">Celsius</string>
    <!-- Material dismiss all button for notifications -->
    <string name="notification_material_dismiss_title">Alles wissen notificatie knop</string>
    <string name="notification_material_dismiss_summary">Vervang alle notificatietekst door zwevende materiaalstijl knop</string>
    <string name="notification_material_dismiss_style_title">Stijl knop</string>
    <string name="notification_material_dismiss_bgstyle_title">Knop achtergrond</string>
    <!-- Bluetooth status -->
    <string name="bluetooth_battery_title">Bluetooth accustatus</string>
    <string name="bluetooth_battery_summary">Toon de accustatus van het aangesloten bluetooth apparaat, indien beschikbaar</string>
    <!-- Clock auto hide -->
    <string name="status_bar_clock_auto_hide_title">Automatisch verbergen</string>
    <string name="status_bar_clock_auto_hide_summary">Verberg klok als launcher zichtbaar is</string>
    <!-- Display Settings: Title of the setting which toggles wallpaper zooming effects on interraction -->
    <string name="wallpaper_zoom_effect_title">Achtergrond zoomeffect</string>
    <!-- Display Settings: Subtitle of the setting which toggles wallpaper zooming effects on interraction -->
    <string name="wallpaper_zoom_effect_summary">Zoom de achtergrond in om de zoom-out diepte animatie te tonen. Achtergronden kunnen een lagere kwaliteit hebben</string>
    <!-- Squiggle animation -->
    <string name="show_squiggle_animation_title">Toon squiggle animatie</string>
    <string name="show_squiggle_animation_summary">Toon media paneel squiggle animatie\nNa wijziging muziek, pauzeer muziek of beweeg de voortgangsbalk om toe te passen</string>
    <!-- Ambient battery bar settings -->
    <string name="ambient_ui">Ambient/Altijd aan schermweergave</string>
    <string name="ambient_battery_settings_title">Batterij balk</string>
    <string name="ambient_battery_settings_summary">Toon een batterijbalk op het omgevingsscherm</string>
    <string name="keyguard_show_battery_title">Batterijbalk tijdens opladen</string>
    <string name="keyguard_show_battery_summary">Toon de accubalk op het omgevingsscherm tijdens het opladen</string>
    <string name="keyguard_show_battery_always_title">Batterijbalk altijd weergeven</string>
    <string name="keyguard_show_battery_always_summary">Altijd een batterijbalk op het omgevingsscherm weergeven</string>
    <!-- Pulse Gravity and mirror options -->
    <string name="pulse_custom_gravity_title">Zwaartekracht</string>
    <string name="pulse_custom_gravity_bottom">Onderaan</string>
    <string name="pulse_custom_gravity_top">Bovenkant</string>
    <string name="pulse_custom_gravity_center">Gecentreerd</string>
    <string name="visualizer_center_mirrored_title">Centraal gespiegeld</string>
    <string name="visualizer_center_mirrored_summary">Bepaal de visualizer in het midden gespiegeld modus</string>
    <string name="pulse_vertical_mirror_title">Verticale Spiegel</string>
    <string name="pulse_vertical_mirror_summary">Andere puls maken en verticaal spiegelen</string>
    <!-- Ripple Effect on lockscreen -->
    <string name="disable_fingerprint_ripple_effect_title">Rimpel effect uitschakelen</string>
    <string name="disable_fingerprint_ripple_effect_summary">Rimpeleffect uitschakelen bij ontgrendelen</string>
    <!-- Charging animation -->
    <string name="charging_animation_title">Animatie bij opladen</string>
    <string name="charging_animation_summary">Een animatie weergeven wanneer het apparaat is aangesloten</string>
    <!-- Statusbar Clock background chip -->
    <string name="statusbar_clock_chip_title">Achtergrond chip</string>
    <string name="statusbar_clock_chip_summary">Geaccentueerde chip achter klok weergeven</string>
    <!-- Hide statusbar on lockscreen -->
    <string name="lockscreen_hide_status_bar_title">Verberg statusbalk</string>
    <string name="lockscreen_hide_status_bar_summary">Wanneer ingeschakeld, zal de statusbalk worden verborgen op het vergrendelscherm</string>
    <!-- Android P animation style -->
    <string name="pie_animation_style_title">Android P animatiestijl</string>
    <string name="pie_animation_style_summary">\"Standaard\" animaties voor Android P inschakelen</string>
    <!-- Parallel space -->
    <string name="laboratory_parallel_space_title">Parallelle ruimte</string>
    <string name="laboratory_parallel_space_summary">Meerdere exemplaren van dezelfde toepassing tegelijk toestaan</string>
</resources>
