<?xml version="1.0" encoding="utf-8"?>
<!--  Copyright (C) 2014-2016 The Dirty Unicorns Project
      Copyright (C) 2016 AospExtended ROM Project
      Copyright (C) 2022 DerpFest

  This program is free software: you can redistribute it and/or modify
  it under the terms of the GNU General Public License as published by
  the Free Software Foundation, either version 3 of the License, or
  (at your option) any later version.

  This program is distributed in the hope that it will be useful,
  but WITHOUT ANY WARRANTY; without even the implied warranty of
  MERCHANTABILITY or FITNESS FOR A PARTICULAR PURPOSE.  See the
  GNU General Public License for more details.

  You should have received a copy of the GNU General Public License
  along with this program.  If not, see <http://www.gnu.org/licenses/>.
 -->
<resources xmlns:xliff="urn:oasis:names:tc:xliff:document:1.2">
    <!-- General app strings -->
    <string name="add">Neu</string>
    <string name="advanced">Erweitert</string>
    <string name="cancel">Abbrechen</string>
    <string name="default_text">Standard</string>
    <string name="dlg_ok">Ok</string>
    <string name="attention">Aufmerksamkeit</string>
    <string name="loading">Lade\u2026</string>
    <string name="reset">Reset</string>
    <string name="reset_colors">Farben zurücksetzen</string>
    <string name="reset_android">Android</string>
    <string name="text_title">Text</string>
    <string name="icon_title">Symbol</string>
    <string name="color_title">Farbe</string>
    <string name="colors_title">Farben</string>
    <!-- DerpSpace categories -->
    <string name="icons_category">Icons</string>
    <string name="status_bar_category">Statusleiste</string>
    <string name="notifications_panel_category">QS-Panel</string>
    <string name="system_category">System</string>
    <string name="lockscreen_category">Sperrbildschirm</string>
    <string name="udfps_category">Fingerabdruck unteranzeigen</string>
    <string name="listview">Listenansicht</string>
    <!-- Frags -->
    <!-- General Tweaks -->
    <string name="general_tweaks_title">Allgemeine Einstellungen</string>
    <!-- Lockscreen UI -->
    <string name="lockscreen_ui_title">Sperrbildschirm-UI</string>
    <!-- Lockscreen general category -->
    <string name="general_category">Allgemein</string>
    <!-- Lockscreen charging category -->
    <string name="charging_category">Aufladen</string>
    <!-- Quicksettings media category -->
    <string name="media_category">Media Player</string>
    <!-- Network Traffic -->
    <string name="traffic_title">Verkehrsindikatoren</string>
    <!-- Misc DerpSpace -->
    <string name="misc_derpspace_title">Sonstige</string>
    <!-- Notifications -->
    <string name="notifications_title">Benachrichtigungen</string>
    <!-- Quick Settings -->
    <string name="quick_settings_title">Schnelleinstellungen</string>
    <!-- Status bar clock and date options -->
    <string name="status_bar_clock_title">Uhrzeit &amp; Datum Einstellungen</string>
    <!-- Quick Settings brightness slider -->
    <string name="qs_brightness_slider_category">Helligkeitsregler</string>
    <!-- Quick Settings footer category -->
    <string name="footer_category">Fußzeile</string>
    <!-- Statusbar Iten -->
    <string name="statusbar_items_category">Statusleisten-Elemente</string>
    <!-- Customisation -->
    <string name="customisation_title">Anpassung</string>
    <!-- Battery -->
    <string name="battery_title">Akku</string>
    <!-- Battery Settings -->
    <string name="battery_settings_title">Akku-Einstellungen</string>
    <!-- Battery Styles -->
    <string name="battery_style_category_title">Batterie-Stile</string>
    <string name="battery_percent_title">Akku-Prozent</string>
    <!-- App info dialog -->
    <string name="derpspace_dialog_title">Hilf uns dir zu helfen!</string>
    <string name="derpspace_dialog_message">Wenn Sie einen Fehler mit einer dieser Einstellungen finden, melden Sie ihn in unserer Telegrammgruppe. Sie MÜSSEN Folgendes angeben, wenn Sie einen Fehlerbericht posten:\n\n1. Ein Logcat oder last_kmsg\n2. Verwendeter Kernel und verwendete Mods\n3. Nützliche Informationen\n\nWenn Sie etwas nicht angemessen melden, erwarten Sie NICHT, dass die Dinge behoben werden.</string>
    <string name="derpspace_dialog_toast">LESEN SIE DIE GESAMT!</string>
    <string name="artwork_media_fade_level_summary">Das Bild des Medienbildes wird eingeblendet</string>
    <!-- QuickSettings haptic feedback -->
    <string name="qs_tile_vibration_title">Vibration</string>
    <string name="quick_settings_vibrate_title">Bei Berührung vibrieren</string>
    <string name="quick_settings_vibrate_summary">Beim Berühren von QS-Kacheln vibrieren</string>
    <string name="quick_settings_vibrate_duration_title">Vibrationsdauer</string>
    <string name="quick_settings_vibrate_duration_summary">Wieviele Millisekunden vibrieren</string>
    <!-- Tiles animation style  -->
    <string name="qs_tile_animation_title">Animationen</string>
    <string name="qs_tile_animation_style_title">Animationsstil</string>
    <string name="qs_tile_animation_duration_title">Dauer der Animation</string>
    <string name="qs_tile_animation_interpolator_title">Kachel-Animationsinterpolator</string>
    <string name="qs_tile_animation_style_off">Keine Animation</string>
    <string name="qs_tile_animation_style_flip">Drehen</string>
    <string name="qs_tile_animation_style_rotate">Drehen</string>
    <string name="qs_tile_animation_duration_low">Niedrig</string>
    <string name="qs_tile_animation_duration_default">Standard</string>
    <string name="qs_tile_animation_duration_fast">Schnell</string>
    <string name="qs_tile_animation_interpolator_linearInterpolator">Linear</string>
    <string name="qs_tile_animation_interpolator_accelerateInterpolator">Beschleunigen</string>
    <string name="qs_tile_animation_interpolator_decelerateInterpolator">Verzögern</string>
    <string name="qs_tile_animation_interpolator_accelerateDecelerateInterpolator">Verlangsamung beschleunigen</string>
    <string name="qs_tile_animation_interpolator_bounceInterpolator">Bounce</string>
    <string name="qs_tile_animation_interpolator_overshootInterpolator">Überschreiten</string>
    <string name="qs_tile_animation_interpolator_anticipateInterpolator">Erwarten</string>
    <string name="qs_tile_animation_interpolator_anticipateOvershootInterpolator">Überschreitung vorhersagen</string>
    <string name="qs_set_animation_style">%1$s</string>
    <string name="qs_set_animation_duration">%1$s</string>
    <string name="qs_set_animation_interpolator">%1$s</string>
    <!-- 4G icon -->
    <string name="show_fourg_icon_title">4G-Symbol</string>
    <string name="show_fourg_icon_summary">4G-Symbol im Signalsymbol anzeigen</string>
    <!-- Data disabled icon -->
    <string name="data_disabled_icon_title">Deaktiviertes Datensymbol anzeigen</string>
    <string name="data_disabled_icon_summary">Das Kreuzzeichen neben der Signalleiste anzeigen, wenn Daten deaktiviert sind</string>
    <!-- QS footer warnings -->
    <string name="qs_footer_warnings_title">QS-Fußzeile Warnungen</string>
    <string name="qs_footer_warnings_summary">Eine Warnung am unteren Rand des QS-Panels anzeigen, wenn das Netzwerk von externen Apps oder vpn überwacht wird</string>
    <!-- Old mobile type icons -->
    <string name="use_old_mobiletype_title">Kleines mobiles Symbol</string>
    <string name="use_old_mobiletype_summary">Symbol des Mobil-Typs oberhalb der Signalanzeige anzeigen</string>
    <!-- Lockscreen battery info indicator  -->
    <string name="lockscreen_battery_info_title">Sperrbildschirm-Ladedaten</string>
    <string name="lockscreen_battery_info_summary">Ladestrom, Spannung, Wattage und Batterietemperatur beim Laden auf dem Sperrbildschirm anzeigen</string>
    <!-- Tiles on secure keyguard -->
    <string name="use_tiles_on_secure_keyguard_title">Entsperren zur Verwendung sensibler Kacheln erforderlich</string>
    <string name="use_tiles_on_secure_keyguard_summary">Sperrbildschirm bei Verwendung sensibler Kacheln entsperren</string>
    <!-- QS footer text -->
    <string name="qs_footer_text_show_title">Text der QS-Fußzeile anzeigen</string>
    <string name="qs_footer_text_string_title">Text der Fußzeile anpassen</string>
    <string name="qs_footer_text_string_summary">Leer setzen für Standard #StayDerped</string>
    <!-- Notifications general category -->
    <string name="notifications_general_category_title">Allgemein</string>
    <!-- Notification count -->
    <string name="status_bar_notif_count_title">Benachrichtigungszähler</string>
    <string name="status_bar_notif_count_summary">Anzahl der ausstehenden Benachrichtigungen anzeigen</string>
    <!-- Units -->
    <string name="unit_seconds">s</string>
    <string name="unit_milliseconds">M</string>
    <string name="unit_pixels">dp</string>
    <!-- [CHAR_LIMIT=NONE] Developer Settings: Title of the settings category for theme overlays. -->
    <string name="theme_customization_category">Design</string>
    <!-- [CHAR_LIMIT=NONE] Developer Settings: Title of the setting which enables overlays to customize headline and body fonts. -->
    <string name="theme_customization_font_title">Überschrift / Body Schriftart</string>
    <string name="theme_customization_font_summary">System-Schriftart festlegen</string>
    <!-- [CHAR_LIMIT=NONE] Developer Settings: Title of the setting which enables overlays to customize the adaptive icon shape (e.g. launcher and quick settings icons). -->
    <string name="theme_customization_icon_shape_title">Symbolform</string>
    <string name="theme_customization_icon_shape_summary">Stil der Systemsymbol Form festlegen</string>
    <!-- [CHAR_LIMIT=NONE] Developer Settings: Title of the setting which enables overlays to customize the system wide icon pack. -->
    <string name="theme_customization_icon_pack_title">Icon-Paket</string>
    <string name="theme_customization_icon_pack_summary">Stil des Icon-Pakets festlegen</string>
    <!-- [CHAR_LIMIT=NONE] Developer Settings: Label for the option that turns off customizations for a given category.-->
    <string name="theme_customization_device_default">Gerätestandard</string>
    <!-- Custom Wi-Fi bar icons -->
    <string name="theme_customization_wifi_icon_title">WiFi-Symbol</string>
    <string name="theme_customization_wifi_icon_summary">Wifi Icon Stil festlegen</string>
    <!-- Custom Signal bar icons -->
    <string name="theme_customization_signal_icon_title">Signalsymbole</string>
    <string name="theme_customization_signal_icon_summary">Signalsymbole Stil setzen</string>
    <!-- Black theme -->
    <string name="system_black_theme_title">Verwende schwarzes Theme</string>
    <string name="system_black_theme_summary">Erzwinge schwarze Hintergrundfarben</string>
    <!-- UI styles -->
    <string name="theme_customization_ui_style_title">UI-Stil</string>
    <string name="theme_customization_ui_style_summary">Benutzerdefinierter Stil für Ihre Schnittstelle festlegen</string>
    <!-- Applications fragment -->
    <string name="search">Suchen</string>
    <string name="search_apps">Apps suchen</string>
    <!-- reTicker -->
    <string name="reticker_title">reTicker</string>
    <string name="reticker_summary">Ersetzen Sie Ihre Benachrichtigungen durch eine neu gestaltete Version von Tickers. \nSlim und weniger invasiv als eine Standard-Benachrichtigung</string>
    <string name="reticker_colored_title">App-farbigen Hintergrund verwenden</string>
    <string name="reticker_colored_summary">Hintergrundfarbe für ReTicker durch Hauptfarbe der Benachrichtigungs-App ersetzen</string>
    <string name="reticker_landscape_only_title">Nur Querformat</string>
    <string name="reticker_landscape_only_summary">ReTicker nur im Querformat aktivieren</string>
    <!-- Network traffic -->
    <string name="network_traffic_title">Netzwerkverkehrsindikator</string>
    <string name="network_traffic_summary">Aktiviere oder deaktiviere die Anzeige der Netzwerkgeschwindigkeit in der Statusleiste</string>
    <string name="network_traffic_state_title">\"Netzwerkverkehrsindikator\" aktivieren</string>
    <string name="network_options_title">Optionen</string>
    <string name="network_traffic_autohide_title">Netzwerkverkehrsindikator ausblenden, wenn inaktiv</string>
    <string name="network_traffic_autohide_summary">Verstecken, wenn der Netzwerkverkehr unter 1 KB/s liegt</string>
    <!-- Media art -->
    <string name="lockscreen_media_art_options_title">Mediencover</string>
    <string name="media_art_title">Mediencover</string>
    <string name="media_art_summary">Medien-Cover anzeigen, wenn verfügbar</string>
    <!-- Lock screen cover art -->
    <string name="lockscreen_media_blur_title">Medienkunst-Unschärfe-Level</string>
    <!-- Clock position -->
    <string name="status_bar_clock_position_center">Zentriert</string>
    <string name="status_bar_clock_position_left">Links</string>
    <string name="status_bar_clock_position_right">Rechts</string>
    <string name="status_bar_clock_position_title">Position der Uhr</string>
    <!-- Clock AM/PM -->
    <string name="status_bar_am_pm_hidden">Hidden</string>
    <string name="status_bar_am_pm_normal">Normal</string>
    <string name="status_bar_am_pm_small">Klein</string>
    <string name="status_bar_am_pm_title">Uhr-AM/PM-Stil</string>
    <string name="status_bar_am_pm_unavailable">24-Stunden-Uhr ist aktiviert</string>
    <!-- Clock show seconds -->
    <string name="status_bar_clock_show_seconds_title">Uhrzeit Serien Sekunden</string>
    <string name="status_bar_clock_show_seconds_desc">Stunden, Minuten und Sekunden anzeigen</string>
    <!-- Battery style and percentage -->
    <string name="status_bar_battery_style_circle">Kreis</string>
    <string name="status_bar_battery_style_icon_portrait">Icon Hochformat</string>
    <string name="status_bar_battery_style_text">Text</string>
    <string name="status_bar_battery_style_title">Stil des Akkustatus</string>
    <string name="status_bar_battery_percentage_hidden">Hidden</string>
    <string name="status_bar_battery_percentage_text_inside">In dem Symbol</string>
    <string name="status_bar_battery_percentage_text_next">Neben dem Symbol</string>
    <string name="status_bar_battery_percentage_title">Akku-Prozentsatz</string>
    <!-- Brightness slider -->
    <string name="qqs_show_brightness_title">Zeige Helligkeitsregler im Schnell-QS-Panel</string>
    <string name="brightness_slider_position_title">Helligkeitsregler Position</string>
    <string name="top">Oben</string>
    <string name="bottom">Unten</string>
    <string name="show_auto_brightness_button_title">Automatische Helligkeitstaste anzeigen</string>
    <!-- Pulse -->
    <string name="ambient_light_category">Kantenbeleuchtung</string>
    <string name="keywords_pulse_ambient_light_display">Benachrichtigungen, Benachrichtigungen, Kante, Licht, Farbe, Farbe</string>
    <string name="pulse_ambient_light_text">Die Kantenbeleuchtung macht Ihren Bildschirm leuchtend, wenn Sie eine Benachrichtigung erhalten. Dies macht es einfacher zu erkennen, wenn Sie einen Puls erhalten, während das Telefon im Dozemodus ist.</string>
    <string name="pulse_ambient_light_enable">Kantenbeleuchtung verwenden</string>
    <string name="pulse_ambient_light_title">Kantenbeleuchtung</string>
    <string name="pulse_ambient_light_summary">Bei Benachrichtigung-Puls die Seitenkanten des Bildschirms aufleuchten</string>
    <string name="ambient_notification_light_accent_title">System-Akzentfarbe</string>
    <string name="ambient_notification_light_color_automatic_title">Benachrichtigungsfarbe</string>
    <string name="pulse_ambient_light_color">Beim Pulsen verwenden</string>
    <!-- QS tiles layout -->
    <string name="qs_tile_layout_title">QS-Kachel-Layout</string>
    <string name="qs_tile_layout_summary">Kachel-Layout im QS-Panel anpassen</string>
    <string name="qs_tiles_layout_category">Kachel-Layout</string>
    <string name="qs_rows_portrait_title">Zeilen (Hochformat)</string>
    <string name="qqs_rows_portrait_title">Zeilen (Schnell-QS-Hochformat)</string>
    <string name="qs_columns_portrait_title">Spalten (Hochformat)</string>
    <string name="qs_apply_change_button_title">Änderung anwenden</string>
    <string name="qs_apply_change_failed">Änderung fehlgeschlagen</string>
    <string name="qs_tile_hide_label_title">Labels ausblenden</string>
    <string name="qs_tile_hide_label_summary">Nur Symbol für QS-Kacheln anzeigen</string>
    <string name="qs_tile_vertical_layout_title">Vertikales Layout</string>
    <string name="qs_tile_vertical_layout_summary">Aktiviere vertikales Layout für QS-Kacheln</string>
    <!-- Statusbar lyric -->
    <string name="status_bar_lyric_title">Statusleisten-Lyrik</string>
    <string name="status_bar_lyric_summary">Lyric in der Statusleiste anzeigen (benötigt Unterstützung für App)</string>
    <string name="status_bar_show_lyric_title">Statusleisten-Lyrik aktivieren</string>
    <!-- Statusbar logo -->
    <string name="status_bar_logo_category_title">Logo</string>
    <string name="status_bar_logo_title">Logo</string>
    <string name="status_bar_logo_summary">Aktivieren, um das Logo in der Statusleiste anzuzeigen</string>
    <string name="status_bar_logo_position_title">Position</string>
    <string name="status_bar_logo_position_summary">Wähle auf welcher Seite das Logo angezeigt werden soll, links oder rechts</string>
    <string name="status_bar_logo_position_right">Rechts</string>
    <string name="status_bar_logo_position_left">Links</string>
    <string name="status_bar_logo_style_title">Stil</string>
    <string name="status_bar_logo_style_derp">DerpFest</string>
    <string name="status_bar_logo_style_derp_alt">DerpFest Dreieck</string>
    <string name="status_bar_logo_style_adidas">Adidas</string>
    <string name="status_bar_logo_style_airjordan">Air Jordanien</string>
    <string name="status_bar_logo_style_apple">Apfel</string>
    <string name="status_bar_logo_style_avengers">Rächer</string>
    <string name="status_bar_logo_style_batman">Batman</string>
    <string name="status_bar_logo_style_batman_tdk">Batman der dunkle Ritter</string>
    <string name="status_bar_logo_style_beats">Schläge</string>
    <string name="status_bar_logo_style_biohazard">Biohazard</string>
    <string name="status_bar_logo_style_blackberry">Brombeere</string>
    <string name="status_bar_logo_style_cannabis">Cannabis</string>
    <string name="status_bar_logo_style_fire">Feuer</string>
    <string name="status_bar_logo_style_nike">Nike</string>
    <string name="status_bar_logo_style_pac_man">Pac-Man</string>
    <string name="status_bar_logo_style_puma">Puma</string>
    <string name="status_bar_logo_style_rog">ROG</string>
    <string name="status_bar_logo_style_superman">Supermann</string>
    <string name="status_bar_logo_style_windows">Fenster</string>
    <string name="status_bar_logo_style_xbox">XBOX</string>
    <!-- Pulse music visualizer -->
    <string name="pulse_help_policy_notice_title">Über Pulse</string>
    <string name="pulse_help_policy_notice_summary">Pulse ist ein brillanter Audiovisualizer, wenn Musik auf dem Gerät abgespielt wird</string>
    <string name="pulse_settings">Pulse</string>
    <string name="pulse_settings_summary">Audio-Visualizer für Navigationsleiste, Sperrbildschirm und Umgebungsbildschirm</string>
    <string name="show_navbar_pulse_title">Navbar-Puls</string>
    <string name="show_navbar_pulse_summary">Audio-Visualizer in der Navigationsleiste</string>
    <string name="show_lockscreen_pulse_title">Sperrbildschirm Puls</string>
    <string name="show_lockscreen_pulse_summary">Audio-Visualizer auf dem Sperrbildschirm</string>
    <string name="show_ambient_pulse_title">Umgebungsimpuls</string>
    <string name="show_ambient_pulse_summary">Audio-Visualizer auf dem Umgebungsbildschirm</string>
    <string name="pulse_render_mode_title">Render-Modus</string>
    <string name="pulse_render_mode_fading_bars">Blöcke ausblenden</string>
    <string name="pulse_render_mode_solid_lines">Solide Linien</string>
    <string name="pulse_legacy_mode_advanced_category">Blöcke Modus Einstellungen ausblenden</string>
    <string name="pulse_custom_fudge_factor">Vernunftstufe</string>
    <string name="pulse_lavalamp_speed_title">Lava-Lampengeschwindigkeit</string>
    <string name="pulse_solid_units_count">Feste Zeilenzahl</string>
    <string name="pulse_solid_units_opacity">Feste Linien Deckkraft</string>
    <string name="pulse_solid_dimen_category">Solide Linienmodus-Einstellungen</string>
    <string name="pulse_color_mode_title">Farbe</string>
    <string name="pulse_color_accent">Akzent</string>
    <string name="pulse_color_custom">Eigene</string>
    <string name="pulse_color_lava_lamp">Lava lamp</string>
    <string name="pulse_color_auto">Album</string>
    <string name="pulse_color_user_title">Farbe wählen</string>
    <string name="pulse_smoothing_enabled_title">Glättung einschalten</string>
    <string name="pulse_smoothing_enabled_summary">Jede Bar ist glatter animiert</string>
    <string name="pulse_custom_dimen">Bar width</string>
    <string name="pulse_custom_div">Balkenabstand</string>
    <string name="pulse_filled_block_size">Blockgröße</string>
    <string name="pulse_empty_block_size">Blockabstand</string>
    <string name="pulse_solid_units_rounded_title">Solide Linien abgerundet</string>
    <string name="pulse_solid_units_rounded_summary">Rundung der festen Linien</string>
    <!-- Udfps animations -->
    <string name="udfps_recog_animation">UDFPS Animation verwenden</string>
    <string name="udfps_recog_animation_summary">Zeigt eine Animation beim Lesen deines Fingers</string>
    <string name="udfps_recog_animation_effect_title">UDFPS benutzerdefinierte Animation</string>
    <string name="udfps_recog_animation_effect_summary">Animationseffekt auswählen</string>
    <!-- Udfps icon picker -->
    <string name="udfps_icon_picker_title">UDFPS Symbolauswahl</string>
    <string name="udfps_icon_picker_summary">Wähle dein Lieblings-Fingerabdruck-Symbol</string>
    <!-- Lockscreen charge temperature unit -->
    <string name="lockscreen_charge_temp_unit_title">Temperatureinheit</string>
    <string name="lockscreen_charge_temp_unit_farhenheit">Fahrenheit</string>
    <string name="lockscreen_charge_temp_unit_celsius">Celsius</string>
    <!-- Material dismiss all button for notifications -->
    <string name="notification_material_dismiss_title">\"Alle löschen\"-Button</string>
    <string name="notification_material_dismiss_summary">Lösche den gesamten Benachrichtigungstext mit schwebendem Material</string>
    <string name="notification_material_dismiss_style_title">Schaltflächenstil</string>
    <string name="notification_material_dismiss_bgstyle_title">Hintergrund der Schaltfläche</string>
    <!-- Bluetooth status -->
    <string name="bluetooth_battery_title">Bluetooth-Akkustatus</string>
    <string name="bluetooth_battery_summary">Batteriestatus für das angeschlossene Bluetooth-Gerät anzeigen, falls verfügbar</string>
    <!-- Clock auto hide -->
    <string name="status_bar_clock_auto_hide_title">Auto-Verstecken</string>
    <string name="status_bar_clock_auto_hide_summary">Uhr ausblenden, wenn Launcher sichtbar ist</string>
    <!-- Display Settings: Title of the setting which toggles wallpaper zooming effects on interraction -->
    <string name="wallpaper_zoom_effect_title">Hintergrundbild Zoom-Effekt</string>
    <!-- Display Settings: Subtitle of the setting which toggles wallpaper zooming effects on interraction -->
    <string name="wallpaper_zoom_effect_summary">Vergrößern Sie das Hintergrundbild, um die Animation mit Zoom-out-Tiefe anzuzeigen. Hintergrundbilder können unter Qualitätsverlust leiden</string>
    <!-- Squiggle animation -->
    <string name="show_squiggle_animation_title">Squiggle-Animation anzeigen</string>
    <string name="show_squiggle_animation_summary">Zeige Medienfensteranimation\nNach dem Ändern muss Musik wechseln, Musik pausieren oder den Fortschrittsbalken verschieben um ihn zu übernehmen</string>
    <!-- Ambient battery bar settings -->
    <string name="ambient_ui">Ambient/Immer auf dem Display</string>
    <string name="ambient_battery_settings_title">Akkuleiste</string>
    <string name="ambient_battery_settings_summary">Akkuleiste auf dem Umgebungsbildschirm anzeigen</string>
    <string name="keyguard_show_battery_title">Akkuleiste beim Laden</string>
    <string name="keyguard_show_battery_summary">Akkuleiste beim Laden auf dem Umgebungsbildschirm anzeigen</string>
    <string name="keyguard_show_battery_always_title">Akkuleiste immer anzeigen</string>
    <string name="keyguard_show_battery_always_summary">Akkuleiste immer auf dem Umgebungsbildschirm anzeigen</string>
    <!-- Pulse Gravity and mirror options -->
    <string name="pulse_custom_gravity_title">Schwerkraft</string>
    <string name="pulse_custom_gravity_bottom">Unten</string>
    <string name="pulse_custom_gravity_top">Oben</string>
    <string name="pulse_custom_gravity_center">Zentriert</string>
    <string name="visualizer_center_mirrored_title">Zentriert gespiegelt</string>
    <string name="visualizer_center_mirrored_summary">Setze den Visualizer im zentrierten Spiegelungsmodus</string>
    <string name="pulse_vertical_mirror_title">Vertikaler Spiegel</string>
    <string name="pulse_vertical_mirror_summary">Erstelle anderen Puls und wende vertikal</string>
    <!-- Ripple Effect on lockscreen -->
    <string name="disable_fingerprint_ripple_effect_title">Ripple-Effekt deaktivieren</string>
    <string name="disable_fingerprint_ripple_effect_summary">Rippeleffekt beim Entsperren deaktivieren</string>
    <!-- Charging animation -->
    <string name="charging_animation_title">Ladeanimation</string>
    <string name="charging_animation_summary">Animation anzeigen, wenn das Gerät angeschlossen ist</string>
    <!-- Statusbar Clock background chip -->
    <string name="statusbar_clock_chip_title">Hintergrund-Chip</string>
    <string name="statusbar_clock_chip_summary">Akzentuierter Chip hinter der Uhr anzeigen</string>
    <!-- Hide statusbar on lockscreen -->
    <string name="lockscreen_hide_status_bar_title">Statusleiste ausblenden</string>
    <string name="lockscreen_hide_status_bar_summary">Wenn aktiviert, wird die Statusleiste auf dem Sperrbildschirm ausgeblendet</string>
    <!-- Android P animation style -->
    <string name="pie_animation_style_title">Android P Animationsstil</string>
    <string name="pie_animation_style_summary">Aktiviere Android P \"Standard\"-Animationen</string>
    <!-- Parallel space -->
    <string name="laboratory_parallel_space_title">Paralleler Speicher</string>
    <string name="laboratory_parallel_space_summary">Erlaube das gleichzeitige Ausführen mehrerer Instanzen derselben Anwendung</string>
</resources>
