<?xml version="1.0" encoding="utf-8"?>
<!--  Copyright (C) 2014-2016 The Dirty Unicorns Project
      Copyright (C) 2016 AospExtended ROM Project
      Copyright (C) 2022 DerpFest

  This program is free software: you can redistribute it and/or modify
  it under the terms of the GNU General Public License as published by
  the Free Software Foundation, either version 3 of the License, or
  (at your option) any later version.

  This program is distributed in the hope that it will be useful,
  but WITHOUT ANY WARRANTY; without even the implied warranty of
  MERCHANTABILITY or FITNESS FOR A PARTICULAR PURPOSE.  See the
  GNU General Public License for more details.

  You should have received a copy of the GNU General Public License
  along with this program.  If not, see <http://www.gnu.org/licenses/>.
 -->
<resources xmlns:xliff="urn:oasis:names:tc:xliff:document:1.2">
    <!-- General app strings -->
    <string name="add">إضافة</string>
    <string name="advanced">متقدم</string>
    <string name="cancel">إلغاء</string>
    <string name="default_text">الافتراضي</string>
    <string name="dlg_ok">حسناً</string>
    <string name="attention">الانتباه</string>
    <string name="loading">جارٍ التحميل\u2026</string>
    <string name="reset">Reset</string>
    <string name="reset_colors">إعادة تعيين الألوان</string>
    <string name="reset_android">Android</string>
    <string name="text_title">نص</string>
    <string name="icon_title">أيقونة</string>
    <string name="color_title">اللون</string>
    <string name="colors_title">الألوان</string>
    <!-- DerpSpace categories -->
    <string name="icons_category">أيقونات</string>
    <string name="status_bar_category">شريط الحالة</string>
    <string name="notifications_panel_category">لوحة الإعدادات السريعة</string>
    <string name="system_category">النظام</string>
    <string name="lockscreen_category">شاشة القفل</string>
    <string name="udfps_category">عدم عرض بصمة الإصبع</string>
    <string name="listview">عرض القائمة</string>
    <!-- Frags -->
    <!-- General Tweaks -->
    <string name="general_tweaks_title">الإعدادات العامة</string>
    <!-- Lockscreen UI -->
    <string name="lockscreen_ui_title">واجهة شاشة القفل</string>
    <!-- Lockscreen general category -->
    <string name="general_category">عام</string>
    <!-- Lockscreen charging category -->
    <string name="charging_category">الشحن</string>
    <!-- Quicksettings media category -->
    <string name="media_category">مشغل الوسائط</string>
    <!-- Network Traffic -->
    <string name="traffic_title">مؤشرات المرور</string>
    <!-- Misc DerpSpace -->
    <string name="misc_derpspace_title">متنوعات</string>
    <!-- Notifications -->
    <string name="notifications_title">الإشعارات</string>
    <!-- Quick Settings -->
    <string name="quick_settings_title">الإعدادات السريعة</string>
    <!-- Status bar clock and date options -->
    <string name="status_bar_clock_title">الساعة &amp; إعدادات التاريخ</string>
    <!-- Quick Settings brightness slider -->
    <string name="qs_brightness_slider_category">شريط تمرير السطوع</string>
    <!-- Quick Settings footer category -->
    <string name="footer_category">تذييل</string>
    <!-- Statusbar Iten -->
    <string name="statusbar_items_category">عناصر شريط الحالة</string>
    <!-- Customisation -->
    <string name="customisation_title">التخصيص</string>
    <!-- Battery -->
    <string name="battery_title">البطارية</string>
    <!-- Battery Settings -->
    <string name="battery_settings_title">إعدادات البطارية</string>
    <!-- Battery Styles -->
    <string name="battery_style_category_title">أنماط البطارية</string>
    <string name="battery_percent_title">نسبة البطارية</string>
    <!-- App info dialog -->
    <string name="derpspace_dialog_title">ساعدنا في مساعدتك!</string>
    <string name="derpspace_dialog_message">إذا وجدت خطأ مع أي من هذه الإعدادات، فأبلغ عنه في مجموعة تيليجرام. قمت بتضمين ما يلي عند نشر تقرير عن الأخطاء:\n\n1. logcat أو last_kmsg\n2. النواة والمودعات المستخدمة\n3. معلومات مفيدة\n\nإذا فشلت في الإبلاغ عن شيء ما بشكل كاف، لا تتوقع أن يتم إصلاح الأشياء.</string>
    <string name="derpspace_dialog_toast">اطلع على كل شيء!</string>
    <string name="artwork_media_fade_level_summary">تلاشي صورة الأعمال الفنية لوسائط الإعلام</string>
    <!-- QuickSettings haptic feedback -->
    <string name="qs_tile_vibration_title">الاهتزاز</string>
    <string name="quick_settings_vibrate_title">يهتز عند اللمس</string>
    <string name="quick_settings_vibrate_summary">الاهتزاز عند لمس بلاط الإعدادات السريعة</string>
    <string name="quick_settings_vibrate_duration_title">مدة الاهتزاز</string>
    <string name="quick_settings_vibrate_duration_summary">كم من المللي ثانية للاهتزاز</string>
    <!-- Tiles animation style  -->
    <string name="qs_tile_animation_title">الرسوم المتحركة</string>
    <string name="qs_tile_animation_style_title">نمط الحركة</string>
    <string name="qs_tile_animation_duration_title">مدة الرسوم المتحركة</string>
    <string name="qs_tile_animation_interpolator_title">مستقطب حركة البلاط</string>
    <string name="qs_tile_animation_style_off">لا توجد رسوم متحركة</string>
    <string name="qs_tile_animation_style_flip">قلب</string>
    <string name="qs_tile_animation_style_rotate">تدوير</string>
    <string name="qs_tile_animation_duration_low">منخفض</string>
    <string name="qs_tile_animation_duration_default">الافتراضي</string>
    <string name="qs_tile_animation_duration_fast">سريع</string>
    <string name="qs_tile_animation_interpolator_linearInterpolator">خطي</string>
    <string name="qs_tile_animation_interpolator_accelerateInterpolator">تسارع</string>
    <string name="qs_tile_animation_interpolator_decelerateInterpolator">تباطؤ</string>
    <string name="qs_tile_animation_interpolator_accelerateDecelerateInterpolator">تسريع التباطؤ</string>
    <string name="qs_tile_animation_interpolator_bounceInterpolator">الارتداد</string>
    <string name="qs_tile_animation_interpolator_overshootInterpolator">تجاوز</string>
    <string name="qs_tile_animation_interpolator_anticipateInterpolator">توقع</string>
    <string name="qs_tile_animation_interpolator_anticipateOvershootInterpolator">توقع التجاوز</string>
    <string name="qs_set_animation_style">%1$s</string>
    <string name="qs_set_animation_duration">%1$s</string>
    <string name="qs_set_animation_interpolator">%1$s</string>
    <!-- 4G icon -->
    <string name="show_fourg_icon_title">أيقونة 4G</string>
    <string name="show_fourg_icon_summary">عرض رمز 4G في رمز الإشارة بدلاً من LTE</string>
    <!-- Data disabled icon -->
    <string name="data_disabled_icon_title">إظهار أيقونة البيانات المعطلة</string>
    <string name="data_disabled_icon_summary">عرض علامة التقاطع بجانب شريط الإشارة عند تعطيل البيانات</string>
    <!-- QS footer warnings -->
    <string name="qs_footer_warnings_title">تحذيرات تذييل الإعدادات السريعة</string>
    <string name="qs_footer_warnings_summary">عرض تحذير في أسفل لوحة الإعدادات السريعة عندما تكون الشبكة مراقبة بواسطة تطبيقات خارجية أو vpn</string>
    <!-- Old mobile type icons -->
    <string name="use_old_mobiletype_title">رمز نوع الجوال الصغير</string>
    <string name="use_old_mobiletype_summary">إظهار رمز نوع الجوال في أعلى مؤشر الإشارة</string>
    <!-- Lockscreen battery info indicator  -->
    <string name="lockscreen_battery_info_title">معلومات شحن شاشة القفل</string>
    <string name="lockscreen_battery_info_summary">إظهار تيار الشحن والفولطية والساعات ودرجة حرارة البطارية على شاشة القفل أثناء الشحن</string>
    <!-- Tiles on secure keyguard -->
    <string name="use_tiles_on_secure_keyguard_title">يتطلب إلغاء القفل لاستخدام البلاطات الحساسة</string>
    <string name="use_tiles_on_secure_keyguard_summary">اطلب فتح قفل الشاشة عند استخدام المربعات الحساسة</string>
    <!-- QS footer text -->
    <string name="qs_footer_text_show_title">إظهار نص تذييل الإعدادات السريعة</string>
    <string name="qs_footer_text_string_title">تخصيص نص تذييل الصفحة</string>
    <string name="qs_footer_text_string_summary">تعيين إلى فارغ لـ #StayDerped الافتراضي</string>
    <!-- Notifications general category -->
    <string name="notifications_general_category_title">عام</string>
    <!-- Notification count -->
    <string name="status_bar_notif_count_title">عدد الإشعارات</string>
    <string name="status_bar_notif_count_summary">عرض عدد الإشعارات المعلقة</string>
    <!-- Units -->
    <string name="unit_seconds">ث</string>
    <string name="unit_milliseconds">م.ث</string>
    <string name="unit_pixels">د.ب</string>
    <!-- [CHAR_LIMIT=NONE] Developer Settings: Title of the settings category for theme overlays. -->
    <string name="theme_customization_category">القالب</string>
    <!-- [CHAR_LIMIT=NONE] Developer Settings: Title of the setting which enables overlays to customize headline and body fonts. -->
    <string name="theme_customization_font_title">العنوان / خط الجسم</string>
    <string name="theme_customization_font_summary">تعيين نمط خط النظام</string>
    <!-- [CHAR_LIMIT=NONE] Developer Settings: Title of the setting which enables overlays to customize the adaptive icon shape (e.g. launcher and quick settings icons). -->
    <string name="theme_customization_icon_shape_title">شكل الأيقونة</string>
    <string name="theme_customization_icon_shape_summary">تعيين نمط شكل رمز النظام</string>
    <!-- [CHAR_LIMIT=NONE] Developer Settings: Title of the setting which enables overlays to customize the system wide icon pack. -->
    <string name="theme_customization_icon_pack_title">حزمة الأيقونات</string>
    <string name="theme_customization_icon_pack_summary">تعيين نمط حزمة الأيقونات المخصصة</string>
    <!-- [CHAR_LIMIT=NONE] Developer Settings: Label for the option that turns off customizations for a given category.-->
    <string name="theme_customization_device_default">الجهاز الافتراضي</string>
    <!-- Custom Wi-Fi bar icons -->
    <string name="theme_customization_wifi_icon_title">أيقونة Wifi</string>
    <string name="theme_customization_wifi_icon_summary">تعيين نمط أيقونة Wi-Fi</string>
    <!-- Custom Signal bar icons -->
    <string name="theme_customization_signal_icon_title">أيقونات الإشارة</string>
    <string name="theme_customization_signal_icon_summary">تعيين نمط أيقونات الإشارة</string>
    <!-- Black theme -->
    <string name="system_black_theme_title">استخدام السمة السوداء</string>
    <string name="system_black_theme_summary">إجبار ألوان الخلفية السوداء</string>
    <!-- UI styles -->
    <string name="theme_customization_ui_style_title">نمط واجهة المستخدم</string>
    <string name="theme_customization_ui_style_summary">تعيين نمط مخصص لواجهتك</string>
    <!-- Applications fragment -->
    <string name="search">البحث</string>
    <string name="search_apps">البحث عن التطبيقات</string>
    <!-- reTicker -->
    <string name="reticker_title">reTicker</string>
    <string name="reticker_summary">استبدل الإشعارات الخاصة بك بنسخة معاد تصميمها من الملصقات. \nSlim وأقل عدوانية من إشعار عادي</string>
    <string name="reticker_colored_title">استخدام الخلفية الملونة للتطبيق</string>
    <string name="reticker_colored_summary">استبدال لون خلفية الـ reTicker باستخدام اللون الرئيسي لتطبيق الإشعارات</string>
    <string name="reticker_landscape_only_title">أفقي فقط</string>
    <string name="reticker_landscape_only_summary">تمكين reTicker فقط عندما يكون الجهاز في الوضع الأفقي</string>
    <!-- Network traffic -->
    <string name="network_traffic_title">مؤشر حركة الشبكة</string>
    <string name="network_traffic_summary">تمكين أو تعطيل مؤشر سرعة الشبكة في شريط الحالة</string>
    <string name="network_traffic_state_title">تمكين \"مؤشر حركة مرور الشبكة\"</string>
    <string name="network_options_title">خيارات</string>
    <string name="network_traffic_autohide_title">إخفاء مؤشر حركة بيانات الشبكة عندما تكون غير نشطة</string>
    <string name="network_traffic_autohide_summary">إخفاء عندما تكون حركة مرور الشبكة أقل من 1 كيلوبايت/ث</string>
    <!-- Media art -->
    <string name="lockscreen_media_art_options_title">فن غلاف الوسائط</string>
    <string name="media_art_title">فن غلاف الوسائط</string>
    <string name="media_art_summary">عرض صورة غلاف الوسائط عندما تكون متاحة</string>
    <!-- Lock screen cover art -->
    <string name="lockscreen_media_blur_title">مستوى ضبابية فن الوسائط</string>
    <!-- Clock position -->
    <string name="status_bar_clock_position_center">الوسط</string>
    <string name="status_bar_clock_position_left">اليسار</string>
    <string name="status_bar_clock_position_right">يمين</string>
    <string name="status_bar_clock_position_title">موضع الساعة</string>
    <!-- Clock AM/PM -->
    <string name="status_bar_am_pm_hidden">Hidden</string>
    <string name="status_bar_am_pm_normal">عادي</string>
    <string name="status_bar_am_pm_small">صغير</string>
    <string name="status_bar_am_pm_title">نمط الساعة AM/PM</string>
    <string name="status_bar_am_pm_unavailable">تم تمكين الساعة 24 ساعة</string>
    <!-- Clock show seconds -->
    <string name="status_bar_clock_show_seconds_title">ساعة عرض الثواني</string>
    <string name="status_bar_clock_show_seconds_desc">إظهار الساعات، الدقائق، والثواني</string>
    <!-- Battery style and percentage -->
    <string name="status_bar_battery_style_circle">دائرة</string>
    <string name="status_bar_battery_style_icon_portrait">رمز عمودي</string>
    <string name="status_bar_battery_style_text">نص</string>
    <string name="status_bar_battery_style_title">نمط حالة البطارية</string>
    <string name="status_bar_battery_percentage_hidden">Hidden</string>
    <string name="status_bar_battery_percentage_text_inside">داخل الرمز</string>
    <string name="status_bar_battery_percentage_text_next">بعد الأيقونة</string>
    <string name="status_bar_battery_percentage_title">نسبة البطارية</string>
    <!-- Brightness slider -->
    <string name="qqs_show_brightness_title">إظهار شريط تمرير السطوع في لوحة الإعدادات السريعة</string>
    <string name="brightness_slider_position_title">موضع شريط تمرير السطوع</string>
    <string name="top">أعلى</string>
    <string name="bottom">أسفل</string>
    <string name="show_auto_brightness_button_title">إظهار زر السطوع التلقائي</string>
    <!-- Pulse -->
    <string name="ambient_light_category">إضاءة الحافة</string>
    <string name="keywords_pulse_ambient_light_display">الإشعار، الإشعارات، الحافة، الضوء، اللون، اللون</string>
    <string name="pulse_ambient_light_text">إضاءة الحافة تجعل شاشتك مشتعلة عندما تتلقى إشعارا. هذا يجعل من الأسهل معرفة عندما تحصل على نبض بينما يكون الهاتف وضع الغموض.</string>
    <string name="pulse_ambient_light_enable">استخدام إضاءة الحافة</string>
    <string name="pulse_ambient_light_title">إضاءة الحافة</string>
    <string name="pulse_ambient_light_summary">إضاءة الحواف الجانبية للشاشة على نبض الإشعارات</string>
    <string name="ambient_notification_light_accent_title">لون لكنة النظام</string>
    <string name="ambient_notification_light_color_automatic_title">لون الإشعارات</string>
    <string name="pulse_ambient_light_color">عند النبض، استخدم</string>
    <!-- QS tiles layout -->
    <string name="qs_tile_layout_title">تخطيط بلاط الإعدادات السريعة</string>
    <string name="qs_tile_layout_summary">تخصيص تخطيط البلاط في لوحة الإعدادات السريعة</string>
    <string name="qs_tiles_layout_category">تخطيط البلاط</string>
    <string name="qs_rows_portrait_title">الصفوف (عمودي)</string>
    <string name="qqs_rows_portrait_title">الصفوف (صورة سريعة للإعدادات السريعة)</string>
    <string name="qs_columns_portrait_title">الأعمدة (عمودي)</string>
    <string name="qs_apply_change_button_title">تطبيق التغيير</string>
    <string name="qs_apply_change_failed">فشل في تطبيق التغيير</string>
    <string name="qs_tile_hide_label_title">إخفاء التسميات</string>
    <string name="qs_tile_hide_label_summary">إظهار أيقونة فقط لبلاط الإعدادات السريعة</string>
    <string name="qs_tile_vertical_layout_title">التخطيط العمودي</string>
    <string name="qs_tile_vertical_layout_summary">تمكين التخطيط العمودي لبلاط الإعدادات السريعة</string>
    <!-- Statusbar lyric -->
    <string name="status_bar_lyric_title">كلمات شريط الحالة</string>
    <string name="status_bar_lyric_summary">إظهار اللغة في شريط الحالة (تحتاج إلى دعم التطبيق)</string>
    <string name="status_bar_show_lyric_title">تمكين كلمات شريط الحالة</string>
    <!-- Statusbar logo -->
    <string name="status_bar_logo_category_title">الشعار</string>
    <string name="status_bar_logo_title">الشعار</string>
    <string name="status_bar_logo_summary">تمكين عرض الشعار في شريط الحالة</string>
    <string name="status_bar_logo_position_title">الموضع</string>
    <string name="status_bar_logo_position_summary">اختر أي جانب لعرض الشعار ، اليسار أو اليمين</string>
    <string name="status_bar_logo_position_right">يمين</string>
    <string name="status_bar_logo_position_left">اليسار</string>
    <string name="status_bar_logo_style_title">النمط</string>
    <string name="status_bar_logo_style_derp">ديربفست</string>
    <string name="status_bar_logo_style_derp_alt">مثلث DerpFest</string>
    <string name="status_bar_logo_style_adidas">أديداس</string>
    <string name="status_bar_logo_style_airjordan">شركة الطيران الأردنية</string>
    <string name="status_bar_logo_style_apple">تفاح</string>
    <string name="status_bar_logo_style_avengers">القمامة</string>
    <string name="status_bar_logo_style_batman">باتمان</string>
    <string name="status_bar_logo_style_batman_tdk">باتمان فارس الظلام</string>
    <string name="status_bar_logo_style_beats">منبهات</string>
    <string name="status_bar_logo_style_biohazard">المخاطر الحيوية</string>
    <string name="status_bar_logo_style_blackberry">بلاك بيري</string>
    <string name="status_bar_logo_style_cannabis">القنب</string>
    <string name="status_bar_logo_style_fire">النار</string>
    <string name="status_bar_logo_style_nike">نيكي</string>
    <string name="status_bar_logo_style_pac_man">رجل</string>
    <string name="status_bar_logo_style_puma">بوما</string>
    <string name="status_bar_logo_style_rog">ROG</string>
    <string name="status_bar_logo_style_superman">سوبرمان</string>
    <string name="status_bar_logo_style_windows">ويندوز</string>
    <string name="status_bar_logo_style_xbox">XBOX</string>
    <!-- Pulse music visualizer -->
    <string name="pulse_help_policy_notice_title">حول النبض</string>
    <string name="pulse_help_policy_notice_summary">النبض هو مرئي صوتي رائع عندما تشغل الموسيقى على الجهاز</string>
    <string name="pulse_settings">نبض</string>
    <string name="pulse_settings_summary">مرئي صوتي لشريط التنقل وشاشة القفل والشاشة المحيطة</string>
    <string name="show_navbar_pulse_title">نبض شريط التنقل</string>
    <string name="show_navbar_pulse_summary">مرئي صوتي على شريط التنقل</string>
    <string name="show_lockscreen_pulse_title">نبض شاشة القفل</string>
    <string name="show_lockscreen_pulse_summary">مرئي صوتي على شاشة القفل</string>
    <string name="show_ambient_pulse_title">نبض المحيط</string>
    <string name="show_ambient_pulse_summary">مرئي صوتي على الشاشة المحيطة</string>
    <string name="pulse_render_mode_title">وضع العرض</string>
    <string name="pulse_render_mode_fading_bars">كتل متلاشية</string>
    <string name="pulse_render_mode_solid_lines">خطوط صلبة</string>
    <string name="pulse_legacy_mode_advanced_category">إعدادات وضع الكتل المتلاشية</string>
    <string name="pulse_custom_fudge_factor">مستوى المتعة</string>
    <string name="pulse_lavalamp_speed_title">سرعة مصباح الحمم</string>
    <string name="pulse_solid_units_count">عدد الخطوط الصلبة</string>
    <string name="pulse_solid_units_opacity">شفافية الخطوط الصلبة</string>
    <string name="pulse_solid_dimen_category">إعدادات وضع الخطوط الصلبة</string>
    <string name="pulse_color_mode_title">اللون</string>
    <string name="pulse_color_accent">اللكنة</string>
    <string name="pulse_color_custom">مخصص</string>
    <string name="pulse_color_lava_lamp">Lava lamp</string>
    <string name="pulse_color_auto">ألبوم</string>
    <string name="pulse_color_user_title">اختيار اللون</string>
    <string name="pulse_smoothing_enabled_title">تشغيل سلاسة</string>
    <string name="pulse_smoothing_enabled_summary">يتم تحريك كل شريط بسلاسة أكبر</string>
    <string name="pulse_custom_dimen">Bar width</string>
    <string name="pulse_custom_div">تباعد الشريط</string>
    <string name="pulse_filled_block_size">حجم الكتلة</string>
    <string name="pulse_empty_block_size">تباعد الكتلة</string>
    <string name="pulse_solid_units_rounded_title">خطوط صلبة مقربة</string>
    <string name="pulse_solid_units_rounded_summary">تقريب الخطوط الصلبة</string>
    <!-- Udfps animations -->
    <string name="udfps_recog_animation">استخدام الرسوم المتحركة UDFPS</string>
    <string name="udfps_recog_animation_summary">يعرض الرسوم المتحركة أثناء قراءة إصبعك</string>
    <string name="udfps_recog_animation_effect_title">الرسوم المتحركة المخصصة UDFPS</string>
    <string name="udfps_recog_animation_effect_summary">اختيار تأثير الرسوم المتحركة</string>
    <!-- Udfps icon picker -->
    <string name="udfps_icon_picker_title">منتقي أيقونة UDFPS</string>
    <string name="udfps_icon_picker_summary">اختر رمز بصمة الإصبع المفضلة لديك</string>
    <!-- Lockscreen charge temperature unit -->
    <string name="lockscreen_charge_temp_unit_title">وحدة الحرارة</string>
    <string name="lockscreen_charge_temp_unit_farhenheit">Fahrenheit</string>
    <string name="lockscreen_charge_temp_unit_celsius">سيلسيوس</string>
    <!-- Material dismiss all button for notifications -->
    <string name="notification_material_dismiss_title">زر مسح كل الاشعار</string>
    <string name="notification_material_dismiss_summary">استبدال نص الإشعارات بزر عائم لنمط المواد</string>
    <string name="notification_material_dismiss_style_title">نمط الزر</string>
    <string name="notification_material_dismiss_bgstyle_title">خلفية الزر</string>
    <!-- Bluetooth status -->
    <string name="bluetooth_battery_title">حالة بطارية البلوتوث</string>
    <string name="bluetooth_battery_summary">عرض حالة البطارية لجهاز البلوتوث المتصل، إذا كان متاحا</string>
    <!-- Clock auto hide -->
    <string name="status_bar_clock_auto_hide_title">إخفاء تلقائي</string>
    <string name="status_bar_clock_auto_hide_summary">إخفاء الساعة إذا كان المشغل مرئيًا</string>
    <!-- Display Settings: Title of the setting which toggles wallpaper zooming effects on interraction -->
    <string name="wallpaper_zoom_effect_title">تأثير تكبير الخلفية</string>
    <!-- Display Settings: Subtitle of the setting which toggles wallpaper zooming effects on interraction -->
    <string name="wallpaper_zoom_effect_summary">تكبير خلفية الشاشة من أجل إظهار حركة عمق التصعيد. قد تعاني الخلفيات من انخفاض الجودة</string>
    <!-- Squiggle animation -->
    <string name="show_squiggle_animation_title">إظهار الرسوم المتحركة للضغط</string>
    <string name="show_squiggle_animation_summary">إظهار الرسوم المتحركة للوحة الوسائط\nبعد التغيير تحتاج إلى تبديل الموسيقى أو إيقاف الموسيقى مؤقتاً أو نقل شريط التقدم لتطبيق</string>
    <!-- Ambient battery bar settings -->
    <string name="ambient_ui">المحيط/دائماً على الشاشة</string>
    <string name="ambient_battery_settings_title">شريط البطارية</string>
    <string name="ambient_battery_settings_summary">عرض شريط البطارية على الشاشة المحيطة</string>
    <string name="keyguard_show_battery_title">شريط البطارية عند الشحن</string>
    <string name="keyguard_show_battery_summary">إظهار شريط البطارية على الشاشة المحيطة عند الشحن</string>
    <string name="keyguard_show_battery_always_title">إظهار شريط البطارية دائماً</string>
    <string name="keyguard_show_battery_always_summary">إظهار شريط البطارية دائماً على الشاشة المحيطة</string>
    <!-- Pulse Gravity and mirror options -->
    <string name="pulse_custom_gravity_title">الجاذبية</string>
    <string name="pulse_custom_gravity_bottom">أسفل</string>
    <string name="pulse_custom_gravity_top">أعلى</string>
    <string name="pulse_custom_gravity_center">الوسط</string>
    <string name="visualizer_center_mirrored_title">منعكسة الوسط</string>
    <string name="visualizer_center_mirrored_summary">تعيين المرئيات في الوضع المرآة للوسط</string>
    <string name="pulse_vertical_mirror_title">المرآة العمودية</string>
    <string name="pulse_vertical_mirror_summary">إنشاء نبض آخر و قلب عمودي</string>
    <!-- Ripple Effect on lockscreen -->
    <string name="disable_fingerprint_ripple_effect_title">تعطيل تأثير Ripple</string>
    <string name="disable_fingerprint_ripple_effect_summary">تعطيل تأثير التسلسل عند فتح القفل</string>
    <!-- Charging animation -->
    <string name="charging_animation_title">الرسوم المتحركة للشحن</string>
    <string name="charging_animation_summary">عرض الرسوم المتحركة عند توصيل الجهاز</string>
    <!-- Statusbar Clock background chip -->
    <string name="statusbar_clock_chip_title">رقاقة الخلفية</string>
    <string name="statusbar_clock_chip_summary">عرض رقاقة مميزة خلف الساعة</string>
    <!-- Hide statusbar on lockscreen -->
    <string name="lockscreen_hide_status_bar_title">إخفاء شريط الحالة</string>
    <string name="lockscreen_hide_status_bar_summary">عند التمكين، سيتم إخفاء شريط الحالة على شاشة القفل</string>
    <!-- Android P animation style -->
    <string name="pie_animation_style_title">نمط الرسوم المتحركة لأندرويد P</string>
    <string name="pie_animation_style_summary">تمكين الرسوم المتحركة \"الافتراضية\" لـ Android P</string>
    <!-- Parallel space -->
    <string name="laboratory_parallel_space_title">مساحة متوازية</string>
    <string name="laboratory_parallel_space_summary">السماح بتشغيل أمثلة متعددة من نفس التطبيق بالتوازي</string>
</resources>
