<?xml version="1.0" encoding="utf-8"?>
<!--  Copyright (C) 2014-2016 The Dirty Unicorns Project
      Copyright (C) 2016 AospExtended ROM Project
      Copyright (C) 2022 DerpFest

  This program is free software: you can redistribute it and/or modify
  it under the terms of the GNU General Public License as published by
  the Free Software Foundation, either version 3 of the License, or
  (at your option) any later version.

  This program is distributed in the hope that it will be useful,
  but WITHOUT ANY WARRANTY; without even the implied warranty of
  MERCHANTABILITY or FITNESS FOR A PARTICULAR PURPOSE.  See the
  GNU General Public License for more details.

  You should have received a copy of the GNU General Public License
  along with this program.  If not, see <http://www.gnu.org/licenses/>.
 -->
<resources xmlns:xliff="urn:oasis:names:tc:xliff:document:1.2">
    <!-- General app strings -->
    <string name="add">Tilføj</string>
    <string name="advanced">Avanceret</string>
    <string name="cancel">Annuller</string>
    <string name="default_text">Standard</string>
    <string name="dlg_ok">Ok</string>
    <string name="attention">Bemærk</string>
    <string name="loading">Indlæser\u2026</string>
    <string name="reset">Reset</string>
    <string name="reset_colors">Nulstil farver</string>
    <string name="reset_android">Android</string>
    <string name="text_title">Tekst</string>
    <string name="icon_title">Ikon</string>
    <string name="color_title">Farve</string>
    <string name="colors_title">Farver</string>
    <!-- DerpSpace categories -->
    <string name="icons_category">Ikoner</string>
    <string name="status_bar_category">Statuslinje</string>
    <string name="notifications_panel_category">QS panel</string>
    <string name="system_category">System</string>
    <string name="lockscreen_category">Låseskærm</string>
    <string name="udfps_category">Fingeraftryk under skærmen</string>
    <string name="listview">Listevisning</string>
    <!-- Frags -->
    <!-- General Tweaks -->
    <string name="general_tweaks_title">Generelle indstillinger</string>
    <!-- Lockscreen UI -->
    <string name="lockscreen_ui_title">Brugerflade Til Låseskærm</string>
    <!-- Lockscreen general category -->
    <string name="general_category">Generelt</string>
    <!-- Lockscreen charging category -->
    <string name="charging_category">Oplader</string>
    <!-- Quicksettings media category -->
    <string name="media_category">Medieafspiller</string>
    <!-- Network Traffic -->
    <string name="traffic_title">Trafikindikatorer</string>
    <!-- Misc DerpSpace -->
    <string name="misc_derpspace_title">Diverse</string>
    <!-- Notifications -->
    <string name="notifications_title">Notifikationer</string>
    <!-- Quick Settings -->
    <string name="quick_settings_title">Hurtige Indstillinger</string>
    <!-- Status bar clock and date options -->
    <string name="status_bar_clock_title">Ur &amp; datoindstillinger</string>
    <!-- Quick Settings brightness slider -->
    <string name="qs_brightness_slider_category">Lysstyrkeskyderen</string>
    <!-- Quick Settings footer category -->
    <string name="footer_category">Sidefod</string>
    <!-- Statusbar Iten -->
    <string name="statusbar_items_category">Statuslinje Elementer</string>
    <!-- Customisation -->
    <string name="customisation_title">Tilpasning</string>
    <!-- Battery -->
    <string name="battery_title">Batteri</string>
    <!-- Battery Settings -->
    <string name="battery_settings_title">Batteri Indstillinger</string>
    <!-- Battery Styles -->
    <string name="battery_style_category_title">Batteri Stilarter</string>
    <string name="battery_percent_title">Batteri procent</string>
    <!-- App info dialog -->
    <string name="derpspace_dialog_title">Hjælp os med at hjælpe dig!</string>
    <string name="derpspace_dialog_message">Hvis du finder en fejl med nogen af disse indstillinger, rapportere det i vores Telegram Group. Du SKAL inkludere følgende, når du sender en fejlrapport:\n\n1. En logcat eller last_kmsg\n2. Kerne og mods brugte\n3. Nyttige oplysninger\n\nHvis du undlader at rapportere noget tilstrækkeligt, forventer du IKKE at tingene bliver rettet.</string>
    <string name="derpspace_dialog_toast">LÆS HELE DEN!</string>
    <string name="artwork_media_fade_level_summary">Fading medieillustrationsbilledet</string>
    <!-- QuickSettings haptic feedback -->
    <string name="qs_tile_vibration_title">Vibration</string>
    <string name="quick_settings_vibrate_title">Vibrér ved berøring</string>
    <string name="quick_settings_vibrate_summary">Vibrér ved berøring af QS-felter</string>
    <string name="quick_settings_vibrate_duration_title">Vibration varighed</string>
    <string name="quick_settings_vibrate_duration_summary">Hvor mange millisekunder der skal vibreres</string>
    <!-- Tiles animation style  -->
    <string name="qs_tile_animation_title">Animationer</string>
    <string name="qs_tile_animation_style_title">Animation stil</string>
    <string name="qs_tile_animation_duration_title">Animation varighed</string>
    <string name="qs_tile_animation_interpolator_title">Fliser animation interpolator</string>
    <string name="qs_tile_animation_style_off">Ingen animation</string>
    <string name="qs_tile_animation_style_flip">Vend</string>
    <string name="qs_tile_animation_style_rotate">Rotér</string>
    <string name="qs_tile_animation_duration_low">Lav</string>
    <string name="qs_tile_animation_duration_default">Standard</string>
    <string name="qs_tile_animation_duration_fast">Hurtig</string>
    <string name="qs_tile_animation_interpolator_linearInterpolator">Lineær</string>
    <string name="qs_tile_animation_interpolator_accelerateInterpolator">Accelerér</string>
    <string name="qs_tile_animation_interpolator_decelerateInterpolator">Decelerere</string>
    <string name="qs_tile_animation_interpolator_accelerateDecelerateInterpolator">Accelerér deceleration</string>
    <string name="qs_tile_animation_interpolator_bounceInterpolator">Hoppe</string>
    <string name="qs_tile_animation_interpolator_overshootInterpolator">Overskyd</string>
    <string name="qs_tile_animation_interpolator_anticipateInterpolator">Forudse</string>
    <string name="qs_tile_animation_interpolator_anticipateOvershootInterpolator">Forudse overskridelse</string>
    <string name="qs_set_animation_style">%1$s</string>
    <string name="qs_set_animation_duration">%1$s</string>
    <string name="qs_set_animation_interpolator">%1$s</string>
    <!-- 4G icon -->
    <string name="show_fourg_icon_title">4G ikon</string>
    <string name="show_fourg_icon_summary">Vis 4G ikon i signal-ikonet i stedet for LTE</string>
    <!-- Data disabled icon -->
    <string name="data_disabled_icon_title">Vis data deaktiveret ikon</string>
    <string name="data_disabled_icon_summary">Vis korsskiltet ved siden af signallinjen, når data er deaktiveret</string>
    <!-- QS footer warnings -->
    <string name="qs_footer_warnings_title">Advarsler om QS-sidefoden</string>
    <string name="qs_footer_warnings_summary">Vis en advarsel nederst i QS-panelet, når netværket overvåges af eksterne apps eller vpn</string>
    <!-- Old mobile type icons -->
    <string name="use_old_mobiletype_title">Lille mobiltype ikon</string>
    <string name="use_old_mobiletype_summary">Vis ikonet for mobiltype øverst på signalindikatoren</string>
    <!-- Lockscreen battery info indicator  -->
    <string name="lockscreen_battery_info_title">Låseskærm opladningsinfo</string>
    <string name="lockscreen_battery_info_summary">Vis opladningsstrøm, spænding, watt og batteritemperatur på låseskærmen under opladning</string>
    <!-- Tiles on secure keyguard -->
    <string name="use_tiles_on_secure_keyguard_title">Kræv oplåsning for at bruge følsomme fliser</string>
    <string name="use_tiles_on_secure_keyguard_summary">Bed om at låse låseskærmen op, når du bruger følsomme fliser</string>
    <!-- QS footer text -->
    <string name="qs_footer_text_show_title">Vis QS-sidefod tekst</string>
    <string name="qs_footer_text_string_title">Tilpas tekst til sidefod</string>
    <string name="qs_footer_text_string_summary">Sæt til tom for standard #StayDerped</string>
    <!-- Notifications general category -->
    <string name="notifications_general_category_title">Generelt</string>
    <!-- Notification count -->
    <string name="status_bar_notif_count_title">Antal underretninger</string>
    <string name="status_bar_notif_count_summary">Vis antallet af ventende notifikationer</string>
    <!-- Units -->
    <string name="unit_seconds">s</string>
    <string name="unit_milliseconds">ms</string>
    <string name="unit_pixels">dp</string>
    <!-- [CHAR_LIMIT=NONE] Developer Settings: Title of the settings category for theme overlays. -->
    <string name="theme_customization_category">Temaer</string>
    <!-- [CHAR_LIMIT=NONE] Developer Settings: Title of the setting which enables overlays to customize headline and body fonts. -->
    <string name="theme_customization_font_title">Overskrift / Body skrifttype</string>
    <string name="theme_customization_font_summary">Sæt system skrifttype stil</string>
    <!-- [CHAR_LIMIT=NONE] Developer Settings: Title of the setting which enables overlays to customize the adaptive icon shape (e.g. launcher and quick settings icons). -->
    <string name="theme_customization_icon_shape_title">Ikon form</string>
    <string name="theme_customization_icon_shape_summary">Sæt systemikon form stil</string>
    <!-- [CHAR_LIMIT=NONE] Developer Settings: Title of the setting which enables overlays to customize the system wide icon pack. -->
    <string name="theme_customization_icon_pack_title">Ikon pakke</string>
    <string name="theme_customization_icon_pack_summary">Indstil brugerdefineret ikonpakke stil</string>
    <!-- [CHAR_LIMIT=NONE] Developer Settings: Label for the option that turns off customizations for a given category.-->
    <string name="theme_customization_device_default">Enhedens standard</string>
    <!-- Custom Wi-Fi bar icons -->
    <string name="theme_customization_wifi_icon_title">Wi-Fi ikon</string>
    <string name="theme_customization_wifi_icon_summary">Angiv Wi-Fi ikon stil</string>
    <!-- Custom Signal bar icons -->
    <string name="theme_customization_signal_icon_title">Signal ikoner</string>
    <string name="theme_customization_signal_icon_summary">Angiv signalikoner stil</string>
    <!-- Black theme -->
    <string name="system_black_theme_title">Brug sort tema</string>
    <string name="system_black_theme_summary">Gennemtving sorte baggrundsfarver</string>
    <!-- UI styles -->
    <string name="theme_customization_ui_style_title">Ui Stil</string>
    <string name="theme_customization_ui_style_summary">Indstil brugerdefineret stil for din grænseflade</string>
    <!-- Applications fragment -->
    <string name="search">Søg</string>
    <string name="search_apps">Søg i apps</string>
    <!-- reTicker -->
    <string name="reticker_title">reTicker</string>
    <string name="reticker_summary">Erstat dine notifikationer med en nydesignet version af tickers. \nSlim og mindre invasiv end en standard notifikation</string>
    <string name="reticker_colored_title">Brug app farvet baggrund</string>
    <string name="reticker_colored_summary">Erstat reTicker baggrundsfarve ved hjælp af notifikationsappens hovedfarve</string>
    <string name="reticker_landscape_only_title">Kun landskab</string>
    <string name="reticker_landscape_only_summary">Aktivér kun reTicker, når enheden er i liggende tilstand</string>
    <!-- Network traffic -->
    <string name="network_traffic_title">Indikator for netværkstrafik</string>
    <string name="network_traffic_summary">Aktiver eller deaktiver indikator for netværkshastighed i statusbjælken</string>
    <string name="network_traffic_state_title">Aktiver \"Netværkstrafikindikator\"</string>
    <string name="network_options_title">Indstillinger</string>
    <string name="network_traffic_autohide_title">Skjul indikator for netværkstrafik ved inaktiv</string>
    <string name="network_traffic_autohide_summary">Skjul når netværkstrafikken er under 1 KB/s</string>
    <!-- Media art -->
    <string name="lockscreen_media_art_options_title">Medie omslag kunst</string>
    <string name="media_art_title">Medie omslag kunst</string>
    <string name="media_art_summary">Vis medie omslagskunst når tilgængelig</string>
    <!-- Lock screen cover art -->
    <string name="lockscreen_media_blur_title">Medie art slør niveau</string>
    <!-- Clock position -->
    <string name="status_bar_clock_position_center">Centreret</string>
    <string name="status_bar_clock_position_left">Venstre</string>
    <string name="status_bar_clock_position_right">Højre</string>
    <string name="status_bar_clock_position_title">Ur position</string>
    <!-- Clock AM/PM -->
    <string name="status_bar_am_pm_hidden">Hidden</string>
    <string name="status_bar_am_pm_normal">Normal</string>
    <string name="status_bar_am_pm_small">Lille</string>
    <string name="status_bar_am_pm_title">Ur AM/PM stil</string>
    <string name="status_bar_am_pm_unavailable">24-timers ur er aktiveret</string>
    <!-- Clock show seconds -->
    <string name="status_bar_clock_show_seconds_title">Ur vis sekunder</string>
    <string name="status_bar_clock_show_seconds_desc">Vis timer, minutter og sekunder</string>
    <!-- Battery style and percentage -->
    <string name="status_bar_battery_style_circle">Cirkel</string>
    <string name="status_bar_battery_style_icon_portrait">Ikon portræt</string>
    <string name="status_bar_battery_style_text">Tekst</string>
    <string name="status_bar_battery_style_title">Batteri statusstil</string>
    <string name="status_bar_battery_percentage_hidden">Hidden</string>
    <string name="status_bar_battery_percentage_text_inside">Inde i ikonet</string>
    <string name="status_bar_battery_percentage_text_next">Ved siden af ikonet</string>
    <string name="status_bar_battery_percentage_title">Batteri procent</string>
    <!-- Brightness slider -->
    <string name="qqs_show_brightness_title">Vis lysstyrkeskyder i Hurtig QS-panel</string>
    <string name="brightness_slider_position_title">Lysstyrkeskyderens position</string>
    <string name="top">Øverst</string>
    <string name="bottom">Bund</string>
    <string name="show_auto_brightness_button_title">Vis automatisk lysstyrkeknap</string>
    <!-- Pulse -->
    <string name="ambient_light_category">Kant belysning</string>
    <string name="keywords_pulse_ambient_light_display">notifikation, meddelelser, kant, lys, farve, farve</string>
    <string name="pulse_ambient_light_text">Kant belysning gør din skærm glød, når du modtager en meddelelse. Dette gør det lettere at figurere, når du får en puls, mens telefonen er døse tilstand.</string>
    <string name="pulse_ambient_light_enable">Brug kantbelysning</string>
    <string name="pulse_ambient_light_title">Kant belysning</string>
    <string name="pulse_ambient_light_summary">Lys sidekanterne af skærmen op ved notifikationsimpuls</string>
    <string name="ambient_notification_light_accent_title">System accent farve</string>
    <string name="ambient_notification_light_color_automatic_title">Notifikations farve</string>
    <string name="pulse_ambient_light_color">Anvendes ved pulsering</string>
    <!-- QS tiles layout -->
    <string name="qs_tile_layout_title">QS fliser layout</string>
    <string name="qs_tile_layout_summary">Tilpas fliser layout i QS panel</string>
    <string name="qs_tiles_layout_category">Fliser layout</string>
    <string name="qs_rows_portrait_title">Rækker (portræt)</string>
    <string name="qqs_rows_portrait_title">Rækker (Hurtig QS-portræt)</string>
    <string name="qs_columns_portrait_title">Kolonner (Portræt)</string>
    <string name="qs_apply_change_button_title">Anvend ændring</string>
    <string name="qs_apply_change_failed">Kunne ikke anvende ændring</string>
    <string name="qs_tile_hide_label_title">Skjul etiketter</string>
    <string name="qs_tile_hide_label_summary">Vis kun ikon for QS-felter</string>
    <string name="qs_tile_vertical_layout_title">Lodret layout</string>
    <string name="qs_tile_vertical_layout_summary">Aktivér lodret layout for QS-felter</string>
    <!-- Statusbar lyric -->
    <string name="status_bar_lyric_title">Statuslinje lyric</string>
    <string name="status_bar_lyric_summary">Vis lyric i statusbjælken (brug brug for app support)</string>
    <string name="status_bar_show_lyric_title">Aktiver statusbjælke lyric</string>
    <!-- Statusbar logo -->
    <string name="status_bar_logo_category_title">Logo</string>
    <string name="status_bar_logo_title">Logo</string>
    <string name="status_bar_logo_summary">Aktiver for at vise logo i statuslinjen</string>
    <string name="status_bar_logo_position_title">Placering</string>
    <string name="status_bar_logo_position_summary">Vælg hvilken side der skal vises logoet til venstre eller højre</string>
    <string name="status_bar_logo_position_right">Højre</string>
    <string name="status_bar_logo_position_left">Venstre</string>
    <string name="status_bar_logo_style_title">Stil</string>
    <string name="status_bar_logo_style_derp">DerpFest</string>
    <string name="status_bar_logo_style_derp_alt">DerpFest trekant</string>
    <string name="status_bar_logo_style_adidas">Adidas</string>
    <string name="status_bar_logo_style_airjordan">Air Jordan</string>
    <string name="status_bar_logo_style_apple">Æble</string>
    <string name="status_bar_logo_style_avengers">Avengers</string>
    <string name="status_bar_logo_style_batman">Batman</string>
    <string name="status_bar_logo_style_batman_tdk">Batman The Dark Ridder</string>
    <string name="status_bar_logo_style_beats">Beats</string>
    <string name="status_bar_logo_style_biohazard">Biohazard</string>
    <string name="status_bar_logo_style_blackberry">Brombær</string>
    <string name="status_bar_logo_style_cannabis">Cannabis</string>
    <string name="status_bar_logo_style_fire">Ild</string>
    <string name="status_bar_logo_style_nike">Nike</string>
    <string name="status_bar_logo_style_pac_man">Pac-Man</string>
    <string name="status_bar_logo_style_puma">Puma</string>
    <string name="status_bar_logo_style_rog">ROG</string>
    <string name="status_bar_logo_style_superman">Superman</string>
    <string name="status_bar_logo_style_windows">Vinduer</string>
    <string name="status_bar_logo_style_xbox">XBOX</string>
    <!-- Pulse music visualizer -->
    <string name="pulse_help_policy_notice_title">Om Puls</string>
    <string name="pulse_help_policy_notice_summary">Pulse er en strålende audio visualizer når musik afspilles på enheden</string>
    <string name="pulse_settings">Puls</string>
    <string name="pulse_settings_summary">Lydvisualisering til navigationsbjælke, låseskærm og omgivende skærm</string>
    <string name="show_navbar_pulse_title">Navbjælke Puls</string>
    <string name="show_navbar_pulse_summary">Lydvisualisering på navigationsbjælken</string>
    <string name="show_lockscreen_pulse_title">Puls På Låseskærm</string>
    <string name="show_lockscreen_pulse_summary">Lydvisualisering på låseskærmen</string>
    <string name="show_ambient_pulse_title">Ambient Puls</string>
    <string name="show_ambient_pulse_summary">Lydvisualisering på den omgivende skærm</string>
    <string name="pulse_render_mode_title">Gengiv tilstand</string>
    <string name="pulse_render_mode_fading_bars">Fading blokke</string>
    <string name="pulse_render_mode_solid_lines">Faste linjer</string>
    <string name="pulse_legacy_mode_advanced_category">Indstillinger for blokeringstilstand</string>
    <string name="pulse_custom_fudge_factor">Sanitet niveau</string>
    <string name="pulse_lavalamp_speed_title">Lava lampe hastighed</string>
    <string name="pulse_solid_units_count">Antal faste linjer</string>
    <string name="pulse_solid_units_opacity">Opacitet for faste linjer</string>
    <string name="pulse_solid_dimen_category">Indstillinger for faste linjer</string>
    <string name="pulse_color_mode_title">Farve</string>
    <string name="pulse_color_accent">Accent</string>
    <string name="pulse_color_custom">Tilpasset</string>
    <string name="pulse_color_lava_lamp">Lava lamp</string>
    <string name="pulse_color_auto">Album</string>
    <string name="pulse_color_user_title">Vælg farve</string>
    <string name="pulse_smoothing_enabled_title">Slå udjævning til</string>
    <string name="pulse_smoothing_enabled_summary">Hver bjælke er animeret mere glat</string>
    <string name="pulse_custom_dimen">Bar width</string>
    <string name="pulse_custom_div">Afstand på bjælken</string>
    <string name="pulse_filled_block_size">Blokér størrelse</string>
    <string name="pulse_empty_block_size">Blokér afstand</string>
    <string name="pulse_solid_units_rounded_title">Afrundede faste linjer</string>
    <string name="pulse_solid_units_rounded_summary">Rund de faste linjer</string>
    <!-- Udfps animations -->
    <string name="udfps_recog_animation">Brug UDFPS animation</string>
    <string name="udfps_recog_animation_summary">Viser en animation mens du læser din finger</string>
    <string name="udfps_recog_animation_effect_title">UDFPS brugerdefineret animation</string>
    <string name="udfps_recog_animation_effect_summary">Vælg animationseffekt</string>
    <!-- Udfps icon picker -->
    <string name="udfps_icon_picker_title">UDFPS ikonvælger</string>
    <string name="udfps_icon_picker_summary">Vælg dit foretrukne fingeraftryksikon</string>
    <!-- Lockscreen charge temperature unit -->
    <string name="lockscreen_charge_temp_unit_title">Temperatur enhed</string>
    <string name="lockscreen_charge_temp_unit_farhenheit">Fahrenheit</string>
    <string name="lockscreen_charge_temp_unit_celsius">Celsius</string>
    <!-- Material dismiss all button for notifications -->
    <string name="notification_material_dismiss_title">Ryd alle notifikationer</string>
    <string name="notification_material_dismiss_summary">Erstat ryd al underretningstekst med flydende knap i materialestil</string>
    <string name="notification_material_dismiss_style_title">Knap stil</string>
    <string name="notification_material_dismiss_bgstyle_title">Knap baggrund</string>
    <!-- Bluetooth status -->
    <string name="bluetooth_battery_title">Bluetooth batteristatus</string>
    <string name="bluetooth_battery_summary">Vis batteristatus for den tilsluttede bluetooth-enhed, hvis tilgængelig</string>
    <!-- Clock auto hide -->
    <string name="status_bar_clock_auto_hide_title">Skjul automatisk</string>
    <string name="status_bar_clock_auto_hide_summary">Skjul ur hvis launcher er synlig</string>
    <!-- Display Settings: Title of the setting which toggles wallpaper zooming effects on interraction -->
    <string name="wallpaper_zoom_effect_title">Baggrunds zoomeffekt</string>
    <!-- Display Settings: Subtitle of the setting which toggles wallpaper zooming effects on interraction -->
    <string name="wallpaper_zoom_effect_summary">Zoom tapetet for at vise zoom-out dybde animation. Baggrunde kan lide kvalitetsfald</string>
    <!-- Squiggle animation -->
    <string name="show_squiggle_animation_title">Vis quiggle animation</string>
    <string name="show_squiggle_animation_summary">Vis mediepanel squiggle animation\nEfter ændring behov for at skifte musik, pause musik eller flytte statuslinjen for at anvende</string>
    <!-- Ambient battery bar settings -->
    <string name="ambient_ui">Ambient/Altid på skærmen</string>
    <string name="ambient_battery_settings_title">Batteri bar</string>
    <string name="ambient_battery_settings_summary">Vis en batteribjælke på den omgivende skærm</string>
    <string name="keyguard_show_battery_title">Batteri bjælke ved opladning</string>
    <string name="keyguard_show_battery_summary">Vis en batteribjælke på den omgivende skærm, når du oplader</string>
    <string name="keyguard_show_battery_always_title">Vis altid batteribjælke</string>
    <string name="keyguard_show_battery_always_summary">Vis altid en batteribjælke på den omgivende skærm</string>
    <!-- Pulse Gravity and mirror options -->
    <string name="pulse_custom_gravity_title">Tyngdekraft</string>
    <string name="pulse_custom_gravity_bottom">Bund</string>
    <string name="pulse_custom_gravity_top">Øverst</string>
    <string name="pulse_custom_gravity_center">Centreret</string>
    <string name="visualizer_center_mirrored_title">Centreret spejlet</string>
    <string name="visualizer_center_mirrored_summary">Indstil visualisatoren i centreret spejlet tilstand</string>
    <string name="pulse_vertical_mirror_title">Lodret Spejl</string>
    <string name="pulse_vertical_mirror_summary">Opret anden puls og flip lodret</string>
    <!-- Ripple Effect on lockscreen -->
    <string name="disable_fingerprint_ripple_effect_title">Deaktivér Ripple effekt</string>
    <string name="disable_fingerprint_ripple_effect_summary">Deaktivér ripple effekt ved oplåsning</string>
    <!-- Charging animation -->
    <string name="charging_animation_title">Animation af opladning</string>
    <string name="charging_animation_summary">Vis en animation, når enheden er tilsluttet</string>
    <!-- Statusbar Clock background chip -->
    <string name="statusbar_clock_chip_title">Baggrunds chip</string>
    <string name="statusbar_clock_chip_summary">Vis chip med accent bag uret</string>
    <!-- Hide statusbar on lockscreen -->
    <string name="lockscreen_hide_status_bar_title">Skjul Statuslinje</string>
    <string name="lockscreen_hide_status_bar_summary">Når aktiveret, vil statusbjælken blive skjult på låseskærmen</string>
    <!-- Android P animation style -->
    <string name="pie_animation_style_title">Android P animation stil</string>
    <string name="pie_animation_style_summary">Aktiver Android P \"Standard\" animationer</string>
    <!-- Parallel space -->
    <string name="laboratory_parallel_space_title">Parallelt rum</string>
    <string name="laboratory_parallel_space_summary">Tillad at køre flere instanser af samme program parallelt</string>
</resources>
