<?xml version="1.0" encoding="utf-8"?>
<!--  Copyright (C) 2014-2016 The Dirty Unicorns Project
      Copyright (C) 2016 AospExtended ROM Project
      Copyright (C) 2022 DerpFest

  This program is free software: you can redistribute it and/or modify
  it under the terms of the GNU General Public License as published by
  the Free Software Foundation, either version 3 of the License, or
  (at your option) any later version.

  This program is distributed in the hope that it will be useful,
  but WITHOUT ANY WARRANTY; without even the implied warranty of
  MERCHANTABILITY or FITNESS FOR A PARTICULAR PURPOSE.  See the
  GNU General Public License for more details.

  You should have received a copy of the GNU General Public License
  along with this program.  If not, see <http://www.gnu.org/licenses/>.
 -->
<resources xmlns:xliff="urn:oasis:names:tc:xliff:document:1.2">
    <!-- General app strings -->
    <string name="add">Додати</string>
    <string name="advanced">Додатково</string>
    <string name="cancel">Скасувати</string>
    <string name="default_text">Типово</string>
    <string name="dlg_ok">Гаразд</string>
    <string name="attention">Увага</string>
    <string name="loading">Завантаження\u2026</string>
    <string name="reset">Reset</string>
    <string name="reset_colors">Скинути кольори</string>
    <string name="reset_android">Android</string>
    <string name="text_title">Текст</string>
    <string name="icon_title">Іконка</string>
    <string name="color_title">Колір</string>
    <string name="colors_title">Кольори</string>
    <!-- DerpSpace categories -->
    <string name="icons_category">Іконки</string>
    <string name="status_bar_category">Рядок стану</string>
    <string name="notifications_panel_category">Панель швидких налаштувань</string>
    <string name="system_category">Система</string>
    <string name="lockscreen_category">Екран блокування</string>
    <string name="udfps_category">Псевдо-відбитки</string>
    <string name="listview">Список</string>
    <!-- Frags -->
    <!-- General Tweaks -->
    <string name="general_tweaks_title">Загальні налаштування</string>
    <!-- Lockscreen UI -->
    <string name="lockscreen_ui_title">Інтерфейс екрану блокування</string>
    <!-- Lockscreen general category -->
    <string name="general_category">Загальні налаштування</string>
    <!-- Lockscreen charging category -->
    <string name="charging_category">Заряджання</string>
    <!-- Quicksettings media category -->
    <string name="media_category">Медіапрогравач</string>
    <!-- Network Traffic -->
    <string name="traffic_title">Індикатор трафіку</string>
    <!-- Misc DerpSpace -->
    <string name="misc_derpspace_title">Різне</string>
    <!-- Notifications -->
    <string name="notifications_title">Сповіщення</string>
    <!-- Quick Settings -->
    <string name="quick_settings_title">Швидкі налаштування</string>
    <!-- Status bar clock and date options -->
    <string name="status_bar_clock_title">Годинник &amp; Налаштування дати</string>
    <!-- Quick Settings brightness slider -->
    <string name="qs_brightness_slider_category">Повзунок яскравості</string>
    <!-- Quick Settings footer category -->
    <string name="footer_category">Нижній колонтитул</string>
    <!-- Statusbar Iten -->
    <string name="statusbar_items_category">Елементи рядку стану</string>
    <!-- Customisation -->
    <string name="customisation_title">Персональні налаштування</string>
    <!-- Battery -->
    <string name="battery_title">Батарея</string>
    <!-- Battery Settings -->
    <string name="battery_settings_title">Параметри батареї</string>
    <!-- Battery Styles -->
    <string name="battery_style_category_title">Стиль батареї</string>
    <string name="battery_percent_title">Відсоток заряду</string>
    <!-- App info dialog -->
    <string name="derpspace_dialog_title">Допоможіть нам допомогти Вам!</string>
    <string name="derpspace_dialog_message">Якщо Ви знайшли баг у будь-яких з цих налаштувань, повідомте про це у нашій групі Telegram. Ви ПОВИННІ включити наступне при написанні звіту про помилку:\n\n1. Logcat чи last_kmsg\n2. Ядро та моди, використані\n3. Корисна інформація\n\nЯкщо ви не можете повідомити про щось адекватно, НЕ БУДЕ, що щось буде виправлено.</string>
    <string name="derpspace_dialog_toast">ПРОЧИТАЙТЕ ВСЕ!</string>
    <string name="artwork_media_fade_level_summary">Затухання зображення для медіа-файлу</string>
    <!-- QuickSettings haptic feedback -->
    <string name="qs_tile_vibration_title">Вібрація</string>
    <string name="quick_settings_vibrate_title">Вібрація при дотику</string>
    <string name="quick_settings_vibrate_summary">Вібрувати при дотику до плитки швидких налаштувань</string>
    <string name="quick_settings_vibrate_duration_title">Тривалість вібрації</string>
    <string name="quick_settings_vibrate_duration_summary">Скільки мілісекунд для вібрування</string>
    <!-- Tiles animation style  -->
    <string name="qs_tile_animation_title">Анімація</string>
    <string name="qs_tile_animation_style_title">Стиль анімації</string>
    <string name="qs_tile_animation_duration_title">Тривалість анімації</string>
    <string name="qs_tile_animation_interpolator_title">Інтерполяція анімації плиток</string>
    <string name="qs_tile_animation_style_off">Без анімації</string>
    <string name="qs_tile_animation_style_flip">Перегорнути</string>
    <string name="qs_tile_animation_style_rotate">Обертати</string>
    <string name="qs_tile_animation_duration_low">Низька</string>
    <string name="qs_tile_animation_duration_default">Типово</string>
    <string name="qs_tile_animation_duration_fast">Швидко</string>
    <string name="qs_tile_animation_interpolator_linearInterpolator">Лінійна</string>
    <string name="qs_tile_animation_interpolator_accelerateInterpolator">Прискорити</string>
    <string name="qs_tile_animation_interpolator_decelerateInterpolator">Уповільнити</string>
    <string name="qs_tile_animation_interpolator_accelerateDecelerateInterpolator">Прискорення та уповільнення</string>
    <string name="qs_tile_animation_interpolator_bounceInterpolator">Відскакувати</string>
    <string name="qs_tile_animation_interpolator_overshootInterpolator">Викидання</string>
    <string name="qs_tile_animation_interpolator_anticipateInterpolator">Випередження</string>
    <string name="qs_tile_animation_interpolator_anticipateOvershootInterpolator">Прискорити та проскочити</string>
    <string name="qs_set_animation_style">%1$s</string>
    <string name="qs_set_animation_duration">%1$s</string>
    <string name="qs_set_animation_interpolator">%1$s</string>
    <!-- 4G icon -->
    <string name="show_fourg_icon_title">Значок 4G</string>
    <string name="show_fourg_icon_summary">Показувати значок 4G замість LTE в рядку стану</string>
    <!-- Data disabled icon -->
    <string name="data_disabled_icon_title">Відображати значок вимкненої передачі даних</string>
    <string name="data_disabled_icon_summary">Відображення хрестика поруч з рівнем сигналу, коли дані вимкнуто</string>
    <!-- QS footer warnings -->
    <string name="qs_footer_warnings_title">Попередження знизу панелі швидких налаштувань</string>
    <string name="qs_footer_warnings_summary">Відображати попередження в нижній частині панелі налаштувань, коли мережа контролюється зовнішніми додатками або vpn</string>
    <!-- Old mobile type icons -->
    <string name="use_old_mobiletype_title">Маленький значок мобільного типу</string>
    <string name="use_old_mobiletype_summary">Відображати значок мобільного типу вгорі індикатора сигналу</string>
    <!-- Lockscreen battery info indicator  -->
    <string name="lockscreen_battery_info_title">Інформація про заряджання на екрані блокування</string>
    <string name="lockscreen_battery_info_summary">Відобразити напругу, напругу, струм та температуру акумулятора на екрані блокування під час зарядки</string>
    <!-- Tiles on secure keyguard -->
    <string name="use_tiles_on_secure_keyguard_title">Вимагати розблокування для використання чутливих плиток</string>
    <string name="use_tiles_on_secure_keyguard_summary">Запитувати розблокування екрану при використанні чутливих плиток</string>
    <!-- QS footer text -->
    <string name="qs_footer_text_show_title">Показати текст в нижній частині швидких налаштувань</string>
    <string name="qs_footer_text_string_title">Налаштувати текст нижнього колонтитула</string>
    <string name="qs_footer_text_string_summary">Встановити порожнім за замовчуванням #StayDerped</string>
    <!-- Notifications general category -->
    <string name="notifications_general_category_title">Загальні налаштування</string>
    <!-- Notification count -->
    <string name="status_bar_notif_count_title">Лічильник сповіщень</string>
    <string name="status_bar_notif_count_summary">Показувати кількість нових сповіщень в рядку стану</string>
    <!-- Units -->
    <string name="unit_seconds">с</string>
    <string name="unit_milliseconds">мс</string>
    <string name="unit_pixels">dp</string>
    <!-- [CHAR_LIMIT=NONE] Developer Settings: Title of the settings category for theme overlays. -->
    <string name="theme_customization_category">Теми</string>
    <!-- [CHAR_LIMIT=NONE] Developer Settings: Title of the setting which enables overlays to customize headline and body fonts. -->
    <string name="theme_customization_font_title">Заголовки / шрифт</string>
    <string name="theme_customization_font_summary">Встановити системний шрифт</string>
    <!-- [CHAR_LIMIT=NONE] Developer Settings: Title of the setting which enables overlays to customize the adaptive icon shape (e.g. launcher and quick settings icons). -->
    <string name="theme_customization_icon_shape_title">Форма іконок</string>
    <string name="theme_customization_icon_shape_summary">Встановити системний стиль іконок</string>
    <!-- [CHAR_LIMIT=NONE] Developer Settings: Title of the setting which enables overlays to customize the system wide icon pack. -->
    <string name="theme_customization_icon_pack_title">Набір іконок</string>
    <string name="theme_customization_icon_pack_summary">Встановити стиль набору значків</string>
    <!-- [CHAR_LIMIT=NONE] Developer Settings: Label for the option that turns off customizations for a given category.-->
    <string name="theme_customization_device_default">Налаштування пристрою за умовчанням</string>
    <!-- Custom Wi-Fi bar icons -->
    <string name="theme_customization_wifi_icon_title">Іконка Wi-Fi</string>
    <string name="theme_customization_wifi_icon_summary">Встановити стиль значка Wi-Fi</string>
    <!-- Custom Signal bar icons -->
    <string name="theme_customization_signal_icon_title">Значки сигналу</string>
    <string name="theme_customization_signal_icon_summary">Встановити стиль іконок сигналу</string>
    <!-- Black theme -->
    <string name="system_black_theme_title">Використовувати чорну тему</string>
    <string name="system_black_theme_summary">Примусово використовувати чорні фонові кольори</string>
    <!-- UI styles -->
    <string name="theme_customization_ui_style_title">Стиль інтерфейсу</string>
    <string name="theme_customization_ui_style_summary">Встановити власний стиль для вашого інтерфейсу</string>
    <!-- Applications fragment -->
    <string name="search">Пошук</string>
    <string name="search_apps">Пошук додатків</string>
    <!-- reTicker -->
    <string name="reticker_title">reTicker</string>
    <string name="reticker_summary">Замінити ваші повідомлення на перерозроблену версію квитків. \nSlim і менш інвазивним, ніж стандартне повідомлення</string>
    <string name="reticker_colored_title">Використовувати кольоровий фон програми</string>
    <string name="reticker_colored_summary">Замінити фоновий колір тла повторного бігуна головним кольором додатку сповіщення</string>
    <string name="reticker_landscape_only_title">Тільки ландшафтний режим</string>
    <string name="reticker_landscape_only_summary">Вмикати тільки повторний тікет, коли пристрій знаходиться в ландшафтному режимі</string>
    <!-- Network traffic -->
    <string name="network_traffic_title">Індикатор мережевого трафіку</string>
    <string name="network_traffic_summary">Увімкнути або вимкнути індикатор швидкості мережі в рядку стану</string>
    <string name="network_traffic_state_title">Увімкнути \"Індикатор мережевого з\'єднання\"</string>
    <string name="network_options_title">Опції</string>
    <string name="network_traffic_autohide_title">Приховати індикатор мережевого трафіку, коли пристрій не активний</string>
    <string name="network_traffic_autohide_summary">Приховати коли мережевий трафік менше 1 КБ/с</string>
    <!-- Media art -->
    <string name="lockscreen_media_art_options_title">Обкладинка медіа</string>
    <string name="media_art_title">Обкладинка медіа</string>
    <string name="media_art_summary">Показувати обкладинку мультимедіа при наявності</string>
    <!-- Lock screen cover art -->
    <string name="lockscreen_media_blur_title">Рівень розмиття медіа</string>
    <!-- Clock position -->
    <string name="status_bar_clock_position_center">Центр</string>
    <string name="status_bar_clock_position_left">Ліворуч</string>
    <string name="status_bar_clock_position_right">Праворуч</string>
    <string name="status_bar_clock_position_title">Розташування годинника</string>
    <!-- Clock AM/PM -->
    <string name="status_bar_am_pm_hidden">Hidden</string>
    <string name="status_bar_am_pm_normal">Нормальний</string>
    <string name="status_bar_am_pm_small">Маленький</string>
    <string name="status_bar_am_pm_title">Стиль годинника AM/PM</string>
    <string name="status_bar_am_pm_unavailable">24-годинний формат часу увімкнуто</string>
    <!-- Clock show seconds -->
    <string name="status_bar_clock_show_seconds_title">Показувати секунди на годиннику</string>
    <string name="status_bar_clock_show_seconds_desc">Показувати години, хвилини та секунди</string>
    <!-- Battery style and percentage -->
    <string name="status_bar_battery_style_circle">Коло</string>
    <string name="status_bar_battery_style_icon_portrait">Вертикальний значок</string>
    <string name="status_bar_battery_style_text">Текст</string>
    <string name="status_bar_battery_style_title">Стиль індикатора батареї</string>
    <string name="status_bar_battery_percentage_hidden">Hidden</string>
    <string name="status_bar_battery_percentage_text_inside">Всередині значка</string>
    <string name="status_bar_battery_percentage_text_next">Поруч із значком</string>
    <string name="status_bar_battery_percentage_title">Відсоток заряду батареї</string>
    <!-- Brightness slider -->
    <string name="qqs_show_brightness_title">Показувати повзунок яскравості в панелі швидких налаштувань</string>
    <string name="brightness_slider_position_title">Положення повзунка яскравості</string>
    <string name="top">Верх</string>
    <string name="bottom">Униз</string>
    <string name="show_auto_brightness_button_title">Відображати кнопку автоматичної яскравості</string>
    <!-- Pulse -->
    <string name="ambient_light_category">Рядкове освітлення</string>
    <string name="keywords_pulse_ambient_light_display">сповіщення, сповіщення, край, світло, колір, колір</string>
    <string name="pulse_ambient_light_text">Світильник реберга затемнює екран, коли ви отримаєте повідомлення. Це полегшує показ даних, коли відбувається пульсуючий режим, коли телефон активний.</string>
    <string name="pulse_ambient_light_enable">Використовувати світло ребера</string>
    <string name="pulse_ambient_light_title">Рядкове освітлення</string>
    <string name="pulse_ambient_light_summary">Підсвічувати краї екрана при імпульсі сповіщень</string>
    <string name="ambient_notification_light_accent_title">Колір акцентів системи</string>
    <string name="ambient_notification_light_color_automatic_title">Колір сповіщення</string>
    <string name="pulse_ambient_light_color">Використовувати при пульсації</string>
    <!-- QS tiles layout -->
    <string name="qs_tile_layout_title">Плитки швидких налаштувань</string>
    <string name="qs_tile_layout_summary">Налаштування стилю плиток в панелі швидких налаштувань</string>
    <string name="qs_tiles_layout_category">Планування плиток</string>
    <string name="qs_rows_portrait_title">Рядки (портретна орієнтація)</string>
    <string name="qqs_rows_portrait_title">Рядки (Швидкий портрет QS)</string>
    <string name="qs_columns_portrait_title">Колонки (портретна орієнтація)</string>
    <string name="qs_apply_change_button_title">Застосувати зміни</string>
    <string name="qs_apply_change_failed">Не вдалося застосувати зміни</string>
    <string name="qs_tile_hide_label_title">Сховати мітки</string>
    <string name="qs_tile_hide_label_summary">Показати тільки значок для плиток швидких налаштувань</string>
    <string name="qs_tile_vertical_layout_title">Вертикальне розташування</string>
    <string name="qs_tile_vertical_layout_summary">Увімкнути вертикальну розкладку для плиток швидких налаштувань</string>
    <!-- Statusbar lyric -->
    <string name="status_bar_lyric_title">Лірично в рядку стану</string>
    <string name="status_bar_lyric_summary">Показувати текст в рядку стану (потрібна підтримка додатку)</string>
    <string name="status_bar_show_lyric_title">Увімкнути рядок стану Lyric</string>
    <!-- Statusbar logo -->
    <string name="status_bar_logo_category_title">Логотип</string>
    <string name="status_bar_logo_title">Логотип</string>
    <string name="status_bar_logo_summary">Увімкнути, щоб показати логотип в рядку стану</string>
    <string name="status_bar_logo_position_title">Позиція</string>
    <string name="status_bar_logo_position_summary">Виберіть, яка сторона для відображення логотипу на лівій чи правій</string>
    <string name="status_bar_logo_position_right">Праворуч</string>
    <string name="status_bar_logo_position_left">Ліворуч</string>
    <string name="status_bar_logo_style_title">Стиль</string>
    <string name="status_bar_logo_style_derp">ДерпФест</string>
    <string name="status_bar_logo_style_derp_alt">Трикутник Дерпфеста</string>
    <string name="status_bar_logo_style_adidas">Адіда</string>
    <string name="status_bar_logo_style_airjordan">АероДжордан</string>
    <string name="status_bar_logo_style_apple">Яблуко</string>
    <string name="status_bar_logo_style_avengers">Месники</string>
    <string name="status_bar_logo_style_batman">Бетмен</string>
    <string name="status_bar_logo_style_batman_tdk">Бетмен Темний лицар</string>
    <string name="status_bar_logo_style_beats">Бітс</string>
    <string name="status_bar_logo_style_biohazard">Біогазар</string>
    <string name="status_bar_logo_style_blackberry">Ожина</string>
    <string name="status_bar_logo_style_cannabis">Коноплі</string>
    <string name="status_bar_logo_style_fire">Вогонь</string>
    <string name="status_bar_logo_style_nike">Ніке</string>
    <string name="status_bar_logo_style_pac_man">Пак-мен</string>
    <string name="status_bar_logo_style_puma">Пума</string>
    <string name="status_bar_logo_style_rog">ROG</string>
    <string name="status_bar_logo_style_superman">Супермен</string>
    <string name="status_bar_logo_style_windows">Вікна</string>
    <string name="status_bar_logo_style_xbox">КСИХ</string>
    <!-- Pulse music visualizer -->
    <string name="pulse_help_policy_notice_title">Про Імпульс</string>
    <string name="pulse_help_policy_notice_summary">Пульс блискучий аудіо візуалізатор при відтворенні музики на пристрої</string>
    <string name="pulse_settings">Пульс</string>
    <string name="pulse_settings_summary">Візуалізатор музики для панелі навігації, блокування та Ambient дисплея</string>
    <string name="show_navbar_pulse_title">Імпульс навігаційної панелі</string>
    <string name="show_navbar_pulse_summary">Візуалізація аудіо на панелі навігації</string>
    <string name="show_lockscreen_pulse_title">Пульсація екрану блокування</string>
    <string name="show_lockscreen_pulse_summary">Візуалізація аудіо на екрані блокування</string>
    <string name="show_ambient_pulse_title">Індикація подій</string>
    <string name="show_ambient_pulse_summary">Візуалізатор звуку на Ambient дисплеї</string>
    <string name="pulse_render_mode_title">Режим відображення</string>
    <string name="pulse_render_mode_fading_bars">Згасаючі блоки</string>
    <string name="pulse_render_mode_solid_lines">Суцільні лінії</string>
    <string name="pulse_legacy_mode_advanced_category">Налаштування згасаючих блоків</string>
    <string name="pulse_custom_fudge_factor">Рівень розсудливості</string>
    <string name="pulse_lavalamp_speed_title">Швидкість лавової лампи</string>
    <string name="pulse_solid_units_count">Кількість суцільних ліній</string>
    <string name="pulse_solid_units_opacity">Непрозорість суцільних ліній</string>
    <string name="pulse_solid_dimen_category">Налаштування режиму суцільних ліній</string>
    <string name="pulse_color_mode_title">Колір</string>
    <string name="pulse_color_accent">Акцент</string>
    <string name="pulse_color_custom">Користувацька</string>
    <string name="pulse_color_lava_lamp">Lava lamp</string>
    <string name="pulse_color_auto">Альбом</string>
    <string name="pulse_color_user_title">Вибрати колір</string>
    <string name="pulse_smoothing_enabled_title">Включити згладжування</string>
    <string name="pulse_smoothing_enabled_summary">Більш плавно анімований кожен бар</string>
    <string name="pulse_custom_dimen">Bar width</string>
    <string name="pulse_custom_div">Відстань між панелями</string>
    <string name="pulse_filled_block_size">Розмір блоку</string>
    <string name="pulse_empty_block_size">Інтервал блоків</string>
    <string name="pulse_solid_units_rounded_title">Об\'єднано суцільних ліній</string>
    <string name="pulse_solid_units_rounded_summary">Заокруглення суцільних ліній</string>
    <!-- Udfps animations -->
    <string name="udfps_recog_animation">Використовувати UDFPS анімацію</string>
    <string name="udfps_recog_animation_summary">Показує анімацію під час читання вашого пальця</string>
    <string name="udfps_recog_animation_effect_title">Користувацька анімація UDFPS</string>
    <string name="udfps_recog_animation_effect_summary">Виберіть ефект анімації</string>
    <!-- Udfps icon picker -->
    <string name="udfps_icon_picker_title">Програма вибору піктограм UDFPS</string>
    <string name="udfps_icon_picker_summary">Виберіть ваш улюблений значок відбитку пальця</string>
    <!-- Lockscreen charge temperature unit -->
    <string name="lockscreen_charge_temp_unit_title">Одиниця виміру температури</string>
    <string name="lockscreen_charge_temp_unit_farhenheit">Fahrenheit</string>
    <string name="lockscreen_charge_temp_unit_celsius">Цельсій</string>
    <!-- Material dismiss all button for notifications -->
    <string name="notification_material_dismiss_title">Кнопка очищення сповіщень</string>
    <string name="notification_material_dismiss_summary">Замінити очищення всього повідомлення тексту матеріалу плаваючою кнопкою</string>
    <string name="notification_material_dismiss_style_title">Стиль кнопок</string>
    <string name="notification_material_dismiss_bgstyle_title">Тло кнопки</string>
    <!-- Bluetooth status -->
    <string name="bluetooth_battery_title">Заряд Bluetooth-пристроя</string>
    <string name="bluetooth_battery_summary">Показувати заряд батареї під\'єднаних в даний час bluetooth-пристрої, якщо доступно</string>
    <!-- Clock auto hide -->
    <string name="status_bar_clock_auto_hide_title">Приховати автоматично</string>
    <string name="status_bar_clock_auto_hide_summary">Приховати годинник, якщо лаунчер видно</string>
    <!-- Display Settings: Title of the setting which toggles wallpaper zooming effects on interraction -->
    <string name="wallpaper_zoom_effect_title">Ефект масштабування шпалер</string>
    <!-- Display Settings: Subtitle of the setting which toggles wallpaper zooming effects on interraction -->
    <string name="wallpaper_zoom_effect_summary">Масштабування шпалер для відображення анімації збільшення. Шпалери можуть призвести до зменшення якості</string>
    <!-- Squiggle animation -->
    <string name="show_squiggle_animation_title">Показувати анімацію руху</string>
    <string name="show_squiggle_animation_summary">Показати мультимедійну панель\nПісля зміни потрібно змінити музику, призупинити музику або перемістити прогрес, щоб застосувати</string>
    <!-- Ambient battery bar settings -->
    <string name="ambient_ui">Амбієнт/Завжди на екрані</string>
    <string name="ambient_battery_settings_title">Індикатор заряду батареї</string>
    <string name="ambient_battery_settings_summary">Відображати індикатор заряду на Ambient Display</string>
    <string name="keyguard_show_battery_title">Індикатор заряду акумулятора під час заряджання</string>
    <string name="keyguard_show_battery_summary">Показувати індикатор заряду на Ambient Display під час зарядки</string>
    <string name="keyguard_show_battery_always_title">Завжди показувати індикатор заряду</string>
    <string name="keyguard_show_battery_always_summary">Завжди показувати індикатор батареї на Ambient дисплеї</string>
    <!-- Pulse Gravity and mirror options -->
    <string name="pulse_custom_gravity_title">Гравітація</string>
    <string name="pulse_custom_gravity_bottom">Униз</string>
    <string name="pulse_custom_gravity_top">Верх</string>
    <string name="pulse_custom_gravity_center">Центр</string>
    <string name="visualizer_center_mirrored_title">Центр віддзеркаленого</string>
    <string name="visualizer_center_mirrored_summary">Встановити візуалізатор в центральному режимі віддзеркаленого</string>
    <string name="pulse_vertical_mirror_title">Вертикальне дзеркало</string>
    <string name="pulse_vertical_mirror_summary">Створити інший пульс і перевернути вертикально</string>
    <!-- Ripple Effect on lockscreen -->
    <string name="disable_fingerprint_ripple_effect_title">Вимкнути ефект пульсації</string>
    <string name="disable_fingerprint_ripple_effect_summary">Вимкнути ефект пульта при розблокуванні</string>
    <!-- Charging animation -->
    <string name="charging_animation_title">Анімація зарядки</string>
    <string name="charging_animation_summary">Показати анімацію, коли пристрій підключено</string>
    <!-- Statusbar Clock background chip -->
    <string name="statusbar_clock_chip_title">Фоновий чіп</string>
    <string name="statusbar_clock_chip_summary">Відображати виділені чіпи за годинником</string>
    <!-- Hide statusbar on lockscreen -->
    <string name="lockscreen_hide_status_bar_title">Приховати рядок стану</string>
    <string name="lockscreen_hide_status_bar_summary">Якщо увімкнено, рядок стану буде приховано на екрані блокування</string>
    <!-- Android P animation style -->
    <string name="pie_animation_style_title">Стиль анімації Android P</string>
    <string name="pie_animation_style_summary">Увімкнути стандартні анімації з Android P</string>
    <!-- Parallel space -->
    <string name="laboratory_parallel_space_title">Паралельний простір</string>
    <string name="laboratory_parallel_space_summary">Дозволити запуск кількох екземплярів однакової програми паралельно</string>
</resources>
