<?xml version="1.0" encoding="utf-8"?>
<!--  Copyright (C) 2014-2016 The Dirty Unicorns Project
      Copyright (C) 2016 AospExtended ROM Project
      Copyright (C) 2022 DerpFest

  This program is free software: you can redistribute it and/or modify
  it under the terms of the GNU General Public License as published by
  the Free Software Foundation, either version 3 of the License, or
  (at your option) any later version.

  This program is distributed in the hope that it will be useful,
  but WITHOUT ANY WARRANTY; without even the implied warranty of
  MERCHANTABILITY or FITNESS FOR A PARTICULAR PURPOSE.  See the
  GNU General Public License for more details.

  You should have received a copy of the GNU General Public License
  along with this program.  If not, see <http://www.gnu.org/licenses/>.
 -->
<resources xmlns:xliff="urn:oasis:names:tc:xliff:document:1.2">
    <!-- General app strings -->
    <string name="add">Tambah</string>
    <string name="advanced">Lanjutan</string>
    <string name="cancel">Batal</string>
    <string name="default_text">Bawaan</string>
    <string name="dlg_ok">OK</string>
    <string name="attention">Perhatian</string>
    <string name="loading">Memuat\u2026</string>
    <string name="reset">Atur ulang</string>
    <string name="reset_colors">Mengatur ulang warna</string>
    <string name="reset_android">Android</string>
    <string name="text_title">Teks</string>
    <string name="icon_title">Ikon</string>
    <string name="color_title">Warna</string>
    <string name="colors_title">Warna</string>
    <!-- DerpSpace categories -->
    <string name="icons_category">Ikon</string>
    <string name="status_bar_category">Bilah Status</string>
    <string name="notifications_panel_category">Panel Setelan Cepat</string>
    <string name="system_category">Sistem</string>
    <string name="lockscreen_category">Layar Kunci</string>
    <string name="udfps_category">Sidik jari di bawah layar</string>
    <string name="listview">Tampilan Baris</string>
    <!-- Frags -->
    <!-- General Tweaks -->
    <string name="general_tweaks_title">Pengaturan Umum</string>
    <!-- Lockscreen UI -->
    <string name="lockscreen_ui_title">Tampilan Kunci Layar</string>
    <!-- Lockscreen general category -->
    <string name="general_category">Umum</string>
    <!-- Lockscreen charging category -->
    <string name="charging_category">Pengisian Daya</string>
    <!-- Quicksettings media category -->
    <string name="media_category">Pemutar Media</string>
    <!-- Network Traffic -->
    <string name="traffic_title">Indikator Jaringan</string>
    <!-- Misc DerpSpace -->
    <string name="misc_derpspace_title">Lain-lain</string>
    <!-- Notifications -->
    <string name="notifications_title">Notifikasi</string>
    <!-- Quick Settings -->
    <string name="quick_settings_title">Pengaturan Cepat</string>
    <!-- Status bar clock and date options -->
    <string name="status_bar_clock_title">Setelan Jam &amp; Tanggal</string>
    <!-- Quick Settings brightness slider -->
    <string name="qs_brightness_slider_category">Panel geser kecerahan</string>
    <!-- Quick Settings footer category -->
    <string name="footer_category">Footer</string>
    <!-- Statusbar Iten -->
    <string name="statusbar_items_category">Item Bilah Status</string>
    <!-- Customisation -->
    <string name="customisation_title">Kustomisasi</string>
    <!-- Battery -->
    <string name="battery_title">Baterai</string>
    <!-- Battery Settings -->
    <string name="battery_settings_title">Pengaturan Baterai</string>
    <!-- Battery Styles -->
    <string name="battery_style_category_title">Gaya Baterai</string>
    <string name="battery_percent_title">Persentase baterai</string>
    <!-- App info dialog -->
    <string name="derpspace_dialog_title">Bantu kami membantu kamu!</string>
    <string name="derpspace_dialog_message">Jika kamu menemukan bug dengan setelan ini, laporkan di laman seksi Bug Reports Google+ kami. Kamu HARUS memasukan ini ketika melapor sebuah bug:\n\n1. Logcat atau last_kmsg\n2. Kernel dan modif lain\n3. Informasi berguna\n\nJika kamu gagal melaporkan sesuatu dengan jelas, JANGAN harap masalah dapat diperbaiki.</string>
    <string name="derpspace_dialog_toast">BACA KESELURUHAN!</string>
    <string name="artwork_media_fade_level_summary">Memudarkan gambar artwork media</string>
    <!-- QuickSettings haptic feedback -->
    <string name="qs_tile_vibration_title">Getaran</string>
    <string name="quick_settings_vibrate_title">Bergetar saat disentuh</string>
    <string name="quick_settings_vibrate_summary">Bergetar saat menyentuh ubin QS</string>
    <string name="quick_settings_vibrate_duration_title">Durasi getaran</string>
    <string name="quick_settings_vibrate_duration_summary">Berapa milidetik untuk bergetar</string>
    <!-- Tiles animation style  -->
    <string name="qs_tile_animation_title">Animasi</string>
    <string name="qs_tile_animation_style_title">Gaya animasi</string>
    <string name="qs_tile_animation_duration_title">Durasi animasi</string>
    <string name="qs_tile_animation_interpolator_title">Interpolator animasi ubin</string>
    <string name="qs_tile_animation_style_off">Tidak ada animasi</string>
    <string name="qs_tile_animation_style_flip">Membalik</string>
    <string name="qs_tile_animation_style_rotate">Memutar</string>
    <string name="qs_tile_animation_duration_low">Rendah</string>
    <string name="qs_tile_animation_duration_default">Bawaan</string>
    <string name="qs_tile_animation_duration_fast">Cepat</string>
    <string name="qs_tile_animation_interpolator_linearInterpolator">Linier</string>
    <string name="qs_tile_animation_interpolator_accelerateInterpolator">Mempercepat</string>
    <string name="qs_tile_animation_interpolator_decelerateInterpolator">Memperlambat</string>
    <string name="qs_tile_animation_interpolator_accelerateDecelerateInterpolator">Percepat, lalu perlambat</string>
    <string name="qs_tile_animation_interpolator_bounceInterpolator">Memantul</string>
    <string name="qs_tile_animation_interpolator_overshootInterpolator">Melampaui</string>
    <string name="qs_tile_animation_interpolator_anticipateInterpolator">Antisipasi</string>
    <string name="qs_tile_animation_interpolator_anticipateOvershootInterpolator">Antisipasi terlampaui</string>
    <string name="qs_set_animation_style">%1$s</string>
    <string name="qs_set_animation_duration">%1$s</string>
    <string name="qs_set_animation_interpolator">%1$s</string>
    <!-- 4G icon -->
    <string name="show_fourg_icon_title">Ikon 4G</string>
    <string name="show_fourg_icon_summary">Menampilkan ikon 4G pada ikon sinyal sebagai ganti LTE</string>
    <!-- Data disabled icon -->
    <string name="data_disabled_icon_title">Tampilkan ikon data dinonaktifkan</string>
    <string name="data_disabled_icon_summary">Tampilkan tanda silang di sebelah bar sinyal saat data dimatikan</string>
    <!-- QS footer warnings -->
    <string name="qs_footer_warnings_title">Peringatan footer Setelan Cepat</string>
    <string name="qs_footer_warnings_summary">Tampilkan peringatan di panel QS bawah saat jaringan dipantau oleh aplikasi atau vpn eksternal</string>
    <!-- Old mobile type icons -->
    <string name="use_old_mobiletype_title">Tipe ikon seluler kecil</string>
    <string name="use_old_mobiletype_summary">Tampilkan tipe ikon seluler di atas indikator sinyal</string>
    <!-- Lockscreen battery info indicator  -->
    <string name="lockscreen_battery_info_title">Info pengisian daya pada layar kunci</string>
    <string name="lockscreen_battery_info_summary">Tampilkan arus pengisian, voltase, watt, dan suhu baterai pada layar kunci saat mengisi daya</string>
    <!-- Tiles on secure keyguard -->
    <string name="use_tiles_on_secure_keyguard_title">Perlu membuka kunci untuk menggunakan ubin sensitif</string>
    <string name="use_tiles_on_secure_keyguard_summary">Minta untuk membuka kunci layar saat menggunakan ubin sensitif</string>
    <!-- QS footer text -->
    <string name="qs_footer_text_show_title">Tampilkan teks footer Setelan Cepat</string>
    <string name="qs_footer_text_string_title">Kustomisasi teks footer</string>
    <string name="qs_footer_text_string_summary">Setel ke kosong untuk default #StayDerped</string>
    <!-- Notifications general category -->
    <string name="notifications_general_category_title">Umum</string>
    <!-- Notification count -->
    <string name="status_bar_notif_count_title">Jumlah pemberitahuan</string>
    <string name="status_bar_notif_count_summary">Tampilkan jumlah notifikasi yang tertunda</string>
    <!-- Units -->
    <string name="unit_seconds">s</string>
    <string name="unit_milliseconds">ms</string>
    <string name="unit_pixels">dp</string>
    <!-- [CHAR_LIMIT=NONE] Developer Settings: Title of the settings category for theme overlays. -->
    <string name="theme_customization_category">Tema</string>
    <!-- [CHAR_LIMIT=NONE] Developer Settings: Title of the setting which enables overlays to customize headline and body fonts. -->
    <string name="theme_customization_font_title">Font Judul / Isi</string>
    <string name="theme_customization_font_summary">Atur gaya font sistem</string>
    <!-- [CHAR_LIMIT=NONE] Developer Settings: Title of the setting which enables overlays to customize the adaptive icon shape (e.g. launcher and quick settings icons). -->
    <string name="theme_customization_icon_shape_title">Bentuk ikon</string>
    <string name="theme_customization_icon_shape_summary">Atur gaya bentuk ikon pada sistem</string>
    <!-- [CHAR_LIMIT=NONE] Developer Settings: Title of the setting which enables overlays to customize the system wide icon pack. -->
    <string name="theme_customization_icon_pack_title">Paket ikon</string>
    <string name="theme_customization_icon_pack_summary">Setel gaya paket ikon kustom</string>
    <!-- [CHAR_LIMIT=NONE] Developer Settings: Label for the option that turns off customizations for a given category.-->
    <string name="theme_customization_device_default">Bawaan perangkat</string>
    <!-- Custom Wi-Fi bar icons -->
    <string name="theme_customization_wifi_icon_title">Ikon WiFi</string>
    <string name="theme_customization_wifi_icon_summary">Gaya ikon WiFi</string>
    <!-- Custom Signal bar icons -->
    <string name="theme_customization_signal_icon_title">Ikon sinyal</string>
    <string name="theme_customization_signal_icon_summary">Gaya ikon sinyal</string>
    <!-- Black theme -->
    <string name="system_black_theme_title">Gunakan tema gelap</string>
    <string name="system_black_theme_summary">Paksa warna latar belakang hitam</string>
    <!-- UI styles -->
    <string name="theme_customization_ui_style_title">Gaya Antarmuka Pengguna</string>
    <string name="theme_customization_ui_style_summary">Setel gaya kustom untuk antarmuka Anda</string>
    <!-- Applications fragment -->
    <string name="search">Cari</string>
    <string name="search_apps">Cari aplikasi</string>
    <!-- reTicker -->
    <string name="reticker_title">reTicker</string>
    <string name="reticker_summary">Ganti notifikasi Anda dengan versi ticker yang didesain ulang. \nRamping dan tidak terlalu invasif dibandingkan notifikasi standar</string>
    <string name="reticker_colored_title">Gunakan latar belakang berwarna sesuai aplikasi</string>
    <string name="reticker_colored_summary">Ganti warna latar belakang reTicker menggunakan warna utama notifikasi aplikasi</string>
    <string name="reticker_landscape_only_title">Hanya lanskap</string>
    <string name="reticker_landscape_only_summary">Hanya aktifkan reTicker saat perangkat dalam mode lanskap</string>
    <!-- Network traffic -->
    <string name="network_traffic_title">Indikator lalu lintas jaringan</string>
    <string name="network_traffic_summary">Mengaktifkan atau menonaktifkan indikator kecepatan jaringan di bilah status</string>
    <string name="network_traffic_state_title">Aktifkan \"Indikator lalu lintas jaringan\"</string>
    <string name="network_options_title">Opsi</string>
    <string name="network_traffic_autohide_title">Sembunyikan indikator lalu lintas jaringan jika tidak aktif</string>
    <string name="network_traffic_autohide_summary">Sembunyikan saat indikator lalu lintas jaringan di bawah 1 KB/d</string>
    <!-- Media art -->
    <string name="lockscreen_media_art_options_title">Sampul album media</string>
    <string name="media_art_title">Sampul album media</string>
    <string name="media_art_summary">Tampilkan sampul art media bila tersedia</string>
    <!-- Lock screen cover art -->
    <string name="lockscreen_media_blur_title">Tingkat blur art media</string>
    <!-- Clock position -->
    <string name="status_bar_clock_position_center">Tengah</string>
    <string name="status_bar_clock_position_left">Kiri</string>
    <string name="status_bar_clock_position_right">Kanan</string>
    <string name="status_bar_clock_position_title">Posisi jam</string>
    <!-- Clock AM/PM -->
    <string name="status_bar_am_pm_hidden">Tersembunyi</string>
    <string name="status_bar_am_pm_normal">Normal</string>
    <string name="status_bar_am_pm_small">Kecil</string>
    <string name="status_bar_am_pm_title">Gaya Jam AM/PM</string>
    <string name="status_bar_am_pm_unavailable">Waktu 24-jam diaktifkan</string>
    <!-- Clock show seconds -->
    <string name="status_bar_clock_show_seconds_title">Jam menunjukkan detik</string>
    <string name="status_bar_clock_show_seconds_desc">Tampilkan jam, menit, dan detik</string>
    <!-- Battery style and percentage -->
    <string name="status_bar_battery_style_circle">Lingkaran</string>
    <string name="status_bar_battery_style_icon_portrait">Ikon portrait</string>
    <string name="status_bar_battery_style_text">Teks</string>
    <string name="status_bar_battery_style_title">Gaya baterai statusbar</string>
    <string name="status_bar_battery_percentage_hidden">Tersembunyi</string>
    <string name="status_bar_battery_percentage_text_inside">Di dalam ikon</string>
    <string name="status_bar_battery_percentage_text_next">Di samping ikon</string>
    <string name="status_bar_battery_percentage_title">Persentase baterai</string>
    <!-- Brightness slider -->
    <string name="qqs_show_brightness_title">Tampilkan slider kecerahan di Setelan Cepat</string>
    <string name="brightness_slider_position_title">Posisi slider kecerahan</string>
    <string name="top">Atas</string>
    <string name="bottom">Bawah</string>
    <string name="show_auto_brightness_button_title">Tampilkan tombol kecerahan otomatis</string>
    <!-- Pulse -->
    <string name="ambient_light_category">Pencahayaan tepi layar</string>
    <string name="keywords_pulse_ambient_light_display">notifikasi, pemberitahuan, tepi, cahaya, warna</string>
    <string name="pulse_ambient_light_text">Pencahayaan tepi membuat layar Anda bersinar saat Anda menerima notifikasi. Ini memudahkan untuk mengetahui kapan Anda mendapatkan notifikasi saat ponsel dalam mode tidur.</string>
    <string name="pulse_ambient_light_enable">Gunakan pencahayaan tepi layar</string>
    <string name="pulse_ambient_light_title">Pencahayaan tepi layar</string>
    <string name="pulse_ambient_light_summary">Nyalakan cahaya di sisi pinggir layar saat ada notifikasi</string>
    <string name="ambient_notification_light_accent_title">Warna aksen sistem</string>
    <string name="ambient_notification_light_color_automatic_title">Warna notifikasi</string>
    <string name="pulse_ambient_light_color">Saat menyala, gunakan</string>
    <!-- QS tiles layout -->
    <string name="qs_tile_layout_title">Tata letak QS</string>
    <string name="qs_tile_layout_summary">Sesuaikan tata letak ubin di panel QS</string>
    <string name="qs_tiles_layout_category">Tata letak ubin</string>
    <string name="qs_rows_portrait_title">Baris (Portrait)</string>
    <string name="qqs_rows_portrait_title">Baris (Portrait QS cepat)</string>
    <string name="qs_columns_portrait_title">Kolom (Portrait)</string>
    <string name="qs_apply_change_button_title">Terapkan perubahan</string>
    <string name="qs_apply_change_failed">Gagal menerapkan perubahan</string>
    <string name="qs_tile_hide_label_title">Sembunyikan label</string>
    <string name="qs_tile_hide_label_summary">Hanya tampilkan ikon untuk ubin QS</string>
    <string name="qs_tile_vertical_layout_title">Tata letak vertikal</string>
    <string name="qs_tile_vertical_layout_summary">Aktifkan tata letak vertikal untuk ubin QS</string>
    <!-- Statusbar lyric -->
    <string name="status_bar_lyric_title">Lirik bilah status</string>
    <string name="status_bar_lyric_summary">Tampilkan lirik di bilah status (perlu dukungan aplikasi)</string>
    <string name="status_bar_show_lyric_title">Aktifkan lirik bilah status</string>
    <!-- Statusbar logo -->
    <string name="status_bar_logo_category_title">Logo</string>
    <string name="status_bar_logo_title">Logo</string>
    <string name="status_bar_logo_summary">Aktifkan untuk menampilkan logo di bilah status</string>
    <string name="status_bar_logo_position_title">Posisi</string>
    <string name="status_bar_logo_position_summary">Pilih di bagian mana untuk menampilkan logo, kiri atau kanan</string>
    <string name="status_bar_logo_position_right">Kanan</string>
    <string name="status_bar_logo_position_left">Kiri</string>
    <string name="status_bar_logo_style_title">Gaya</string>
    <string name="status_bar_logo_style_derp">DerpFest</string>
    <string name="status_bar_logo_style_derp_alt">DerpFest segi tiga</string>
    <string name="status_bar_logo_style_adidas">Adidas</string>
    <string name="status_bar_logo_style_airjordan">Air Jordan</string>
    <string name="status_bar_logo_style_apple">Apple</string>
    <string name="status_bar_logo_style_avengers">Avengers</string>
    <string name="status_bar_logo_style_batman">Batman</string>
    <string name="status_bar_logo_style_batman_tdk">Batman The Dark Knight</string>
    <string name="status_bar_logo_style_beats">Beats</string>
    <string name="status_bar_logo_style_biohazard">Biohazard</string>
    <string name="status_bar_logo_style_blackberry">Blackberry</string>
    <string name="status_bar_logo_style_cannabis">Ganja</string>
    <string name="status_bar_logo_style_fire">Api</string>
    <string name="status_bar_logo_style_nike">Nike</string>
    <string name="status_bar_logo_style_pac_man">Pac-Man</string>
    <string name="status_bar_logo_style_puma">Puma</string>
    <string name="status_bar_logo_style_rog">ROG</string>
    <string name="status_bar_logo_style_superman">Superman</string>
    <string name="status_bar_logo_style_windows">Windows</string>
    <string name="status_bar_logo_style_xbox">XBOX</string>
    <!-- Pulse music visualizer -->
    <string name="pulse_help_policy_notice_title">Tentang Pulse</string>
    <string name="pulse_help_policy_notice_summary">Pulse adalah equalizer grafis audio yang brilian saat musik diputar di perangkat</string>
    <string name="pulse_settings">Pulse</string>
    <string name="pulse_settings_summary">Visualisasi audio untuk bilah navigasi, layar kunci, dan layar ambien</string>
    <string name="show_navbar_pulse_title">Pulse bilah navigasi</string>
    <string name="show_navbar_pulse_summary">Visualisasi audio pada bilah navigasi</string>
    <string name="show_lockscreen_pulse_title">Pulse layar kunci</string>
    <string name="show_lockscreen_pulse_summary">Visualisasi audio pada layar kunci</string>
    <string name="show_ambient_pulse_title">Grafis Audio Layar Ambient</string>
    <string name="show_ambient_pulse_summary">Visualisasi audio pada layar ambien</string>
    <string name="pulse_render_mode_title">Mode render</string>
    <string name="pulse_render_mode_fading_bars">Blok memudar</string>
    <string name="pulse_render_mode_solid_lines">Garis padat</string>
    <string name="pulse_legacy_mode_advanced_category">Pengaturan mode blok memudar</string>
    <string name="pulse_custom_fudge_factor">Tingkat kewajaran</string>
    <string name="pulse_lavalamp_speed_title">Kecepatan lampu lava</string>
    <string name="pulse_solid_units_count">Jumlah garis-garis padat</string>
    <string name="pulse_solid_units_opacity">Keburaman garis-garis padat</string>
    <string name="pulse_solid_dimen_category">Setelan mode garis-garis padat</string>
    <string name="pulse_color_mode_title">Warna</string>
    <string name="pulse_color_accent">Aksen</string>
    <string name="pulse_color_custom">Kustomisasi</string>
    <string name="pulse_color_lava_lamp">Lampu lava</string>
    <string name="pulse_color_auto">Album</string>
    <string name="pulse_color_user_title">Pilih warna</string>
    <string name="pulse_smoothing_enabled_title">Aktifkan smoothing</string>
    <string name="pulse_smoothing_enabled_summary">Setiap bar dianimasikan lebih halus</string>
    <string name="pulse_custom_dimen">Lebar bilah</string>
    <string name="pulse_custom_div">Jarak bilah</string>
    <string name="pulse_filled_block_size">Ukuran blok</string>
    <string name="pulse_empty_block_size">Jarak blok</string>
    <string name="pulse_solid_units_rounded_title">Lengkungan garis-garis padat</string>
    <string name="pulse_solid_units_rounded_summary">Lengkungkan garis-garis padat</string>
    <!-- Udfps animations -->
    <string name="udfps_recog_animation">Animasi Sidik Jari Dalam Layar</string>
    <string name="udfps_recog_animation_summary">Menampilkan animasi saat membaca jari Anda</string>
    <string name="udfps_recog_animation_effect_title">Kustomisasi animasi Sidik Jari Dalam Layar</string>
    <string name="udfps_recog_animation_effect_summary">Pilih efek animasi</string>
    <!-- Udfps icon picker -->
    <string name="udfps_icon_picker_title">Pilihan ikon Sidik Jari Dalam Layar</string>
    <string name="udfps_icon_picker_summary">Pilih ikon sidik jari favorit Anda</string>
    <!-- Lockscreen charge temperature unit -->
    <string name="lockscreen_charge_temp_unit_title">Satuan temperatur</string>
    <string name="lockscreen_charge_temp_unit_farhenheit">Fahrenheit</string>
    <string name="lockscreen_charge_temp_unit_celsius">Celsius</string>
    <!-- Material dismiss all button for notifications -->
    <string name="notification_material_dismiss_title">Tombol hapus semua notifikasi</string>
    <string name="notification_material_dismiss_summary">Ganti teks hapus semua notifikasi dengan tombol mengambang gaya material</string>
    <string name="notification_material_dismiss_style_title">Gaya tombol</string>
    <string name="notification_material_dismiss_bgstyle_title">Latar belakang tombol</string>
    <!-- Bluetooth status -->
    <string name="bluetooth_battery_title">Status baterai Bluetooth</string>
    <string name="bluetooth_battery_summary">Tampilkan status baterai perangkat bluetooth yang terhubung saat ini, jika tersedia</string>
    <!-- Clock auto hide -->
    <string name="status_bar_clock_auto_hide_title">Sembunyikan otomatis</string>
    <string name="status_bar_clock_auto_hide_summary">Sembunyikan jam ketika launcher terlihat</string>
    <!-- Display Settings: Title of the setting which toggles wallpaper zooming effects on interraction -->
    <string name="wallpaper_zoom_effect_title">Efek perbesar wallpaper</string>
    <!-- Display Settings: Subtitle of the setting which toggles wallpaper zooming effects on interraction -->
    <string name="wallpaper_zoom_effect_summary">Perbesar wallpaper untuk menampilkan animasi zoom-out depth. Wallpaper mungkin mengalami penurunan kualitas</string>
    <!-- Squiggle animation -->
    <string name="show_squiggle_animation_title">Tampilkan animasi coretan</string>
    <string name="show_squiggle_animation_summary">Tampilkan animasi coretan panel media\nSetelah perubahan perlu mengganti musik, menjeda musik, atau memindahkan bilah kemajuan untuk menerapkan</string>
    <!-- Ambient battery bar settings -->
    <string name="ambient_ui">Tampilan Ambient/Always on</string>
    <string name="ambient_battery_settings_title">Bilah baterai</string>
    <string name="ambient_battery_settings_summary">Selalu tampilkan bilah baterai pada tampilan ambien</string>
    <string name="keyguard_show_battery_title">Persentase baterai saat pengisian</string>
    <string name="keyguard_show_battery_summary">Tampilkan bilah baterai di tampilan ambien saat mengisi daya</string>
    <string name="keyguard_show_battery_always_title">Selalu tampilkan bilah baterai</string>
    <string name="keyguard_show_battery_always_summary">Selalu tampilkan bilah baterai pada tampilan ambien</string>
    <!-- Pulse Gravity and mirror options -->
    <string name="pulse_custom_gravity_title">Gravitasi</string>
    <string name="pulse_custom_gravity_bottom">Bawah</string>
    <string name="pulse_custom_gravity_top">Atas</string>
    <string name="pulse_custom_gravity_center">Tengah</string>
    <string name="visualizer_center_mirrored_title">Tengah dicerminkan</string>
    <string name="visualizer_center_mirrored_summary">Atur visualisasi dalam mode tengah dicerminkan</string>
    <string name="pulse_vertical_mirror_title">Cermin Vertikal</string>
    <string name="pulse_vertical_mirror_summary">Buat pulse lain dan balik secara vertikal</string>
    <!-- Ripple Effect on lockscreen -->
    <string name="disable_fingerprint_ripple_effect_title">Matikan efek Ripple</string>
    <string name="disable_fingerprint_ripple_effect_summary">Matikan efek ripple saat membuka kunci</string>
    <!-- Charging animation -->
    <string name="charging_animation_title">Animasi pengisian daya</string>
    <string name="charging_animation_summary">Tampilkan animasi saat perangkat diisi daya</string>
    <!-- Statusbar Clock background chip -->
    <string name="statusbar_clock_chip_title">Cip latar belakang</string>
    <string name="statusbar_clock_chip_summary">Tampilkan cip warna aksen di belakang jam</string>
    <!-- Hide statusbar on lockscreen -->
    <string name="lockscreen_hide_status_bar_title">Sembunyikan bilah status</string>
    <string name="lockscreen_hide_status_bar_summary">Jika dihidupkan, bilah status akan disembunyikan di kunci layar</string>
    <!-- Android P animation style -->
    <string name="pie_animation_style_title">Gaya animasi Android P</string>
    <string name="pie_animation_style_summary">Mengaktifkan animasi \"Bawaan\" Android P</string>
    <!-- Parallel space -->
    <string name="laboratory_parallel_space_title">Ruang paralel</string>
    <string name="laboratory_parallel_space_summary">Izinkan menjalankan beberapa instance dari aplikasi yang sama secara paralel</string>
</resources>
