<?xml version="1.0" encoding="utf-8"?>
<!--  Copyright (C) 2014-2016 The Dirty Unicorns Project
      Copyright (C) 2016 AospExtended ROM Project
      Copyright (C) 2022 DerpFest

  This program is free software: you can redistribute it and/or modify
  it under the terms of the GNU General Public License as published by
  the Free Software Foundation, either version 3 of the License, or
  (at your option) any later version.

  This program is distributed in the hope that it will be useful,
  but WITHOUT ANY WARRANTY; without even the implied warranty of
  MERCHANTABILITY or FITNESS FOR A PARTICULAR PURPOSE.  See the
  GNU General Public License for more details.

  You should have received a copy of the GNU General Public License
  along with this program.  If not, see <http://www.gnu.org/licenses/>.
 -->
<resources xmlns:xliff="urn:oasis:names:tc:xliff:document:1.2">
    <!-- General app strings -->
    <string name="add">添加</string>
    <string name="advanced">高级版</string>
    <string name="cancel">取消</string>
    <string name="default_text">默认设置</string>
    <string name="dlg_ok">好的</string>
    <string name="attention">注意事项</string>
    <string name="loading">正在载入\u2026</string>
    <string name="reset">Reset</string>
    <string name="reset_colors">重置颜色</string>
    <string name="reset_android">Android</string>
    <string name="text_title">文本</string>
    <string name="icon_title">图标</string>
    <string name="color_title">颜色</string>
    <string name="colors_title">颜色</string>
    <!-- DerpSpace categories -->
    <string name="icons_category">图标</string>
    <string name="status_bar_category">状态栏</string>
    <string name="notifications_panel_category">快速设置面板</string>
    <string name="system_category">系统</string>
    <string name="lockscreen_category">锁屏界面</string>
    <string name="udfps_category">次显示指纹</string>
    <string name="listview">列表视图</string>
    <!-- Frags -->
    <!-- General Tweaks -->
    <string name="general_tweaks_title">常规设置</string>
    <!-- Lockscreen UI -->
    <string name="lockscreen_ui_title">锁屏界面</string>
    <!-- Lockscreen general category -->
    <string name="general_category">A. 概况</string>
    <!-- Lockscreen charging category -->
    <string name="charging_category">正在充电</string>
    <!-- Quicksettings media category -->
    <string name="media_category">媒体播放器</string>
    <!-- Network Traffic -->
    <string name="traffic_title">流量指示器</string>
    <!-- Misc DerpSpace -->
    <string name="misc_derpspace_title">其他事项</string>
    <!-- Notifications -->
    <string name="notifications_title">通知</string>
    <!-- Quick Settings -->
    <string name="quick_settings_title">快速设置</string>
    <!-- Status bar clock and date options -->
    <string name="status_bar_clock_title">时钟 &amp; 日期设置</string>
    <!-- Quick Settings brightness slider -->
    <string name="qs_brightness_slider_category">亮度滑块</string>
    <!-- Quick Settings footer category -->
    <string name="footer_category">页脚</string>
    <!-- Statusbar Iten -->
    <string name="statusbar_items_category">状态栏项目</string>
    <!-- Customisation -->
    <string name="customisation_title">自定义</string>
    <!-- Battery -->
    <string name="battery_title">电量：</string>
    <!-- Battery Settings -->
    <string name="battery_settings_title">电池设置</string>
    <!-- Battery Styles -->
    <string name="battery_style_category_title">电池样式</string>
    <string name="battery_percent_title">电池百分比</string>
    <!-- App info dialog -->
    <string name="derpspace_dialog_title">帮助我们帮助你！</string>
    <string name="derpspace_dialog_message">如果您发现任何这些设置的错误，请在我们的 Telegram 群组中报告。 您在发布错误报告时必须包含以下内容：\n\n1。 一个 logcat 或 last_kmsg\n2. 内核和模组使用\n有用的信息\n\n如果您未能充分报告某些情况，请不要指望事情会被修复。</string>
    <string name="derpspace_dialog_toast">读一遍！</string>
    <string name="artwork_media_fade_level_summary">淡出媒体艺术品图像</string>
    <!-- QuickSettings haptic feedback -->
    <string name="qs_tile_vibration_title">振动</string>
    <string name="quick_settings_vibrate_title">触摸时振动</string>
    <string name="quick_settings_vibrate_summary">触摸快速设置瓷块时振动</string>
    <string name="quick_settings_vibrate_duration_title">振动持续时间</string>
    <string name="quick_settings_vibrate_duration_summary">振动几毫秒</string>
    <!-- Tiles animation style  -->
    <string name="qs_tile_animation_title">动画</string>
    <string name="qs_tile_animation_style_title">动画样式</string>
    <string name="qs_tile_animation_duration_title">动画持续时间</string>
    <string name="qs_tile_animation_interpolator_title">瓷块动画插值</string>
    <string name="qs_tile_animation_style_off">无动画</string>
    <string name="qs_tile_animation_style_flip">翻转</string>
    <string name="qs_tile_animation_style_rotate">旋转</string>
    <string name="qs_tile_animation_duration_low">低</string>
    <string name="qs_tile_animation_duration_default">默认设置</string>
    <string name="qs_tile_animation_duration_fast">快速的</string>
    <string name="qs_tile_animation_interpolator_linearInterpolator">线性</string>
    <string name="qs_tile_animation_interpolator_accelerateInterpolator">加速</string>
    <string name="qs_tile_animation_interpolator_decelerateInterpolator">减速</string>
    <string name="qs_tile_animation_interpolator_accelerateDecelerateInterpolator">加速减速</string>
    <string name="qs_tile_animation_interpolator_bounceInterpolator">退信</string>
    <string name="qs_tile_animation_interpolator_overshootInterpolator">叠加</string>
    <string name="qs_tile_animation_interpolator_anticipateInterpolator">预测的</string>
    <string name="qs_tile_animation_interpolator_anticipateOvershootInterpolator">预计覆盖</string>
    <string name="qs_set_animation_style">%1$s</string>
    <string name="qs_set_animation_duration">%1$s</string>
    <string name="qs_set_animation_interpolator">%1$s</string>
    <!-- 4G icon -->
    <string name="show_fourg_icon_title">4G 图标</string>
    <string name="show_fourg_icon_summary">在信号图标中显示 4G 图标而不是 LTE</string>
    <!-- Data disabled icon -->
    <string name="data_disabled_icon_title">显示数据禁用图标</string>
    <string name="data_disabled_icon_summary">当数据禁用时，在信号栏旁边显示交叉标志</string>
    <!-- QS footer warnings -->
    <string name="qs_footer_warnings_title">快速设置页脚警告</string>
    <string name="qs_footer_warnings_summary">当网络被外部应用或 vpn 监视时，快速设置面板底部显示警告</string>
    <!-- Old mobile type icons -->
    <string name="use_old_mobiletype_title">小的移动类型图标</string>
    <string name="use_old_mobiletype_summary">在信号指示器顶部显示移动类型图标</string>
    <!-- Lockscreen battery info indicator  -->
    <string name="lockscreen_battery_info_title">锁屏充电信息</string>
    <string name="lockscreen_battery_info_summary">充电时在锁屏界面显示电流、电压、电压和电池温度</string>
    <!-- Tiles on secure keyguard -->
    <string name="use_tiles_on_secure_keyguard_title">需要解锁才能使用敏感瓷块</string>
    <string name="use_tiles_on_secure_keyguard_summary">使用敏感瓷块时要求解锁锁屏幕</string>
    <!-- QS footer text -->
    <string name="qs_footer_text_show_title">显示快速设置页脚文本</string>
    <string name="qs_footer_text_string_title">自定义页脚文本</string>
    <string name="qs_footer_text_string_summary">设置为空为默认 #StayDerped</string>
    <!-- Notifications general category -->
    <string name="notifications_general_category_title">A. 概况</string>
    <!-- Notification count -->
    <string name="status_bar_notif_count_title">通知计数</string>
    <string name="status_bar_notif_count_summary">显示待处理通知的数量</string>
    <!-- Units -->
    <string name="unit_seconds">秒</string>
    <string name="unit_milliseconds">毫秒</string>
    <string name="unit_pixels">dp</string>
    <!-- [CHAR_LIMIT=NONE] Developer Settings: Title of the settings category for theme overlays. -->
    <string name="theme_customization_category">主题</string>
    <!-- [CHAR_LIMIT=NONE] Developer Settings: Title of the setting which enables overlays to customize headline and body fonts. -->
    <string name="theme_customization_font_title">标题/正文字体</string>
    <string name="theme_customization_font_summary">设置系统字体样式</string>
    <!-- [CHAR_LIMIT=NONE] Developer Settings: Title of the setting which enables overlays to customize the adaptive icon shape (e.g. launcher and quick settings icons). -->
    <string name="theme_customization_icon_shape_title">图标形状</string>
    <string name="theme_customization_icon_shape_summary">设置系统图标形状样式</string>
    <!-- [CHAR_LIMIT=NONE] Developer Settings: Title of the setting which enables overlays to customize the system wide icon pack. -->
    <string name="theme_customization_icon_pack_title">图标包</string>
    <string name="theme_customization_icon_pack_summary">设置自定义图标包样式</string>
    <!-- [CHAR_LIMIT=NONE] Developer Settings: Label for the option that turns off customizations for a given category.-->
    <string name="theme_customization_device_default">设备默认</string>
    <!-- Custom Wi-Fi bar icons -->
    <string name="theme_customization_wifi_icon_title">Wifi图标</string>
    <string name="theme_customization_wifi_icon_summary">设置 Wifi 图标样式</string>
    <!-- Custom Signal bar icons -->
    <string name="theme_customization_signal_icon_title">信号图标</string>
    <string name="theme_customization_signal_icon_summary">设置信号图标样式</string>
    <!-- Black theme -->
    <string name="system_black_theme_title">使用黑色主题</string>
    <string name="system_black_theme_summary">强制黑色背景颜色</string>
    <!-- UI styles -->
    <string name="theme_customization_ui_style_title">界面样式</string>
    <string name="theme_customization_ui_style_summary">为您的接口设置自定义样式</string>
    <!-- Applications fragment -->
    <string name="search">搜索</string>
    <string name="search_apps">搜索应用</string>
    <!-- reTicker -->
    <string name="reticker_title">reTicker</string>
    <string name="reticker_summary">用重新设计的tickers版本来替换您的通知。 \nSlim并且不像标准通知那样具有侵入性。</string>
    <string name="reticker_colored_title">使用应用程序彩色背景</string>
    <string name="reticker_colored_summary">使用应用程序的主要颜色替换重启器背景颜色</string>
    <string name="reticker_landscape_only_title">仅横屏</string>
    <string name="reticker_landscape_only_summary">仅当设备处于横屏模式时启用重启器</string>
    <!-- Network traffic -->
    <string name="network_traffic_title">网络流量指示器</string>
    <string name="network_traffic_summary">在状态栏中启用或禁用网络速度指示器</string>
    <string name="network_traffic_state_title">启用“网络流量指示器”</string>
    <string name="network_options_title">备选方案</string>
    <string name="network_traffic_autohide_title">不活动时隐藏网络流量指示器</string>
    <string name="network_traffic_autohide_summary">当网络流量低于1KB/秒时隐藏</string>
    <!-- Media art -->
    <string name="lockscreen_media_art_options_title">媒体封面</string>
    <string name="media_art_title">媒体封面</string>
    <string name="media_art_summary">可用时显示媒体封面</string>
    <!-- Lock screen cover art -->
    <string name="lockscreen_media_blur_title">媒体艺术模糊级别</string>
    <!-- Clock position -->
    <string name="status_bar_clock_position_center">居中</string>
    <string name="status_bar_clock_position_left">左侧</string>
    <string name="status_bar_clock_position_right">右侧</string>
    <string name="status_bar_clock_position_title">时钟位置</string>
    <!-- Clock AM/PM -->
    <string name="status_bar_am_pm_hidden">Hidden</string>
    <string name="status_bar_am_pm_normal">普通的</string>
    <string name="status_bar_am_pm_small">小的</string>
    <string name="status_bar_am_pm_title">时钟上午/下午样式</string>
    <string name="status_bar_am_pm_unavailable">24小时时钟已启用</string>
    <!-- Clock show seconds -->
    <string name="status_bar_clock_show_seconds_title">时钟显示秒</string>
    <string name="status_bar_clock_show_seconds_desc">显示小时数、分钟和秒</string>
    <!-- Battery style and percentage -->
    <string name="status_bar_battery_style_circle">圆圈</string>
    <string name="status_bar_battery_style_icon_portrait">竖屏图标</string>
    <string name="status_bar_battery_style_text">文本</string>
    <string name="status_bar_battery_style_title">电池状态样式</string>
    <string name="status_bar_battery_percentage_hidden">Hidden</string>
    <string name="status_bar_battery_percentage_text_inside">图标内</string>
    <string name="status_bar_battery_percentage_text_next">图标旁边</string>
    <string name="status_bar_battery_percentage_title">电池百分比</string>
    <!-- Brightness slider -->
    <string name="qqs_show_brightness_title">在快速快速快速设置面板中显示亮度滑块</string>
    <string name="brightness_slider_position_title">亮度滑块位置</string>
    <string name="top">顶端</string>
    <string name="bottom">底部</string>
    <string name="show_auto_brightness_button_title">显示自动亮度按钮</string>
    <!-- Pulse -->
    <string name="ambient_light_category">边缘光线</string>
    <string name="keywords_pulse_ambient_light_display">通知、通知、边缘、灯光、颜色、颜色</string>
    <string name="pulse_ambient_light_text">当您收到通知时，边缘照明使您的屏幕发光。 这使得当手机处于末影模式时能够获得脉冲时更容易地进行计算。</string>
    <string name="pulse_ambient_light_enable">使用边缘光线</string>
    <string name="pulse_ambient_light_title">边缘光线</string>
    <string name="pulse_ambient_light_summary">通知脉冲时点亮屏幕边边</string>
    <string name="ambient_notification_light_accent_title">系统重音颜色</string>
    <string name="ambient_notification_light_color_automatic_title">通知颜色</string>
    <string name="pulse_ambient_light_color">正在拉取时使用</string>
    <!-- QS tiles layout -->
    <string name="qs_tile_layout_title">快速设置瓷块布局</string>
    <string name="qs_tile_layout_summary">自定义快捷设置面板的瓷块布局</string>
    <string name="qs_tiles_layout_category">瓷块布局</string>
    <string name="qs_rows_portrait_title">行 (纵向)</string>
    <string name="qqs_rows_portrait_title">行 (快速快速快速设置画面)</string>
    <string name="qs_columns_portrait_title">列(纵向)</string>
    <string name="qs_apply_change_button_title">应用更改</string>
    <string name="qs_apply_change_failed">应用更改失败</string>
    <string name="qs_tile_hide_label_title">隐藏标签</string>
    <string name="qs_tile_hide_label_summary">仅显示快捷设置瓷块图标</string>
    <string name="qs_tile_vertical_layout_title">垂直布局</string>
    <string name="qs_tile_vertical_layout_summary">启用快速设置瓷块的垂直布局</string>
    <!-- Statusbar lyric -->
    <string name="status_bar_lyric_title">状态栏歌词</string>
    <string name="status_bar_lyric_summary">在状态栏显示歌词(需要应用程序支持)</string>
    <string name="status_bar_show_lyric_title">启用状态栏歌词</string>
    <!-- Statusbar logo -->
    <string name="status_bar_logo_category_title">徽标</string>
    <string name="status_bar_logo_title">徽标</string>
    <string name="status_bar_logo_summary">启用以在状态栏中显示徽标</string>
    <string name="status_bar_logo_position_title">位置</string>
    <string name="status_bar_logo_position_summary">选择要在左侧或右侧显示徽标</string>
    <string name="status_bar_logo_position_right">右侧</string>
    <string name="status_bar_logo_position_left">左侧</string>
    <string name="status_bar_logo_style_title">样式</string>
    <string name="status_bar_logo_style_derp">减速</string>
    <string name="status_bar_logo_style_derp_alt">DerpFest 三角形</string>
    <string name="status_bar_logo_style_adidas">阿迪达斯</string>
    <string name="status_bar_logo_style_airjordan">Air Jordan</string>
    <string name="status_bar_logo_style_apple">苹果</string>
    <string name="status_bar_logo_style_avengers">复仇者</string>
    <string name="status_bar_logo_style_batman">巴特曼</string>
    <string name="status_bar_logo_style_batman_tdk">Batman The Dark Knight</string>
    <string name="status_bar_logo_style_beats">节拍数</string>
    <string name="status_bar_logo_style_biohazard">生物危险</string>
    <string name="status_bar_logo_style_blackberry">黑莓子</string>
    <string name="status_bar_logo_style_cannabis">A. 大麻情况</string>
    <string name="status_bar_logo_style_fire">火力</string>
    <string name="status_bar_logo_style_nike">尼克省</string>
    <string name="status_bar_logo_style_pac_man">和平-人</string>
    <string name="status_bar_logo_style_puma">普马文</string>
    <string name="status_bar_logo_style_rog">ROG</string>
    <string name="status_bar_logo_style_superman">超级人</string>
    <string name="status_bar_logo_style_windows">窗口</string>
    <string name="status_bar_logo_style_xbox">XBOX</string>
    <!-- Pulse music visualizer -->
    <string name="pulse_help_policy_notice_title">关于 Pulse</string>
    <string name="pulse_help_policy_notice_summary">当音乐在设备上播放时，Pulse是一个优秀的音频可视化器</string>
    <string name="pulse_settings">脉冲</string>
    <string name="pulse_settings_summary">导航栏、锁屏界面和环境屏幕的音频可视化器</string>
    <string name="show_navbar_pulse_title">导航栏脉冲</string>
    <string name="show_navbar_pulse_summary">导航栏上的音频可视化器</string>
    <string name="show_lockscreen_pulse_title">锁屏界面脉冲</string>
    <string name="show_lockscreen_pulse_summary">锁屏上的音频可视化</string>
    <string name="show_ambient_pulse_title">环境脉冲</string>
    <string name="show_ambient_pulse_summary">环境屏幕上的音频可视化</string>
    <string name="pulse_render_mode_title">渲染模式</string>
    <string name="pulse_render_mode_fading_bars">渐变块</string>
    <string name="pulse_render_mode_solid_lines">实线线</string>
    <string name="pulse_legacy_mode_advanced_category">渐变方块模式设置</string>
    <string name="pulse_custom_fudge_factor">理智水平</string>
    <string name="pulse_lavalamp_speed_title">熔岩灯速度</string>
    <string name="pulse_solid_units_count">实线计数</string>
    <string name="pulse_solid_units_opacity">实线不透明度</string>
    <string name="pulse_solid_dimen_category">实线模式设置</string>
    <string name="pulse_color_mode_title">颜色</string>
    <string name="pulse_color_accent">刻度</string>
    <string name="pulse_color_custom">自定义</string>
    <string name="pulse_color_lava_lamp">Lava lamp</string>
    <string name="pulse_color_auto">相册</string>
    <string name="pulse_color_user_title">选择颜色</string>
    <string name="pulse_smoothing_enabled_title">开启平滑模式</string>
    <string name="pulse_smoothing_enabled_summary">每条条都更加顺畅地动画</string>
    <string name="pulse_custom_dimen">Bar width</string>
    <string name="pulse_custom_div">条形间距</string>
    <string name="pulse_filled_block_size">块大小</string>
    <string name="pulse_empty_block_size">方块间距</string>
    <string name="pulse_solid_units_rounded_title">实线四舍五入</string>
    <string name="pulse_solid_units_rounded_summary">旋转实线</string>
    <!-- Udfps animations -->
    <string name="udfps_recog_animation">使用 UDFPS 动画</string>
    <string name="udfps_recog_animation_summary">阅读您的手指时显示动画</string>
    <string name="udfps_recog_animation_effect_title">UDFPS 自定义动画</string>
    <string name="udfps_recog_animation_effect_summary">选择动画效果</string>
    <!-- Udfps icon picker -->
    <string name="udfps_icon_picker_title">UPS 图标选择器</string>
    <string name="udfps_icon_picker_summary">选择您最喜欢的指纹图标</string>
    <!-- Lockscreen charge temperature unit -->
    <string name="lockscreen_charge_temp_unit_title">温度单位</string>
    <string name="lockscreen_charge_temp_unit_farhenheit">Fahrenheit</string>
    <string name="lockscreen_charge_temp_unit_celsius">摄氏度</string>
    <!-- Material dismiss all button for notifications -->
    <string name="notification_material_dismiss_title">清除所有通知按钮</string>
    <string name="notification_material_dismiss_summary">用材料风格浮动按钮来清除所有通知文本</string>
    <string name="notification_material_dismiss_style_title">按钮样式</string>
    <string name="notification_material_dismiss_bgstyle_title">按钮背景</string>
    <!-- Bluetooth status -->
    <string name="bluetooth_battery_title">蓝牙电池状态</string>
    <string name="bluetooth_battery_summary">如果可用，显示连接的蓝牙设备的电池状态</string>
    <!-- Clock auto hide -->
    <string name="status_bar_clock_auto_hide_title">自动隐藏</string>
    <string name="status_bar_clock_auto_hide_summary">如果启动器可见则隐藏时钟</string>
    <!-- Display Settings: Title of the setting which toggles wallpaper zooming effects on interraction -->
    <string name="wallpaper_zoom_effect_title">壁纸缩放效果</string>
    <!-- Display Settings: Subtitle of the setting which toggles wallpaper zooming effects on interraction -->
    <string name="wallpaper_zoom_effect_summary">缩放壁纸以显示缩放深度动画。壁纸可能会降低质量</string>
    <!-- Squiggle animation -->
    <string name="show_squiggle_animation_title">显示方形动画</string>
    <string name="show_squiggle_animation_summary">显示媒体面板正方形动画\n更改后需要切换音乐，暂停音乐或移动进度栏以应用</string>
    <!-- Ambient battery bar settings -->
    <string name="ambient_ui">环境/总是在显示</string>
    <string name="ambient_battery_settings_title">电量栏</string>
    <string name="ambient_battery_settings_summary">在环境显示上显示电池栏</string>
    <string name="keyguard_show_battery_title">充电时电池栏</string>
    <string name="keyguard_show_battery_summary">充电时在环境显示上显示电池栏</string>
    <string name="keyguard_show_battery_always_title">总是显示电池栏</string>
    <string name="keyguard_show_battery_always_summary">总是在环境显示时显示电池栏</string>
    <!-- Pulse Gravity and mirror options -->
    <string name="pulse_custom_gravity_title">重力</string>
    <string name="pulse_custom_gravity_bottom">底部</string>
    <string name="pulse_custom_gravity_top">顶端</string>
    <string name="pulse_custom_gravity_center">居中</string>
    <string name="visualizer_center_mirrored_title">镜像居中</string>
    <string name="visualizer_center_mirrored_summary">在中心镜像模式下设置可视化器</string>
    <string name="pulse_vertical_mirror_title">垂直镜像</string>
    <string name="pulse_vertical_mirror_summary">创建其他脉冲并垂直翻转</string>
    <!-- Ripple Effect on lockscreen -->
    <string name="disable_fingerprint_ripple_effect_title">禁用波纹效果</string>
    <string name="disable_fingerprint_ripple_effect_summary">解锁时禁用波特效</string>
    <!-- Charging animation -->
    <string name="charging_animation_title">充电动画</string>
    <string name="charging_animation_summary">当设备插入时显示动画</string>
    <!-- Statusbar Clock background chip -->
    <string name="statusbar_clock_chip_title">背景芯片</string>
    <string name="statusbar_clock_chip_summary">显示时钟后面的高音芯片</string>
    <!-- Hide statusbar on lockscreen -->
    <string name="lockscreen_hide_status_bar_title">隐藏状态栏</string>
    <string name="lockscreen_hide_status_bar_summary">启用时，状态栏将隐藏在锁屏界面上</string>
    <!-- Android P animation style -->
    <string name="pie_animation_style_title">Android P 动画样式</string>
    <string name="pie_animation_style_summary">启用 Android P \"默认\" 动画</string>
    <!-- Parallel space -->
    <string name="laboratory_parallel_space_title">平行空间</string>
    <string name="laboratory_parallel_space_summary">允许同时运行同一应用程序的多个实例</string>
</resources>
