<?xml version="1.0" encoding="utf-8"?>
<!--  Copyright (C) 2014-2016 The Dirty Unicorns Project
      Copyright (C) 2016 AospExtended ROM Project
      Copyright (C) 2022 DerpFest

  This program is free software: you can redistribute it and/or modify
  it under the terms of the GNU General Public License as published by
  the Free Software Foundation, either version 3 of the License, or
  (at your option) any later version.

  This program is distributed in the hope that it will be useful,
  but WITHOUT ANY WARRANTY; without even the implied warranty of
  MERCHANTABILITY or FITNESS FOR A PARTICULAR PURPOSE.  See the
  GNU General Public License for more details.

  You should have received a copy of the GNU General Public License
  along with this program.  If not, see <http://www.gnu.org/licenses/>.
 -->
<resources xmlns:xliff="urn:oasis:names:tc:xliff:document:1.2">
    <!-- General app strings -->
    <string name="add">לְהוֹסִיף</string>
    <string name="advanced">מִתקַדֵם</string>
    <string name="cancel">לְבַטֵל</string>
    <string name="default_text">בְּרִירַת מֶחדָל</string>
    <string name="dlg_ok">בסדר</string>
    <string name="attention">תשומת הלב</string>
    <string name="loading">טוען\u2026</string>
    <string name="reset">אִתחוּל</string>
    <string name="reset_colors">אפס צבעים</string>
    <string name="reset_android">דְמוּי אָדָם</string>
    <string name="text_title">טֶקסט</string>
    <string name="icon_title">סמל</string>
    <string name="color_title">צֶבַע</string>
    <string name="colors_title">צבעים</string>
    <!-- DerpSpace categories -->
    <string name="icons_category">אייקונים</string>
    <string name="status_bar_category">שורת מצב</string>
    <string name="notifications_panel_category">פאנל QS</string>
    <string name="system_category">מערכת</string>
    <string name="lockscreen_category">מסך נעילה</string>
    <string name="udfps_category">טביעת אצבע מתחת לתצוגה</string>
    <string name="listview">תצוגת רשימה</string>
    <!-- Frags -->
    <!-- General Tweaks -->
    <string name="general_tweaks_title">הגדרות כלליות</string>
    <!-- Lockscreen UI -->
    <string name="lockscreen_ui_title">UI עם מסך נעילה</string>
    <!-- Lockscreen general category -->
    <string name="general_category">כללי</string>
    <!-- Lockscreen charging category -->
    <string name="charging_category">טְעִינָה</string>
    <!-- Quicksettings media category -->
    <string name="media_category">נגן מדיה</string>
    <!-- Network Traffic -->
    <string name="traffic_title">מחווני תנועה</string>
    <!-- Misc DerpSpace -->
    <string name="misc_derpspace_title">שונות</string>
    <!-- Notifications -->
    <string name="notifications_title">התראות</string>
    <!-- Quick Settings -->
    <string name="quick_settings_title">הגדרות מהירות</string>
    <!-- Status bar clock and date options -->
    <string name="status_bar_clock_title">שעון &amp; הגדרות תאריך</string>
    <!-- Quick Settings brightness slider -->
    <string name="qs_brightness_slider_category">מחוון בהירות</string>
    <!-- Quick Settings footer category -->
    <string name="footer_category">כותרת תחתונה</string>
    <!-- Statusbar Iten -->
    <string name="statusbar_items_category">פריטי שורת המצב</string>
    <!-- Customisation -->
    <string name="customisation_title">התאמה אישית</string>
    <!-- Battery -->
    <string name="battery_title">סוֹלְלָה</string>
    <!-- Battery Settings -->
    <string name="battery_settings_title">הגדרות סוללה</string>
    <!-- Battery Styles -->
    <string name="battery_style_category_title">סגנונות סוללה</string>
    <string name="battery_percent_title">אחוזי סוללה</string>
    <!-- App info dialog -->
    <string name="derpspace_dialog_title">עזרו לנו לעזור לכם!</string>
    <string name="derpspace_dialog_message">אם אתה מוצא באג עם אחת מההגדרות הללו, דווח על כך בקבוצת הטלגרם שלנו. עליך לכלול את הדברים הבאים בעת פרסום דוח באג:\n\n1. A logcat או last_kmsg\n2. השתמשו בגרעין ובאופנים\n3. מידע שימושי\n\nאם אינך מצליח לדווח על משהו כראוי, אל תצפה שהדברים יתוקנו.</string>
    <string name="derpspace_dialog_toast">קרא את כל העניין!</string>
    <string name="artwork_media_fade_level_summary">דהיית תמונת אמנות המדיה</string>
    <!-- QuickSettings haptic feedback -->
    <string name="qs_tile_vibration_title">רֶטֶט</string>
    <string name="quick_settings_vibrate_title">מרטיט</string>
    <string name="quick_settings_vibrate_summary">רטט בעת נגיעה באריחי QS</string>
    <string name="quick_settings_vibrate_duration_title">משך הרטט</string>
    <string name="quick_settings_vibrate_duration_summary">כמה אלפיות שניות לרטוט</string>
    <!-- Tiles animation style  -->
    <string name="qs_tile_animation_title">אנימציות</string>
    <string name="qs_tile_animation_style_title">סגנון אנימציה</string>
    <string name="qs_tile_animation_duration_title">משך הנפשה</string>
    <string name="qs_tile_animation_interpolator_title">אינטרפולטור אנימציה של אריחים</string>
    <string name="qs_tile_animation_style_off">אין אנימציה</string>
    <string name="qs_tile_animation_style_flip">לְהַעִיף</string>
    <string name="qs_tile_animation_style_rotate">להתחלף</string>
    <string name="qs_tile_animation_duration_low">נָמוּך</string>
    <string name="qs_tile_animation_duration_default">בְּרִירַת מֶחדָל</string>
    <string name="qs_tile_animation_duration_fast">מָהִיר</string>
    <string name="qs_tile_animation_interpolator_linearInterpolator">ליניארי</string>
    <string name="qs_tile_animation_interpolator_accelerateInterpolator">להאיץ</string>
    <string name="qs_tile_animation_interpolator_decelerateInterpolator">לְהַאֵט</string>
    <string name="qs_tile_animation_interpolator_accelerateDecelerateInterpolator">להאיץ להאט</string>
    <string name="qs_tile_animation_interpolator_bounceInterpolator">להקפיץ</string>
    <string name="qs_tile_animation_interpolator_overshootInterpolator">לְהַחטִיא אֵת הַמַטָרָה</string>
    <string name="qs_tile_animation_interpolator_anticipateInterpolator">לְצַפּוֹת</string>
    <string name="qs_tile_animation_interpolator_anticipateOvershootInterpolator">צפו להפרזת יתר</string>
    <string name="qs_set_animation_style">%1$s</string>
    <string name="qs_set_animation_duration">%1$s</string>
    <string name="qs_set_animation_interpolator">%1$s</string>
    <!-- 4G icon -->
    <string name="show_fourg_icon_title">סמל 4G</string>
    <string name="show_fourg_icon_summary">הצג סמל 4G בסמל האות במקום LTE</string>
    <!-- Data disabled icon -->
    <string name="data_disabled_icon_title">הצג סמל נתונים מושבתים</string>
    <string name="data_disabled_icon_summary">הצג את סימן הצלב ליד סרגל האותות כאשר הנתונים מושבתים</string>
    <!-- QS footer warnings -->
    <string name="qs_footer_warnings_title">אזהרות כותרת תחתונה של QS</string>
    <string name="qs_footer_warnings_summary">הצג אזהרה בתחתית לוח QS כאשר הרשת מנוטרת על ידי אפליקציות חיצוניות או VPN</string>
    <!-- Old mobile type icons -->
    <string name="use_old_mobiletype_title">סמל קטן מסוג נייד</string>
    <string name="use_old_mobiletype_summary">הצג סמל סוג נייד על גבי מחוון האות</string>
    <!-- Lockscreen battery info indicator  -->
    <string name="lockscreen_battery_info_title">מידע על טעינה של מסך נעילה</string>
    <string name="lockscreen_battery_info_summary">הצג זרם טעינה, מתח, הספק וטמפרטורת הסוללה במסך הנעילה בזמן הטעינה</string>
    <!-- Tiles on secure keyguard -->
    <string name="use_tiles_on_secure_keyguard_title">דרוש פתיחה כדי להשתמש באריחים רגישים</string>
    <string name="use_tiles_on_secure_keyguard_summary">בקש לפתוח את מסך הנעילה בעת שימוש באריחים רגישים</string>
    <!-- QS footer text -->
    <string name="qs_footer_text_show_title">הצג טקסט כותרת תחתונה של QS</string>
    <string name="qs_footer_text_string_title">התאמה אישית של טקסט כותרת תחתונה</string>
    <string name="qs_footer_text_string_summary">מוגדר לריק עבור ברירת המחדל #StayDerped</string>
    <!-- Notifications general category -->
    <string name="notifications_general_category_title">כללי</string>
    <!-- Notification count -->
    <string name="status_bar_notif_count_title">ספירת הודעות</string>
    <string name="status_bar_notif_count_summary">הצג את מספר ההודעות הממתינות</string>
    <!-- Units -->
    <string name="unit_seconds">ס</string>
    <string name="unit_milliseconds">גברת</string>
    <string name="unit_pixels">dp</string>
    <!-- [CHAR_LIMIT=NONE] Developer Settings: Title of the settings category for theme overlays. -->
    <string name="theme_customization_category">נושאים</string>
    <!-- [CHAR_LIMIT=NONE] Developer Settings: Title of the setting which enables overlays to customize headline and body fonts. -->
    <string name="theme_customization_font_title">כותרת / גופן גוף</string>
    <string name="theme_customization_font_summary">הגדר את סגנון הגופן של המערכת</string>
    <!-- [CHAR_LIMIT=NONE] Developer Settings: Title of the setting which enables overlays to customize the adaptive icon shape (e.g. launcher and quick settings icons). -->
    <string name="theme_customization_icon_shape_title">צורת סמל</string>
    <string name="theme_customization_icon_shape_summary">הגדר סגנון צורת סמל מערכת</string>
    <!-- [CHAR_LIMIT=NONE] Developer Settings: Title of the setting which enables overlays to customize the system wide icon pack. -->
    <string name="theme_customization_icon_pack_title">חבילת אייקונים</string>
    <string name="theme_customization_icon_pack_summary">הגדר סגנון חבילת אייקונים מותאם אישית</string>
    <!-- [CHAR_LIMIT=NONE] Developer Settings: Label for the option that turns off customizations for a given category.-->
    <string name="theme_customization_device_default">ברירת מחדל של מכשיר</string>
    <!-- Custom Wi-Fi bar icons -->
    <string name="theme_customization_wifi_icon_title">סמל Wifi</string>
    <string name="theme_customization_wifi_icon_summary">הגדר סגנון סמל של Wifi</string>
    <!-- Custom Signal bar icons -->
    <string name="theme_customization_signal_icon_title">סמלי אות</string>
    <string name="theme_customization_signal_icon_summary">הגדר את סגנון סמלי האות</string>
    <!-- Black theme -->
    <string name="system_black_theme_title">השתמש בערכת נושא שחור</string>
    <string name="system_black_theme_summary">כפה על צבעי רקע שחורים</string>
    <!-- UI styles -->
    <string name="theme_customization_ui_style_title">סגנון ממשק משתמש</string>
    <string name="theme_customization_ui_style_summary">הגדר סגנון מותאם אישית עבור הממשק שלך</string>
    <!-- Applications fragment -->
    <string name="search">לחפש</string>
    <string name="search_apps">חיפוש אפליקציות</string>
    <!-- reTicker -->
    <string name="reticker_title">reTicker</string>
    <string name="reticker_summary">החלף את ההתראות שלך בגרסה מעוצבת מחדש של טיקרים. \nדק ופחות פולשני מהודעה רגילה</string>
    <string name="reticker_colored_title">השתמש ברקע צבעוני לאפליקציה</string>
    <string name="reticker_colored_summary">החלף את צבע הרקע של reTicker באמצעות הצבע הראשי של אפליקציית ההתראות</string>
    <string name="reticker_landscape_only_title">נוף בלבד</string>
    <string name="reticker_landscape_only_summary">הפעל את ReTicker רק כאשר המכשיר נמצא במצב לרוחב</string>
    <!-- Network traffic -->
    <string name="network_traffic_title">מחוון תעבורת רשת</string>
    <string name="network_traffic_summary">הפעל או השבת את מחוון מהירות הרשת בשורת המצב</string>
    <string name="network_traffic_state_title">הפעל את \"מחוון תעבורת רשת\"</string>
    <string name="network_options_title">אפשרויות</string>
    <string name="network_traffic_autohide_title">הסתר מחוון תעבורת רשת כאשר אינו פעיל</string>
    <string name="network_traffic_autohide_summary">הסתר כאשר תעבורת הרשת נמוכה מ-1 KB/s</string>
    <!-- Media art -->
    <string name="lockscreen_media_art_options_title">אמנות שער מדיה</string>
    <string name="media_art_title">אמנות שער מדיה</string>
    <string name="media_art_summary">הצג אמנות עטיפת מדיה כאשר היא זמינה</string>
    <!-- Lock screen cover art -->
    <string name="lockscreen_media_blur_title">רמת טשטוש של אמנות מדיה</string>
    <!-- Clock position -->
    <string name="status_bar_clock_position_center">מֶרְכָּז</string>
    <string name="status_bar_clock_position_left">שמאלה</string>
    <string name="status_bar_clock_position_right">ימין</string>
    <string name="status_bar_clock_position_title">מצב שעון</string>
    <!-- Clock AM/PM -->
    <string name="status_bar_am_pm_hidden">מוּסתָר</string>
    <string name="status_bar_am_pm_normal">נוֹרמָלִי</string>
    <string name="status_bar_am_pm_small">קָטָן</string>
    <string name="status_bar_am_pm_title">שעון AM/PM בסגנון</string>
    <string name="status_bar_am_pm_unavailable">שעון 24 שעות מופעל</string>
    <!-- Clock show seconds -->
    <string name="status_bar_clock_show_seconds_title">הצגת שעון שניות</string>
    <string name="status_bar_clock_show_seconds_desc">הצג שעות, דקות ושניות</string>
    <!-- Battery style and percentage -->
    <string name="status_bar_battery_style_circle">מעגל</string>
    <string name="status_bar_battery_style_icon_portrait">דיוקן סמל</string>
    <string name="status_bar_battery_style_text">טֶקסט</string>
    <string name="status_bar_battery_style_title">סגנון מצב הסוללה</string>
    <string name="status_bar_battery_percentage_hidden">מוּסתָר</string>
    <string name="status_bar_battery_percentage_text_inside">בתוך הסמל</string>
    <string name="status_bar_battery_percentage_text_next">ליד הסמל</string>
    <string name="status_bar_battery_percentage_title">אחוזי סוללה</string>
    <!-- Brightness slider -->
    <string name="qqs_show_brightness_title">הצג את מחוון הבהירות בחלונית Quick QS</string>
    <string name="brightness_slider_position_title">מיקום מחוון בהירות</string>
    <string name="top">חלק עליון</string>
    <string name="bottom">תַחתִית</string>
    <string name="show_auto_brightness_button_title">הצג כפתור בהירות אוטומטית</string>
    <!-- Pulse -->
    <string name="ambient_light_category">תאורת קצה</string>
    <string name="keywords_pulse_ambient_light_display">הודעה, התראות, קצה, אור, צבע, צבע</string>
    <string name="pulse_ambient_light_text">תאורת קצה גורמת למסך שלך לזהור כאשר אתה מקבל התראה. זה מקל להבין מתי אתה מקבל דופק בזמן שהטלפון נמצא במצב נמנום.</string>
    <string name="pulse_ambient_light_enable">השתמש בתאורת Edge</string>
    <string name="pulse_ambient_light_title">תאורת קצה</string>
    <string name="pulse_ambient_light_summary">האיר את הקצוות הצדדיים של המסך בדופק ההתראה</string>
    <string name="ambient_notification_light_accent_title">צבע מבטא מערכת</string>
    <string name="ambient_notification_light_color_automatic_title">צבע הודעה</string>
    <string name="pulse_ambient_light_color">בעת פעימה, השתמש</string>
    <!-- QS tiles layout -->
    <string name="qs_tile_layout_title">פריסת אריחי QS</string>
    <string name="qs_tile_layout_summary">התאם אישית את פריסת האריחים בחלונית QS</string>
    <string name="qs_tiles_layout_category">פריסת אריחים</string>
    <string name="qs_rows_portrait_title">שורות (דיוקן)</string>
    <string name="qqs_rows_portrait_title">שורות (דיוקן Quick QS)</string>
    <string name="qs_columns_portrait_title">עמודות (דיוקן)</string>
    <string name="qs_apply_change_button_title">החל שינוי</string>
    <string name="qs_apply_change_failed">החלת השינוי נכשלה</string>
    <string name="qs_tile_hide_label_title">הסתר תוויות</string>
    <string name="qs_tile_hide_label_summary">הצג רק סמל עבור אריחי QS</string>
    <string name="qs_tile_vertical_layout_title">פריסה אנכית</string>
    <string name="qs_tile_vertical_layout_summary">אפשר פריסה אנכית עבור אריחי QS</string>
    <!-- Statusbar lyric -->
    <string name="status_bar_lyric_title">מילת השיר של שורת המצב</string>
    <string name="status_bar_lyric_summary">הצג את השיר בשורת המצב (צריך תמיכה באפליקציה)</string>
    <string name="status_bar_show_lyric_title">הפעל את מילת השיר של שורת המצב</string>
    <!-- Statusbar logo -->
    <string name="status_bar_logo_category_title">סֵמֶל</string>
    <string name="status_bar_logo_title">סֵמֶל</string>
    <string name="status_bar_logo_summary">אפשר להציג לוגו בשורת המצב</string>
    <string name="status_bar_logo_position_title">עמדה</string>
    <string name="status_bar_logo_position_summary">בחר באיזה צד להציג את הלוגו, משמאל או ימין</string>
    <string name="status_bar_logo_position_right">ימין</string>
    <string name="status_bar_logo_position_left">שמאלה</string>
    <string name="status_bar_logo_style_title">סִגְנוֹן</string>
    <string name="status_bar_logo_style_derp">DerpFest</string>
    <string name="status_bar_logo_style_derp_alt">משולש DerpFest</string>
    <string name="status_bar_logo_style_adidas">אדידס</string>
    <string name="status_bar_logo_style_airjordan">אייר ג\'ורדן</string>
    <string name="status_bar_logo_style_apple">תפוח עץ</string>
    <string name="status_bar_logo_style_avengers">הנוקמים</string>
    <string name="status_bar_logo_style_batman">באטמן</string>
    <string name="status_bar_logo_style_batman_tdk">באטמן האביר האפל</string>
    <string name="status_bar_logo_style_beats">פעימות</string>
    <string name="status_bar_logo_style_biohazard">סכנה ביולוגית</string>
    <string name="status_bar_logo_style_blackberry">אוכמניות</string>
    <string name="status_bar_logo_style_cannabis">חֲשִׁישׁ</string>
    <string name="status_bar_logo_style_fire">אֵשׁ</string>
    <string name="status_bar_logo_style_nike">נייקי</string>
    <string name="status_bar_logo_style_pac_man">פאק-מן</string>
    <string name="status_bar_logo_style_puma">פּוּמָה</string>
    <string name="status_bar_logo_style_rog">ROG</string>
    <string name="status_bar_logo_style_superman">סוּפֶּרמֶן</string>
    <string name="status_bar_logo_style_windows">חלונות</string>
    <string name="status_bar_logo_style_xbox">אקס בוקס</string>
    <!-- Pulse music visualizer -->
    <string name="pulse_help_policy_notice_title">לגבי דופק</string>
    <string name="pulse_help_policy_notice_summary">Pulse הוא מכשיר חזותי מבריק כאשר מוזיקה מתנגנת במכשיר</string>
    <string name="pulse_settings">דוֹפֶק</string>
    <string name="pulse_settings_summary">Visualizer אודיו לסרגל ניווט, מסך נעילה ומסך סביבה</string>
    <string name="show_navbar_pulse_title">Navbar Pulse</string>
    <string name="show_navbar_pulse_summary">Visualizer אודיו בסרגל הניווט</string>
    <string name="show_lockscreen_pulse_title">דופק מסך נעילה</string>
    <string name="show_lockscreen_pulse_summary">Visualizer אודיו במסך הנעילה</string>
    <string name="show_ambient_pulse_title">דופק אווירה</string>
    <string name="show_ambient_pulse_summary">Visualizer אודיו על מסך הסביבה</string>
    <string name="pulse_render_mode_title">מצב עיבוד</string>
    <string name="pulse_render_mode_fading_bars">בלוקים דוהים</string>
    <string name="pulse_render_mode_solid_lines">קווים מוצקים</string>
    <string name="pulse_legacy_mode_advanced_category">הגדרות מצב דהייה בלוקים</string>
    <string name="pulse_custom_fudge_factor">רמת שפיות</string>
    <string name="pulse_lavalamp_speed_title">מהירות מנורת לבה</string>
    <string name="pulse_solid_units_count">קווים מוצקים סופרים</string>
    <string name="pulse_solid_units_opacity">אטימות קווים מוצקים</string>
    <string name="pulse_solid_dimen_category">הגדרות מצב קווים מלאים</string>
    <string name="pulse_color_mode_title">צֶבַע</string>
    <string name="pulse_color_accent">מִבטָא</string>
    <string name="pulse_color_custom">המותאם אישית</string>
    <string name="pulse_color_lava_lamp">מנורת לבה</string>
    <string name="pulse_color_auto">אַלבּוֹם</string>
    <string name="pulse_color_user_title">בחרי צבע</string>
    <string name="pulse_smoothing_enabled_title">הפעל החלקה</string>
    <string name="pulse_smoothing_enabled_summary">כל סרגל מונפש בצורה חלקה יותר</string>
    <string name="pulse_custom_dimen">רוחב סרגל</string>
    <string name="pulse_custom_div">מרווח בר</string>
    <string name="pulse_filled_block_size">גודל בלוק</string>
    <string name="pulse_empty_block_size">מרווח בלוקים</string>
    <string name="pulse_solid_units_rounded_title">קווים מוצקים מעוגלים</string>
    <string name="pulse_solid_units_rounded_summary">עגלו את הקווים המוצקים</string>
    <!-- Udfps animations -->
    <string name="udfps_recog_animation">השתמש באנימציית UDFPS</string>
    <string name="udfps_recog_animation_summary">מציג אנימציה בזמן קריאת האצבע</string>
    <string name="udfps_recog_animation_effect_title">אנימציה מותאמת אישית של UDFPS</string>
    <string name="udfps_recog_animation_effect_summary">בחר אפקט אנימציה</string>
    <!-- Udfps icon picker -->
    <string name="udfps_icon_picker_title">בוחר אייקונים של UDFPS</string>
    <string name="udfps_icon_picker_summary">בחר את סמל טביעת האצבע המועדף עליך</string>
    <!-- Lockscreen charge temperature unit -->
    <string name="lockscreen_charge_temp_unit_title">יחידת טמפרטורה</string>
    <string name="lockscreen_charge_temp_unit_farhenheit">פרנהייט</string>
    <string name="lockscreen_charge_temp_unit_celsius">צֶלסִיוּס</string>
    <!-- Material dismiss all button for notifications -->
    <string name="notification_material_dismiss_title">לחצן נקה את כל ההתראות</string>
    <string name="notification_material_dismiss_summary">החלף נקה את כל טקסט ההתראה בלחצן צף בסגנון חומר</string>
    <string name="notification_material_dismiss_style_title">סגנון כפתורים</string>
    <string name="notification_material_dismiss_bgstyle_title">רקע לחצן</string>
    <!-- Bluetooth status -->
    <string name="bluetooth_battery_title">מצב סוללת בלוטות\'</string>
    <string name="bluetooth_battery_summary">הצג את מצב הסוללה עבור מכשיר ה-Bluetooth המחובר, אם זמין</string>
    <!-- Clock auto hide -->
    <string name="status_bar_clock_auto_hide_title">הסתרה אוטומטית</string>
    <string name="status_bar_clock_auto_hide_summary">הסתר את השעון אם המשגר גלוי</string>
    <!-- Display Settings: Title of the setting which toggles wallpaper zooming effects on interraction -->
    <string name="wallpaper_zoom_effect_title">אפקט זום של טפט</string>
    <!-- Display Settings: Subtitle of the setting which toggles wallpaper zooming effects on interraction -->
    <string name="wallpaper_zoom_effect_summary">הגדל את הטפט כדי להציג אנימציית עומק התקרבות. טפטים עשויים לסבול מירידה באיכות</string>
    <!-- Squiggle animation -->
    <string name="show_squiggle_animation_title">הצג אנימציית פתלתלים</string>
    <string name="show_squiggle_animation_summary">הצג אנימציית פיתול של פאנל מדיה\nלאחר השינוי צריך להחליף מוזיקה, להשהות מוזיקה או להזיז את סרגל ההתקדמות כדי להחיל</string>
    <!-- Ambient battery bar settings -->
    <string name="ambient_ui">אווירה / מוצגת תמיד</string>
    <string name="ambient_battery_settings_title">בר סוללות</string>
    <string name="ambient_battery_settings_summary">הצג סרגל סוללה בצג הסביבה</string>
    <string name="keyguard_show_battery_title">פס סוללה בעת טעינה</string>
    <string name="keyguard_show_battery_summary">הצג פס סוללה בתצוגת הסביבה בעת הטעינה</string>
    <string name="keyguard_show_battery_always_title">הצג תמיד את סרגל הסוללות</string>
    <string name="keyguard_show_battery_always_summary">הצג תמיד סרגל סוללה בצג הסביבה</string>
    <!-- Pulse Gravity and mirror options -->
    <string name="pulse_custom_gravity_title">כוח משיכה</string>
    <string name="pulse_custom_gravity_bottom">תַחתִית</string>
    <string name="pulse_custom_gravity_top">חלק עליון</string>
    <string name="pulse_custom_gravity_center">מֶרְכָּז</string>
    <string name="visualizer_center_mirrored_title">שיקוף במרכז</string>
    <string name="visualizer_center_mirrored_summary">הגדר את החזותי במצב שיקוף מרכזי</string>
    <string name="pulse_vertical_mirror_title">מראה אנכית</string>
    <string name="pulse_vertical_mirror_summary">צור דופק אחר והפוך אנכית</string>
    <!-- Ripple Effect on lockscreen -->
    <string name="disable_fingerprint_ripple_effect_title">השבת את אפקט האדווה</string>
    <string name="disable_fingerprint_ripple_effect_summary">השבת את אפקט האדווה בביטול הנעילה</string>
    <!-- Charging animation -->
    <string name="charging_animation_title">אנימציה טעינה</string>
    <string name="charging_animation_summary">הצג אנימציה כשהמכשיר מחובר לחשמל</string>
    <!-- Statusbar Clock background chip -->
    <string name="statusbar_clock_chip_title">שבב רקע</string>
    <string name="statusbar_clock_chip_summary">הצגת שבב מודגש מאחורי השעון</string>
    <!-- Hide statusbar on lockscreen -->
    <string name="lockscreen_hide_status_bar_title">הסתר את שורת המצב</string>
    <string name="lockscreen_hide_status_bar_summary">כאשר מופעל, שורת המצב תהיה מוסתרת במסך הנעילה</string>
    <!-- Android P animation style -->
    <string name="pie_animation_style_title">סגנון אנימציה של אנדרואיד P</string>
    <string name="pie_animation_style_summary">אפשר אנימציות \"ברירת מחדל\" של Android P</string>
    <!-- Parallel space -->
    <string name="laboratory_parallel_space_title">חלל מקביל</string>
    <string name="laboratory_parallel_space_summary">אפשר להפעיל מספר מופעים של אותו יישום במקביל</string>
</resources>
