<?xml version="1.0" encoding="utf-8"?>
<!--  Copyright (C) 2014-2016 The Dirty Unicorns Project
      Copyright (C) 2016 AospExtended ROM Project
      Copyright (C) 2022 DerpFest

  This program is free software: you can redistribute it and/or modify
  it under the terms of the GNU General Public License as published by
  the Free Software Foundation, either version 3 of the License, or
  (at your option) any later version.

  This program is distributed in the hope that it will be useful,
  but WITHOUT ANY WARRANTY; without even the implied warranty of
  MERCHANTABILITY or FITNESS FOR A PARTICULAR PURPOSE.  See the
  GNU General Public License for more details.

  You should have received a copy of the GNU General Public License
  along with this program.  If not, see <http://www.gnu.org/licenses/>.
 -->
<resources xmlns:xliff="urn:oasis:names:tc:xliff:document:1.2">
    <!-- General app strings -->
    <string name="add">cộng</string>
    <string name="advanced">Nâng cao</string>
    <string name="cancel">Hủy bỏ</string>
    <string name="default_text">Mặc định</string>
    <string name="dlg_ok">VÂNG</string>
    <string name="attention">Chú ý</string>
    <string name="loading">Đang tải\u2026</string>
    <string name="reset">Cài lại</string>
    <string name="reset_colors">Đặt lại màu</string>
    <string name="reset_android">Android</string>
    <string name="text_title">Chữ</string>
    <string name="icon_title">Biểu tượng</string>
    <string name="color_title">Màu</string>
    <string name="colors_title">Màu sắc</string>
    <!-- DerpSpace categories -->
    <string name="icons_category">Biểu tượng</string>
    <string name="status_bar_category">Thanh trạng thái</string>
    <string name="notifications_panel_category">Bảng điều khiển QS</string>
    <string name="system_category">Hệ thống</string>
    <string name="lockscreen_category">Màn hình khóa</string>
    <string name="udfps_category">Vân tay dưới màn hình</string>
    <string name="listview">Chế độ xem danh sách</string>
    <!-- Frags -->
    <!-- General Tweaks -->
    <string name="general_tweaks_title">Cài đặt chung</string>
    <!-- Lockscreen UI -->
    <string name="lockscreen_ui_title">Giao diện màn hình khóa</string>
    <!-- Lockscreen general category -->
    <string name="general_category">Tổng quan</string>
    <!-- Lockscreen charging category -->
    <string name="charging_category">sạc</string>
    <!-- Quicksettings media category -->
    <string name="media_category">Media Player</string>
    <!-- Network Traffic -->
    <string name="traffic_title">chỉ số giao thông</string>
    <!-- Misc DerpSpace -->
    <string name="misc_derpspace_title">Điều khoản khác</string>
    <!-- Notifications -->
    <string name="notifications_title">thông báo</string>
    <!-- Quick Settings -->
    <string name="quick_settings_title">Cài đặt nhanh</string>
    <!-- Status bar clock and date options -->
    <string name="status_bar_clock_title">Đồng hồ &amp; Ngày Cài đặt</string>
    <!-- Quick Settings brightness slider -->
    <string name="qs_brightness_slider_category">thanh trượt độ sáng</string>
    <!-- Quick Settings footer category -->
    <string name="footer_category">chân trang</string>
    <!-- Statusbar Iten -->
    <string name="statusbar_items_category">Các mục trên thanh trạng thái</string>
    <!-- Customisation -->
    <string name="customisation_title">tùy biến</string>
    <!-- Battery -->
    <string name="battery_title">Pin</string>
    <!-- Battery Settings -->
    <string name="battery_settings_title">Cài đặt pin</string>
    <!-- Battery Styles -->
    <string name="battery_style_category_title">Kiểu pin</string>
    <string name="battery_percent_title">phần trăm pin</string>
    <!-- App info dialog -->
    <string name="derpspace_dialog_title">Giúp chúng tôi giúp bạn!</string>
    <string name="derpspace_dialog_message">Nếu bạn tìm thấy lỗi với bất kỳ cài đặt nào trong số này, hãy báo cáo lỗi đó trong Nhóm Telegram của chúng tôi. Bạn PHẢI bao gồm những thông tin sau khi đăng báo cáo lỗi:\n\n1. Logcat hoặc last_kmsg\n2. Kernel và mod đã sử dụng\n3. Thông tin hữu ích\n\nNếu bạn không báo cáo điều gì đó đầy đủ, ĐỪNG mong mọi thứ sẽ được khắc phục.</string>
    <string name="derpspace_dialog_toast">ĐỌC TOÀN BỘ!</string>
    <string name="artwork_media_fade_level_summary">Làm mờ hình ảnh nghệ thuật truyền thông</string>
    <!-- QuickSettings haptic feedback -->
    <string name="qs_tile_vibration_title">Rung động</string>
    <string name="quick_settings_vibrate_title">Rung khi chạm</string>
    <string name="quick_settings_vibrate_summary">Rung khi chạm vào gạch QS</string>
    <string name="quick_settings_vibrate_duration_title">thời lượng rung</string>
    <string name="quick_settings_vibrate_duration_summary">Bao nhiêu mili giây để rung</string>
    <!-- Tiles animation style  -->
    <string name="qs_tile_animation_title">Ảnh động</string>
    <string name="qs_tile_animation_style_title">phong cách hoạt hình</string>
    <string name="qs_tile_animation_duration_title">Thời lượng hoạt ảnh</string>
    <string name="qs_tile_animation_interpolator_title">Bộ nội suy hoạt hình gạch</string>
    <string name="qs_tile_animation_style_off">không có hoạt hình</string>
    <string name="qs_tile_animation_style_flip">lật</string>
    <string name="qs_tile_animation_style_rotate">Quay</string>
    <string name="qs_tile_animation_duration_low">Thấp</string>
    <string name="qs_tile_animation_duration_default">Mặc định</string>
    <string name="qs_tile_animation_duration_fast">Nhanh</string>
    <string name="qs_tile_animation_interpolator_linearInterpolator">tuyến tính</string>
    <string name="qs_tile_animation_interpolator_accelerateInterpolator">Thúc giục</string>
    <string name="qs_tile_animation_interpolator_decelerateInterpolator">giảm tốc</string>
    <string name="qs_tile_animation_interpolator_accelerateDecelerateInterpolator">tăng tốc giảm tốc</string>
    <string name="qs_tile_animation_interpolator_bounceInterpolator">Nảy</string>
    <string name="qs_tile_animation_interpolator_overshootInterpolator">vượt quá</string>
    <string name="qs_tile_animation_interpolator_anticipateInterpolator">dự đoán</string>
    <string name="qs_tile_animation_interpolator_anticipateOvershootInterpolator">Dự đoán quá mức</string>
    <string name="qs_set_animation_style">%1$s</string>
    <string name="qs_set_animation_duration">%1$s</string>
    <string name="qs_set_animation_interpolator">%1$s</string>
    <!-- 4G icon -->
    <string name="show_fourg_icon_title">biểu tượng 4G</string>
    <string name="show_fourg_icon_summary">Hiển thị biểu tượng 4G trong biểu tượng tín hiệu thay vì LTE</string>
    <!-- Data disabled icon -->
    <string name="data_disabled_icon_title">Hiển thị biểu tượng dữ liệu bị vô hiệu hóa</string>
    <string name="data_disabled_icon_summary">Hiển thị dấu chéo bên cạnh thanh tín hiệu khi dữ liệu bị tắt</string>
    <!-- QS footer warnings -->
    <string name="qs_footer_warnings_title">Cảnh báo chân trang QS</string>
    <string name="qs_footer_warnings_summary">Hiển thị cảnh báo ở cuối bảng QS khi mạng được giám sát bởi các ứng dụng bên ngoài hoặc vpn</string>
    <!-- Old mobile type icons -->
    <string name="use_old_mobiletype_title">Biểu tượng loại điện thoại di động nhỏ</string>
    <string name="use_old_mobiletype_summary">Hiển thị biểu tượng loại di động trên đầu chỉ báo tín hiệu</string>
    <!-- Lockscreen battery info indicator  -->
    <string name="lockscreen_battery_info_title">Thông tin sạc màn hình khóa</string>
    <string name="lockscreen_battery_info_summary">Hiển thị dòng sạc, điện áp, công suất và nhiệt độ pin trên màn hình khóa trong khi sạc</string>
    <!-- Tiles on secure keyguard -->
    <string name="use_tiles_on_secure_keyguard_title">Yêu cầu mở khóa để sử dụng các ô nhạy cảm</string>
    <string name="use_tiles_on_secure_keyguard_summary">Yêu cầu mở khóa màn hình khóa khi sử dụng các ô nhạy cảm</string>
    <!-- QS footer text -->
    <string name="qs_footer_text_show_title">Hiển thị văn bản chân trang QS</string>
    <string name="qs_footer_text_string_title">Tùy chỉnh văn bản chân trang</string>
    <string name="qs_footer_text_string_summary">Đặt thành trống cho mặc định #StayDerped</string>
    <!-- Notifications general category -->
    <string name="notifications_general_category_title">Tổng quan</string>
    <!-- Notification count -->
    <string name="status_bar_notif_count_title">số lượng thông báo</string>
    <string name="status_bar_notif_count_summary">Hiển thị số lượng thông báo đang chờ xử lý</string>
    <!-- Units -->
    <string name="unit_seconds">S</string>
    <string name="unit_milliseconds">bệnh đa xơ cứng</string>
    <string name="unit_pixels">dp</string>
    <!-- [CHAR_LIMIT=NONE] Developer Settings: Title of the settings category for theme overlays. -->
    <string name="theme_customization_category">theo chủ đề</string>
    <!-- [CHAR_LIMIT=NONE] Developer Settings: Title of the setting which enables overlays to customize headline and body fonts. -->
    <string name="theme_customization_font_title">Tiêu đề / Phông chữ nội dung</string>
    <string name="theme_customization_font_summary">Đặt kiểu phông chữ hệ thống</string>
    <!-- [CHAR_LIMIT=NONE] Developer Settings: Title of the setting which enables overlays to customize the adaptive icon shape (e.g. launcher and quick settings icons). -->
    <string name="theme_customization_icon_shape_title">hình dạng biểu tượng</string>
    <string name="theme_customization_icon_shape_summary">Đặt kiểu hình biểu tượng hệ thống</string>
    <!-- [CHAR_LIMIT=NONE] Developer Settings: Title of the setting which enables overlays to customize the system wide icon pack. -->
    <string name="theme_customization_icon_pack_title">Gói biểu tượng</string>
    <string name="theme_customization_icon_pack_summary">Đặt kiểu gói biểu tượng tùy chỉnh</string>
    <!-- [CHAR_LIMIT=NONE] Developer Settings: Label for the option that turns off customizations for a given category.-->
    <string name="theme_customization_device_default">thiết bị mặc định</string>
    <!-- Custom Wi-Fi bar icons -->
    <string name="theme_customization_wifi_icon_title">biểu tượng wifi</string>
    <string name="theme_customization_wifi_icon_summary">Đặt kiểu biểu tượng Wifi</string>
    <!-- Custom Signal bar icons -->
    <string name="theme_customization_signal_icon_title">Biểu tượng tín hiệu</string>
    <string name="theme_customization_signal_icon_summary">Đặt kiểu biểu tượng tín hiệu</string>
    <!-- Black theme -->
    <string name="system_black_theme_title">Sử dụng chủ đề màu đen</string>
    <string name="system_black_theme_summary">Buộc màu nền đen</string>
    <!-- UI styles -->
    <string name="theme_customization_ui_style_title">Kiểu giao diện người dùng</string>
    <string name="theme_customization_ui_style_summary">Đặt kiểu tùy chỉnh cho giao diện của bạn</string>
    <!-- Applications fragment -->
    <string name="search">Tìm kiếm</string>
    <string name="search_apps">Tìm kiếm ứng dụng</string>
    <!-- reTicker -->
    <string name="reticker_title">đánh dấu lại</string>
    <string name="reticker_summary">Thay thế thông báo của bạn bằng phiên bản mã đánh dấu được thiết kế lại. \nMỏng và ít xâm lấn hơn so với thông báo tiêu chuẩn</string>
    <string name="reticker_colored_title">Sử dụng nền màu ứng dụng</string>
    <string name="reticker_colored_summary">Thay thế màu nền của reTicker bằng màu chính của ứng dụng thông báo</string>
    <string name="reticker_landscape_only_title">chỉ phong cảnh</string>
    <string name="reticker_landscape_only_summary">Chỉ bật reTicker khi thiết bị ở chế độ nằm ngang</string>
    <!-- Network traffic -->
    <string name="network_traffic_title">Chỉ báo lưu lượng mạng</string>
    <string name="network_traffic_summary">Bật hoặc tắt chỉ báo tốc độ mạng trên thanh trạng thái</string>
    <string name="network_traffic_state_title">Bật \"Chỉ báo lưu lượng mạng\"</string>
    <string name="network_options_title">Tùy chọn</string>
    <string name="network_traffic_autohide_title">Ẩn chỉ báo lưu lượng mạng khi không hoạt động</string>
    <string name="network_traffic_autohide_summary">Ẩn khi lưu lượng mạng dưới 1 KB/s</string>
    <!-- Media art -->
    <string name="lockscreen_media_art_options_title">Ảnh bìa truyền thông</string>
    <string name="media_art_title">Ảnh bìa truyền thông</string>
    <string name="media_art_summary">Hiển thị ảnh bìa phương tiện khi có sẵn</string>
    <!-- Lock screen cover art -->
    <string name="lockscreen_media_blur_title">Mức độ mờ của nghệ thuật truyền thông</string>
    <!-- Clock position -->
    <string name="status_bar_clock_position_center">Trung tâm</string>
    <string name="status_bar_clock_position_left">Trái</string>
    <string name="status_bar_clock_position_right">Đúng</string>
    <string name="status_bar_clock_position_title">vị trí đồng hồ</string>
    <!-- Clock AM/PM -->
    <string name="status_bar_am_pm_hidden">Ẩn giấu</string>
    <string name="status_bar_am_pm_normal">Bình thường</string>
    <string name="status_bar_am_pm_small">Bé nhỏ</string>
    <string name="status_bar_am_pm_title">Đồng hồ kiểu AM/PM</string>
    <string name="status_bar_am_pm_unavailable">Đồng hồ 24 giờ được bật</string>
    <!-- Clock show seconds -->
    <string name="status_bar_clock_show_seconds_title">Đồng hồ hiển thị giây</string>
    <string name="status_bar_clock_show_seconds_desc">Hiển thị giờ, phút và giây</string>
    <!-- Battery style and percentage -->
    <string name="status_bar_battery_style_circle">Khoanh tròn</string>
    <string name="status_bar_battery_style_icon_portrait">Chân dung biểu tượng</string>
    <string name="status_bar_battery_style_text">Chữ</string>
    <string name="status_bar_battery_style_title">Kiểu trạng thái pin</string>
    <string name="status_bar_battery_percentage_hidden">Ẩn giấu</string>
    <string name="status_bar_battery_percentage_text_inside">Bên trong biểu tượng</string>
    <string name="status_bar_battery_percentage_text_next">Bên cạnh biểu tượng</string>
    <string name="status_bar_battery_percentage_title">phần trăm pin</string>
    <!-- Brightness slider -->
    <string name="qqs_show_brightness_title">Hiển thị thanh trượt độ sáng trong bảng Quick QS</string>
    <string name="brightness_slider_position_title">Vị trí thanh trượt độ sáng</string>
    <string name="top">Hàng đầu</string>
    <string name="bottom">Đáy</string>
    <string name="show_auto_brightness_button_title">Hiển thị nút độ sáng tự động</string>
    <!-- Pulse -->
    <string name="ambient_light_category">chiếu sáng cạnh</string>
    <string name="keywords_pulse_ambient_light_display">thông báo, thông báo, cạnh, ánh sáng, màu sắc, màu sắc</string>
    <string name="pulse_ambient_light_text">Ánh sáng cạnh làm cho màn hình của bạn phát sáng khi bạn nhận được thông báo. Điều này giúp bạn dễ dàng đoán được khi nào bạn bắt mạch khi điện thoại ở chế độ ngủ gật.</string>
    <string name="pulse_ambient_light_enable">Sử dụng ánh sáng cạnh</string>
    <string name="pulse_ambient_light_title">chiếu sáng cạnh</string>
    <string name="pulse_ambient_light_summary">Làm sáng các cạnh bên của màn hình khi có xung thông báo</string>
    <string name="ambient_notification_light_accent_title">Màu nhấn hệ thống</string>
    <string name="ambient_notification_light_color_automatic_title">màu thông báo</string>
    <string name="pulse_ambient_light_color">Khi xung, sử dụng</string>
    <!-- QS tiles layout -->
    <string name="qs_tile_layout_title">Bố cục gạch QS</string>
    <string name="qs_tile_layout_summary">Tùy chỉnh bố cục ô trong bảng QS</string>
    <string name="qs_tiles_layout_category">Bố trí gạch</string>
    <string name="qs_rows_portrait_title">Hàng (Chân dung)</string>
    <string name="qqs_rows_portrait_title">Hàng (Quick QS chân dung)</string>
    <string name="qs_columns_portrait_title">Cột (Chân dung)</string>
    <string name="qs_apply_change_button_title">Áp dụng thay đổi</string>
    <string name="qs_apply_change_failed">Không thể áp dụng thay đổi</string>
    <string name="qs_tile_hide_label_title">Ẩn nhãn</string>
    <string name="qs_tile_hide_label_summary">Chỉ hiển thị biểu tượng cho ô xếp QS</string>
    <string name="qs_tile_vertical_layout_title">Bố cục dọc</string>
    <string name="qs_tile_vertical_layout_summary">Bật bố cục dọc cho ô xếp QS</string>
    <!-- Statusbar lyric -->
    <string name="status_bar_lyric_title">Lời bài hát trên thanh trạng thái</string>
    <string name="status_bar_lyric_summary">Hiển thị lời bài hát trên thanh trạng thái (cần hỗ trợ ứng dụng)</string>
    <string name="status_bar_show_lyric_title">Bật lời bài hát trên thanh trạng thái</string>
    <!-- Statusbar logo -->
    <string name="status_bar_logo_category_title">Logo</string>
    <string name="status_bar_logo_title">Logo</string>
    <string name="status_bar_logo_summary">Cho phép hiển thị logo trên thanh trạng thái</string>
    <string name="status_bar_logo_position_title">Chức vụ</string>
    <string name="status_bar_logo_position_summary">Chọn bên để hiển thị logo, bên trái hoặc bên phải</string>
    <string name="status_bar_logo_position_right">Đúng</string>
    <string name="status_bar_logo_position_left">Trái</string>
    <string name="status_bar_logo_style_title">Phong cách</string>
    <string name="status_bar_logo_style_derp">DerpFest</string>
    <string name="status_bar_logo_style_derp_alt">DerpFest tam giác</string>
    <string name="status_bar_logo_style_adidas">adidas</string>
    <string name="status_bar_logo_style_airjordan">Air Jordan</string>
    <string name="status_bar_logo_style_apple">Quả táo</string>
    <string name="status_bar_logo_style_avengers">Những người báo thù</string>
    <string name="status_bar_logo_style_batman">người dơi</string>
    <string name="status_bar_logo_style_batman_tdk">người dơi hiệp sĩ bóng đêm</string>
    <string name="status_bar_logo_style_beats">nhịp đập</string>
    <string name="status_bar_logo_style_biohazard">nguy hiểm sinh học</string>
    <string name="status_bar_logo_style_blackberry">Blackberry</string>
    <string name="status_bar_logo_style_cannabis">cần sa</string>
    <string name="status_bar_logo_style_fire">Lửa</string>
    <string name="status_bar_logo_style_nike">Nike</string>
    <string name="status_bar_logo_style_pac_man">Pac-Man</string>
    <string name="status_bar_logo_style_puma">báo sư tử</string>
    <string name="status_bar_logo_style_rog">ROG</string>
    <string name="status_bar_logo_style_superman">Siêu nhân</string>
    <string name="status_bar_logo_style_windows">các cửa sổ</string>
    <string name="status_bar_logo_style_xbox">XBOX</string>
    <!-- Pulse music visualizer -->
    <string name="pulse_help_policy_notice_title">Giới thiệu về Pulse</string>
    <string name="pulse_help_policy_notice_summary">Pulse là một trình hiển thị âm thanh tuyệt vời khi phát nhạc trên thiết bị</string>
    <string name="pulse_settings">Xung</string>
    <string name="pulse_settings_summary">Trình hiển thị âm thanh cho thanh điều hướng, màn hình khóa và màn hình xung quanh</string>
    <string name="show_navbar_pulse_title">Xung thanh điều hướng</string>
    <string name="show_navbar_pulse_summary">Trình hiển thị âm thanh trên thanh điều hướng</string>
    <string name="show_lockscreen_pulse_title">Xung màn hình khóa</string>
    <string name="show_lockscreen_pulse_summary">Trình hiển thị âm thanh trên màn hình khóa</string>
    <string name="show_ambient_pulse_title">Xung quanh</string>
    <string name="show_ambient_pulse_summary">Trình hiển thị âm thanh trên màn hình xung quanh</string>
    <string name="pulse_render_mode_title">chế độ kết xuất</string>
    <string name="pulse_render_mode_fading_bars">khối mờ dần</string>
    <string name="pulse_render_mode_solid_lines">đường liền nét</string>
    <string name="pulse_legacy_mode_advanced_category">Cài đặt chế độ khối mờ dần</string>
    <string name="pulse_custom_fudge_factor">mức độ tỉnh táo</string>
    <string name="pulse_lavalamp_speed_title">Tốc độ đèn dung nham</string>
    <string name="pulse_solid_units_count">số lượng đường liền nét</string>
    <string name="pulse_solid_units_opacity">Độ mờ của đường liền nét</string>
    <string name="pulse_solid_dimen_category">Cài đặt chế độ đường liền nét</string>
    <string name="pulse_color_mode_title">Màu</string>
    <string name="pulse_color_accent">Giọng</string>
    <string name="pulse_color_custom">Tập quán</string>
    <string name="pulse_color_lava_lamp">đèn dung nham</string>
    <string name="pulse_color_auto">anbom</string>
    <string name="pulse_color_user_title">Chọn màu</string>
    <string name="pulse_smoothing_enabled_title">Bật làm mịn</string>
    <string name="pulse_smoothing_enabled_summary">Mỗi thanh được hoạt hình trơn tru hơn</string>
    <string name="pulse_custom_dimen">chiều rộng thanh</string>
    <string name="pulse_custom_div">khoảng cách thanh</string>
    <string name="pulse_filled_block_size">Kích thước khối</string>
    <string name="pulse_empty_block_size">Khoảng cách khối</string>
    <string name="pulse_solid_units_rounded_title">Đường liền nét làm tròn</string>
    <string name="pulse_solid_units_rounded_summary">Làm tròn các đường liền nét</string>
    <!-- Udfps animations -->
    <string name="udfps_recog_animation">Sử dụng hoạt ảnh UDFPS</string>
    <string name="udfps_recog_animation_summary">Hiển thị hình ảnh động trong khi đọc ngón tay của bạn</string>
    <string name="udfps_recog_animation_effect_title">Hoạt hình tùy chỉnh UDFPS</string>
    <string name="udfps_recog_animation_effect_summary">Chọn hiệu ứng động</string>
    <!-- Udfps icon picker -->
    <string name="udfps_icon_picker_title">Bộ chọn biểu tượng UDFPS</string>
    <string name="udfps_icon_picker_summary">Chọn biểu tượng dấu vân tay yêu thích của bạn</string>
    <!-- Lockscreen charge temperature unit -->
    <string name="lockscreen_charge_temp_unit_title">đơn vị nhiệt độ</string>
    <string name="lockscreen_charge_temp_unit_farhenheit">độ F</string>
    <string name="lockscreen_charge_temp_unit_celsius">độ C</string>
    <!-- Material dismiss all button for notifications -->
    <string name="notification_material_dismiss_title">Xóa tất cả nút thông báo</string>
    <string name="notification_material_dismiss_summary">Thay thế xóa tất cả văn bản thông báo bằng nút nổi kiểu vật liệu</string>
    <string name="notification_material_dismiss_style_title">Kiểu nút</string>
    <string name="notification_material_dismiss_bgstyle_title">Nền nút</string>
    <!-- Bluetooth status -->
    <string name="bluetooth_battery_title">Tình trạng pin bluetooth</string>
    <string name="bluetooth_battery_summary">Hiển thị trạng thái pin cho thiết bị bluetooth được kết nối, nếu có</string>
    <!-- Clock auto hide -->
    <string name="status_bar_clock_auto_hide_title">Tự động ẩn</string>
    <string name="status_bar_clock_auto_hide_summary">Ẩn đồng hồ nếu trình khởi chạy hiển thị</string>
    <!-- Display Settings: Title of the setting which toggles wallpaper zooming effects on interraction -->
    <string name="wallpaper_zoom_effect_title">Hiệu ứng thu phóng hình nền</string>
    <!-- Display Settings: Subtitle of the setting which toggles wallpaper zooming effects on interraction -->
    <string name="wallpaper_zoom_effect_summary">Thu phóng hình nền để hiển thị hoạt ảnh độ sâu thu nhỏ. Hình nền có thể bị giảm chất lượng</string>
    <!-- Squiggle animation -->
    <string name="show_squiggle_animation_title">Hiển thị hoạt hình ngoằn ngoèo</string>
    <string name="show_squiggle_animation_summary">Hiển thị hoạt hình ngoằn ngoèo của bảng điều khiển phương tiện\nSau khi thay đổi cần chuyển nhạc, tạm dừng nhạc hoặc di chuyển thanh tiến trình để áp dụng</string>
    <!-- Ambient battery bar settings -->
    <string name="ambient_ui">Môi trường xung quanh/Luôn hiển thị</string>
    <string name="ambient_battery_settings_title">thanh pin</string>
    <string name="ambient_battery_settings_summary">Hiển thị thanh pin trên màn hình xung quanh</string>
    <string name="keyguard_show_battery_title">Thanh pin khi sạc</string>
    <string name="keyguard_show_battery_summary">Hiển thị thanh pin trên màn hình xung quanh khi sạc</string>
    <string name="keyguard_show_battery_always_title">Luôn hiển thị thanh pin</string>
    <string name="keyguard_show_battery_always_summary">Luôn hiển thị thanh pin trên màn hình xung quanh</string>
    <!-- Pulse Gravity and mirror options -->
    <string name="pulse_custom_gravity_title">Trọng lực</string>
    <string name="pulse_custom_gravity_bottom">Đáy</string>
    <string name="pulse_custom_gravity_top">Hàng đầu</string>
    <string name="pulse_custom_gravity_center">Trung tâm</string>
    <string name="visualizer_center_mirrored_title">trung tâm nhân đôi</string>
    <string name="visualizer_center_mirrored_summary">Đặt trình hiển thị ở chế độ phản chiếu trung tâm</string>
    <string name="pulse_vertical_mirror_title">Gương đứng</string>
    <string name="pulse_vertical_mirror_summary">Tạo xung khác và lật theo chiều dọc</string>
    <!-- Ripple Effect on lockscreen -->
    <string name="disable_fingerprint_ripple_effect_title">Tắt hiệu ứng Ripple</string>
    <string name="disable_fingerprint_ripple_effect_summary">Vô hiệu hóa hiệu ứng gợn khi mở khóa</string>
    <!-- Charging animation -->
    <string name="charging_animation_title">Hoạt hình sạc</string>
    <string name="charging_animation_summary">Hiển thị hình ảnh động khi cắm thiết bị</string>
    <!-- Statusbar Clock background chip -->
    <string name="statusbar_clock_chip_title">chip nền</string>
    <string name="statusbar_clock_chip_summary">Hiển thị chip có dấu phía sau đồng hồ</string>
    <!-- Hide statusbar on lockscreen -->
    <string name="lockscreen_hide_status_bar_title">Ẩn thanh trạng thai</string>
    <string name="lockscreen_hide_status_bar_summary">Khi được bật, thanh trạng thái sẽ bị ẩn trên màn hình khóa</string>
    <!-- Android P animation style -->
    <string name="pie_animation_style_title">Phong cách hoạt hình Android P</string>
    <string name="pie_animation_style_summary">Bật hoạt ảnh \"Mặc định\" của Android P</string>
    <!-- Parallel space -->
    <string name="laboratory_parallel_space_title">không gian song song</string>
    <string name="laboratory_parallel_space_summary">Cho phép chạy song song nhiều phiên bản của cùng một ứng dụng</string>
</resources>
