<?xml version="1.0" encoding="utf-8"?>
<!--  Copyright (C) 2014-2016 The Dirty Unicorns Project
      Copyright (C) 2016 AospExtended ROM Project
      Copyright (C) 2022 DerpFest

  This program is free software: you can redistribute it and/or modify
  it under the terms of the GNU General Public License as published by
  the Free Software Foundation, either version 3 of the License, or
  (at your option) any later version.

  This program is distributed in the hope that it will be useful,
  but WITHOUT ANY WARRANTY; without even the implied warranty of
  MERCHANTABILITY or FITNESS FOR A PARTICULAR PURPOSE.  See the
  GNU General Public License for more details.

  You should have received a copy of the GNU General Public License
  along with this program.  If not, see <http://www.gnu.org/licenses/>.
 -->
<resources xmlns:xliff="urn:oasis:names:tc:xliff:document:1.2">
    <!-- General app strings -->
    <string name="add">Ajouter</string>
    <string name="advanced">Avancé</string>
    <string name="cancel">Abandonner</string>
    <string name="default_text">Par défaut</string>
    <string name="dlg_ok">Ok</string>
    <string name="attention">Attention</string>
    <string name="loading">Chargement\u2026</string>
    <string name="reset">Reset</string>
    <string name="reset_colors">Réinitialiser les couleurs</string>
    <string name="reset_android">Android</string>
    <string name="text_title">Texte du texte</string>
    <string name="icon_title">Icône</string>
    <string name="color_title">Couleur</string>
    <string name="colors_title">Couleurs</string>
    <!-- DerpSpace categories -->
    <string name="icons_category">Icônes</string>
    <string name="status_bar_category">Barre d\'état</string>
    <string name="notifications_panel_category">Panneau des réglages rapides</string>
    <string name="system_category">Système</string>
    <string name="lockscreen_category">Écran de verrouillage</string>
    <string name="udfps_category">Sous-affichage de l\'empreinte digitale</string>
    <string name="listview">Vue Liste</string>
    <!-- Frags -->
    <!-- General Tweaks -->
    <string name="general_tweaks_title">Paramètres généraux</string>
    <!-- Lockscreen UI -->
    <string name="lockscreen_ui_title">Interface de l\'écran de verrouillage</string>
    <!-- Lockscreen general category -->
    <string name="general_category">Généraux</string>
    <!-- Lockscreen charging category -->
    <string name="charging_category">Recharge en cours</string>
    <!-- Quicksettings media category -->
    <string name="media_category">Lecteur multimédia</string>
    <!-- Network Traffic -->
    <string name="traffic_title">Indicateurs de trafic</string>
    <!-- Misc DerpSpace -->
    <string name="misc_derpspace_title">Divers</string>
    <!-- Notifications -->
    <string name="notifications_title">Notifications</string>
    <!-- Quick Settings -->
    <string name="quick_settings_title">Paramètres Rapides</string>
    <!-- Status bar clock and date options -->
    <string name="status_bar_clock_title">Paramètres Horloge &amp; Date</string>
    <!-- Quick Settings brightness slider -->
    <string name="qs_brightness_slider_category">Curseur de luminosité</string>
    <!-- Quick Settings footer category -->
    <string name="footer_category">Pied de page</string>
    <!-- Statusbar Iten -->
    <string name="statusbar_items_category">Éléments de la barre d\'état</string>
    <!-- Customisation -->
    <string name="customisation_title">Personnalisation</string>
    <!-- Battery -->
    <string name="battery_title">Batterie</string>
    <!-- Battery Settings -->
    <string name="battery_settings_title">Paramètres de la batterie</string>
    <!-- Battery Styles -->
    <string name="battery_style_category_title">Styles de la batterie</string>
    <string name="battery_percent_title">Pourcentage de la batterie</string>
    <!-- App info dialog -->
    <string name="derpspace_dialog_title">Aidez-nous à vous aider !</string>
    <string name="derpspace_dialog_message">Si vous trouvez un bogue avec l\'un de ces paramètres, signalez-le dans notre groupe Telegram. Vous DEVEZ inclure les éléments suivants lors de la publication d\'un rapport de bug :\n\n1. Un logcat ou last_kmsg\n2. Kernel et mods utilisés\n3. Informations utiles\n\nSi vous omettez de rapporter quelque chose de manière adéquate, NE vous attendez pas à ce que les choses soient corrigées.</string>
    <string name="derpspace_dialog_toast">LIRE LA VUE !</string>
    <string name="artwork_media_fade_level_summary">Fondu de l\'image</string>
    <!-- QuickSettings haptic feedback -->
    <string name="qs_tile_vibration_title">Vibreur</string>
    <string name="quick_settings_vibrate_title">Vibrer au toucher</string>
    <string name="quick_settings_vibrate_summary">Vibrer lorsque vous touchez les tuiles des réglages rapides</string>
    <string name="quick_settings_vibrate_duration_title">Durée de vibration</string>
    <string name="quick_settings_vibrate_duration_summary">Combien de millisecondes vibrer</string>
    <!-- Tiles animation style  -->
    <string name="qs_tile_animation_title">Animations</string>
    <string name="qs_tile_animation_style_title">Style d\'animation</string>
    <string name="qs_tile_animation_duration_title">Durée de l\'animation</string>
    <string name="qs_tile_animation_interpolator_title">Interpolateur d\'animation des tuiles</string>
    <string name="qs_tile_animation_style_off">Aucune animation</string>
    <string name="qs_tile_animation_style_flip">Retourner</string>
    <string name="qs_tile_animation_style_rotate">Faire pivoter</string>
    <string name="qs_tile_animation_duration_low">Bas</string>
    <string name="qs_tile_animation_duration_default">Par défaut</string>
    <string name="qs_tile_animation_duration_fast">Rapide</string>
    <string name="qs_tile_animation_interpolator_linearInterpolator">Linéaire</string>
    <string name="qs_tile_animation_interpolator_accelerateInterpolator">Accélérer</string>
    <string name="qs_tile_animation_interpolator_decelerateInterpolator">Ralentir</string>
    <string name="qs_tile_animation_interpolator_accelerateDecelerateInterpolator">Accélérer ralentir</string>
    <string name="qs_tile_animation_interpolator_bounceInterpolator">Rebondir</string>
    <string name="qs_tile_animation_interpolator_overshootInterpolator">Dépassement</string>
    <string name="qs_tile_animation_interpolator_anticipateInterpolator">Anticiper</string>
    <string name="qs_tile_animation_interpolator_anticipateOvershootInterpolator">Anticiper le dépassement</string>
    <string name="qs_set_animation_style">%1$s</string>
    <string name="qs_set_animation_duration">%1$s</string>
    <string name="qs_set_animation_interpolator">%1$s</string>
    <!-- 4G icon -->
    <string name="show_fourg_icon_title">Icône 4G</string>
    <string name="show_fourg_icon_summary">Afficher l\'icône 4G en icône de signal au lieu de LTE</string>
    <!-- Data disabled icon -->
    <string name="data_disabled_icon_title">Afficher l\'icône des données désactivées</string>
    <string name="data_disabled_icon_summary">Afficher le panneau croisé à côté de la barre de signal lorsque les données sont désactivées</string>
    <!-- QS footer warnings -->
    <string name="qs_footer_warnings_title">Avertissements du pied de page des réglages rapides</string>
    <string name="qs_footer_warnings_summary">Afficher une alerte en bas du panneau des réglages rapides lorsque le réseau est surveillé par des applications externes ou VPN</string>
    <!-- Old mobile type icons -->
    <string name="use_old_mobiletype_title">Petite icône de type mobile</string>
    <string name="use_old_mobiletype_summary">Afficher l\'icône de type mobile au dessus de l\'indicateur de signal</string>
    <!-- Lockscreen battery info indicator  -->
    <string name="lockscreen_battery_info_title">Informations sur la charge de l\'écran de verrouillage</string>
    <string name="lockscreen_battery_info_summary">Afficher le courant, la tension, le wattage et la température de la batterie sur l\'écran de verrouillage pendant la charge</string>
    <!-- Tiles on secure keyguard -->
    <string name="use_tiles_on_secure_keyguard_title">Nécessite un déverrouillage pour utiliser des tuiles sensibles</string>
    <string name="use_tiles_on_secure_keyguard_summary">Demander à déverrouiller l\'écran de déverrouillage en utilisant des tuiles sensibles</string>
    <!-- QS footer text -->
    <string name="qs_footer_text_show_title">Afficher le texte du pied de page des réglages rapides</string>
    <string name="qs_footer_text_string_title">Personnaliser le texte du pied de page</string>
    <string name="qs_footer_text_string_summary">Mettre à vide pour la valeur par défaut #StayDerped</string>
    <!-- Notifications general category -->
    <string name="notifications_general_category_title">Généraux</string>
    <!-- Notification count -->
    <string name="status_bar_notif_count_title">Nombre de notifications</string>
    <string name="status_bar_notif_count_summary">Afficher le nombre de notifications en attente</string>
    <!-- Units -->
    <string name="unit_seconds">s</string>
    <string name="unit_milliseconds">Mms</string>
    <string name="unit_pixels">dp</string>
    <!-- [CHAR_LIMIT=NONE] Developer Settings: Title of the settings category for theme overlays. -->
    <string name="theme_customization_category">Thème</string>
    <!-- [CHAR_LIMIT=NONE] Developer Settings: Title of the setting which enables overlays to customize headline and body fonts. -->
    <string name="theme_customization_font_title">En-tête / Police du corps</string>
    <string name="theme_customization_font_summary">Définir le style de police du système</string>
    <!-- [CHAR_LIMIT=NONE] Developer Settings: Title of the setting which enables overlays to customize the adaptive icon shape (e.g. launcher and quick settings icons). -->
    <string name="theme_customization_icon_shape_title">Forme de l\'icône</string>
    <string name="theme_customization_icon_shape_summary">Définir le style de forme d\'icône système</string>
    <!-- [CHAR_LIMIT=NONE] Developer Settings: Title of the setting which enables overlays to customize the system wide icon pack. -->
    <string name="theme_customization_icon_pack_title">Pack d\'icônes</string>
    <string name="theme_customization_icon_pack_summary">Définir le style personnalisé du pack d\'icônes</string>
    <!-- [CHAR_LIMIT=NONE] Developer Settings: Label for the option that turns off customizations for a given category.-->
    <string name="theme_customization_device_default">Périphérique par défaut</string>
    <!-- Custom Wi-Fi bar icons -->
    <string name="theme_customization_wifi_icon_title">Icône Wifi</string>
    <string name="theme_customization_wifi_icon_summary">Définir le style d\'icône Wifi</string>
    <!-- Custom Signal bar icons -->
    <string name="theme_customization_signal_icon_title">Icônes de signal</string>
    <string name="theme_customization_signal_icon_summary">Définir le style des icônes de signal</string>
    <!-- Black theme -->
    <string name="system_black_theme_title">Utiliser le thème noir</string>
    <string name="system_black_theme_summary">Forcer les couleurs d\'arrière-plan en noir</string>
    <!-- UI styles -->
    <string name="theme_customization_ui_style_title">Style de l\'interface</string>
    <string name="theme_customization_ui_style_summary">Définir un style personnalisé pour votre interface</string>
    <!-- Applications fragment -->
    <string name="search">Chercher</string>
    <string name="search_apps">Rechercher des applications</string>
    <!-- reTicker -->
    <string name="reticker_title">reTicker</string>
    <string name="reticker_summary">Remplacez vos notifications par une version redessinée des tickers. \nSlim et moins invasive qu\'une notification standard</string>
    <string name="reticker_colored_title">Utiliser l\'arrière-plan coloré de l\'application</string>
    <string name="reticker_colored_summary">Remplacer la couleur d\'arrière-plan de reTicker par la couleur principale de l\'application de notification</string>
    <string name="reticker_landscape_only_title">Paysage uniquement</string>
    <string name="reticker_landscape_only_summary">Activer le reTicker uniquement lorsque l\'appareil est en mode paysage</string>
    <!-- Network traffic -->
    <string name="network_traffic_title">Indicateur de trafic réseau</string>
    <string name="network_traffic_summary">Activer ou désactiver l\'indicateur de vitesse du réseau dans la barre d\'état</string>
    <string name="network_traffic_state_title">Activer \"Indicateur de trafic réseau\"</string>
    <string name="network_options_title">Options</string>
    <string name="network_traffic_autohide_title">Masquer l\'indicateur de trafic réseau lorsqu\'il est inactif</string>
    <string name="network_traffic_autohide_summary">Masquer lorsque le trafic réseau est inférieur à 1 Ko/s</string>
    <!-- Media art -->
    <string name="lockscreen_media_art_options_title">Pochette de média</string>
    <string name="media_art_title">Pochette de média</string>
    <string name="media_art_summary">Afficher les pochettes des médias quand elles sont disponibles</string>
    <!-- Lock screen cover art -->
    <string name="lockscreen_media_blur_title">Niveau de flou de l\'art multimédia</string>
    <!-- Clock position -->
    <string name="status_bar_clock_position_center">Centrer</string>
    <string name="status_bar_clock_position_left">Gauche</string>
    <string name="status_bar_clock_position_right">Droite</string>
    <string name="status_bar_clock_position_title">Position de l\'horloge</string>
    <!-- Clock AM/PM -->
    <string name="status_bar_am_pm_hidden">Hidden</string>
    <string name="status_bar_am_pm_normal">Normale</string>
    <string name="status_bar_am_pm_small">Petit</string>
    <string name="status_bar_am_pm_title">Style de l\'horloge AM/PM</string>
    <string name="status_bar_am_pm_unavailable">L\'horloge 24 heures est activée</string>
    <!-- Clock show seconds -->
    <string name="status_bar_clock_show_seconds_title">Afficher les secondes de l\'horloge</string>
    <string name="status_bar_clock_show_seconds_desc">Afficher les heures, minutes et secondes</string>
    <!-- Battery style and percentage -->
    <string name="status_bar_battery_style_circle">Cercle</string>
    <string name="status_bar_battery_style_icon_portrait">Portrait de l\'icône</string>
    <string name="status_bar_battery_style_text">Texte du texte</string>
    <string name="status_bar_battery_style_title">Style de l\'état de la batterie</string>
    <string name="status_bar_battery_percentage_hidden">Hidden</string>
    <string name="status_bar_battery_percentage_text_inside">À l\'intérieur de l\'icône</string>
    <string name="status_bar_battery_percentage_text_next">À côté de l\'icône</string>
    <string name="status_bar_battery_percentage_title">Pourcentage de la batterie</string>
    <!-- Brightness slider -->
    <string name="qqs_show_brightness_title">Afficher le curseur de luminosité dans le panneau des réglages rapides</string>
    <string name="brightness_slider_position_title">Position du curseur de luminosité</string>
    <string name="top">En haut</string>
    <string name="bottom">Bas</string>
    <string name="show_auto_brightness_button_title">Afficher le bouton de luminosité automatique</string>
    <!-- Pulse -->
    <string name="ambient_light_category">Eclairage des bords</string>
    <string name="keywords_pulse_ambient_light_display">notification, notifications, arête, lumière, couleur, couleur</string>
    <string name="pulse_ambient_light_text">L\'éclairage des bords illumine votre écran lorsque vous recevez une notification. Cela facilite la manipulation lorsque vous obtenez une impulsion pendant que le téléphone est en mode doze.</string>
    <string name="pulse_ambient_light_enable">Utiliser l\'éclairage des bords</string>
    <string name="pulse_ambient_light_title">Eclairage des bords</string>
    <string name="pulse_ambient_light_summary">Allumer les bords latéraux de l\'écran lors de l\'impulsion de notification</string>
    <string name="ambient_notification_light_accent_title">Couleur d\'accentuation du système</string>
    <string name="ambient_notification_light_color_automatic_title">Couleur de la notification</string>
    <string name="pulse_ambient_light_color">En pulsant, utiliser</string>
    <!-- QS tiles layout -->
    <string name="qs_tile_layout_title">Disposition des tuiles des réglages rapides</string>
    <string name="qs_tile_layout_summary">Personnaliser la disposition des tuiles dans le panneau des réglages rapides</string>
    <string name="qs_tiles_layout_category">Disposition des tuiles</string>
    <string name="qs_rows_portrait_title">Lignes (Portrait)</string>
    <string name="qqs_rows_portrait_title">Lignes (portrait rapide QS)</string>
    <string name="qs_columns_portrait_title">Colonnes (Portrait)</string>
    <string name="qs_apply_change_button_title">Appliquer le changement</string>
    <string name="qs_apply_change_failed">Impossible d\'appliquer le changement</string>
    <string name="qs_tile_hide_label_title">Masquer les libellés</string>
    <string name="qs_tile_hide_label_summary">Afficher uniquement l\'icône pour les tuiles des réglages rapides</string>
    <string name="qs_tile_vertical_layout_title">Disposition verticale</string>
    <string name="qs_tile_vertical_layout_summary">Activer la mise en page verticale pour les tuiles QS</string>
    <!-- Statusbar lyric -->
    <string name="status_bar_lyric_title">Paroles de la barre d\'état</string>
    <string name="status_bar_lyric_summary">Afficher les paroles dans la barre d\'état (nécessite le support de l\'application)</string>
    <string name="status_bar_show_lyric_title">Activer les paroles de la barre d\'état</string>
    <!-- Statusbar logo -->
    <string name="status_bar_logo_category_title">Logo</string>
    <string name="status_bar_logo_title">Logo</string>
    <string name="status_bar_logo_summary">Activer pour afficher le logo dans la barre d\'état</string>
    <string name="status_bar_logo_position_title">Position</string>
    <string name="status_bar_logo_position_summary">Choisissez le côté sur lequel afficher le logo, à gauche ou à droite</string>
    <string name="status_bar_logo_position_right">Droite</string>
    <string name="status_bar_logo_position_left">Gauche</string>
    <string name="status_bar_logo_style_title">Style</string>
    <string name="status_bar_logo_style_derp">Derpfest</string>
    <string name="status_bar_logo_style_derp_alt">Triangle DerpFest</string>
    <string name="status_bar_logo_style_adidas">Adidas</string>
    <string name="status_bar_logo_style_airjordan">Jordanie de l\'air</string>
    <string name="status_bar_logo_style_apple">Pomme</string>
    <string name="status_bar_logo_style_avengers">Vengeurs</string>
    <string name="status_bar_logo_style_batman">Batman</string>
    <string name="status_bar_logo_style_batman_tdk">Batman le Chevalier Noir</string>
    <string name="status_bar_logo_style_beats">Battements</string>
    <string name="status_bar_logo_style_biohazard">Risque biologique</string>
    <string name="status_bar_logo_style_blackberry">Myrtille</string>
    <string name="status_bar_logo_style_cannabis">Cannabis</string>
    <string name="status_bar_logo_style_fire">Feu</string>
    <string name="status_bar_logo_style_nike">Nike</string>
    <string name="status_bar_logo_style_pac_man">Homme-paco</string>
    <string name="status_bar_logo_style_puma">Puma</string>
    <string name="status_bar_logo_style_rog">ROG</string>
    <string name="status_bar_logo_style_superman">Superman</string>
    <string name="status_bar_logo_style_windows">Fenêtres</string>
    <string name="status_bar_logo_style_xbox">Boite XX</string>
    <!-- Pulse music visualizer -->
    <string name="pulse_help_policy_notice_title">À propos de Pulse</string>
    <string name="pulse_help_policy_notice_summary">Pulse est un visualiseur audio brillant lorsque la musique joue sur l\'appareil</string>
    <string name="pulse_settings">Impulsion</string>
    <string name="pulse_settings_summary">Visualiseur audio pour la barre de navigation, l\'écran de verrouillage et l\'écran ambiant</string>
    <string name="show_navbar_pulse_title">Pulsation de la barre de navigation</string>
    <string name="show_navbar_pulse_summary">Visualiseur audio sur la barre de navigation</string>
    <string name="show_lockscreen_pulse_title">Pulse de l\'écran de verrouillage</string>
    <string name="show_lockscreen_pulse_summary">Visualiseur audio sur l\'écran de verrouillage</string>
    <string name="show_ambient_pulse_title">Impulsion ambiante</string>
    <string name="show_ambient_pulse_summary">Visualiseur audio sur l\'écran ambiant</string>
    <string name="pulse_render_mode_title">Mode de rendu</string>
    <string name="pulse_render_mode_fading_bars">Blocs en fondu</string>
    <string name="pulse_render_mode_solid_lines">Lignes pleines</string>
    <string name="pulse_legacy_mode_advanced_category">Réglages du mode Blocs Fondu</string>
    <string name="pulse_custom_fudge_factor">Niveau de santé</string>
    <string name="pulse_lavalamp_speed_title">Vitesse de la lampe de lave</string>
    <string name="pulse_solid_units_count">Nombre de lignes pleines</string>
    <string name="pulse_solid_units_opacity">Opacité des lignes pleines</string>
    <string name="pulse_solid_dimen_category">Réglages du mode lignes pleines</string>
    <string name="pulse_color_mode_title">Couleur</string>
    <string name="pulse_color_accent">Accent</string>
    <string name="pulse_color_custom">Personnalisé</string>
    <string name="pulse_color_lava_lamp">Lava lamp</string>
    <string name="pulse_color_auto">Album</string>
    <string name="pulse_color_user_title">Choisir une couleur</string>
    <string name="pulse_smoothing_enabled_title">Activer le lissage</string>
    <string name="pulse_smoothing_enabled_summary">Chaque barre est animée plus facilement</string>
    <string name="pulse_custom_dimen">Bar width</string>
    <string name="pulse_custom_div">Espacement de la barre</string>
    <string name="pulse_filled_block_size">Taille du bloc</string>
    <string name="pulse_empty_block_size">Espacement des blocs</string>
    <string name="pulse_solid_units_rounded_title">Lignes pleines arrondies</string>
    <string name="pulse_solid_units_rounded_summary">Arrondir les lignes solides</string>
    <!-- Udfps animations -->
    <string name="udfps_recog_animation">Utiliser l\'animation UDFPS</string>
    <string name="udfps_recog_animation_summary">Montre une animation en lisant votre doigt</string>
    <string name="udfps_recog_animation_effect_title">Animation personnalisée UDFPS</string>
    <string name="udfps_recog_animation_effect_summary">Choisir l\'effet d\'animation</string>
    <!-- Udfps icon picker -->
    <string name="udfps_icon_picker_title">Sélecteur d\'icônes UDFPS</string>
    <string name="udfps_icon_picker_summary">Choisissez votre icône d\'empreinte digitale préférée</string>
    <!-- Lockscreen charge temperature unit -->
    <string name="lockscreen_charge_temp_unit_title">Unité de température</string>
    <string name="lockscreen_charge_temp_unit_farhenheit">Fahrenheit</string>
    <string name="lockscreen_charge_temp_unit_celsius">Celsius</string>
    <!-- Material dismiss all button for notifications -->
    <string name="notification_material_dismiss_title">Bouton Effacer toutes les notifications</string>
    <string name="notification_material_dismiss_summary">Remplacer le texte de la notification par le bouton flottant du style matériau</string>
    <string name="notification_material_dismiss_style_title">Style du bouton</string>
    <string name="notification_material_dismiss_bgstyle_title">Arrière-plan du bouton</string>
    <!-- Bluetooth status -->
    <string name="bluetooth_battery_title">État de la batterie Bluetooth</string>
    <string name="bluetooth_battery_summary">Afficher l\'état de la batterie pour l\'appareil Bluetooth connecté, si disponible</string>
    <!-- Clock auto hide -->
    <string name="status_bar_clock_auto_hide_title">Masquage automatique</string>
    <string name="status_bar_clock_auto_hide_summary">Masquer l\'horloge si le lanceur est visible</string>
    <!-- Display Settings: Title of the setting which toggles wallpaper zooming effects on interraction -->
    <string name="wallpaper_zoom_effect_title">Effet de zoom du fond d\'écran</string>
    <!-- Display Settings: Subtitle of the setting which toggles wallpaper zooming effects on interraction -->
    <string name="wallpaper_zoom_effect_summary">Zoom sur le fond d\'écran pour afficher l\'animation de profondeur de zoom. Les fonds d\'écran peuvent subir une diminution de la qualité</string>
    <!-- Squiggle animation -->
    <string name="show_squiggle_animation_title">Afficher l\'animation de squiggle</string>
    <string name="show_squiggle_animation_summary">Afficher l\'animation squiggle du panneau des médias\nAprès changement de besoin de changer de musique, mettre en pause de la musique ou déplacer la barre de progression à appliquer</string>
    <!-- Ambient battery bar settings -->
    <string name="ambient_ui">Ambient/Toujours sur l\'écran</string>
    <string name="ambient_battery_settings_title">Barre de batterie</string>
    <string name="ambient_battery_settings_summary">Afficher une barre de batterie sur l\'écran ambiant</string>
    <string name="keyguard_show_battery_title">Barre de batterie lors de la charge</string>
    <string name="keyguard_show_battery_summary">Afficher une barre de batterie sur l\'écran ambiant lors de la charge</string>
    <string name="keyguard_show_battery_always_title">Toujours afficher la barre de batterie</string>
    <string name="keyguard_show_battery_always_summary">Toujours afficher une barre de batterie sur l\'écran ambiant</string>
    <!-- Pulse Gravity and mirror options -->
    <string name="pulse_custom_gravity_title">Gravité</string>
    <string name="pulse_custom_gravity_bottom">Bas</string>
    <string name="pulse_custom_gravity_top">En haut</string>
    <string name="pulse_custom_gravity_center">Centrer</string>
    <string name="visualizer_center_mirrored_title">Centré en miroir</string>
    <string name="visualizer_center_mirrored_summary">Définir le visualiseur en mode miroir central</string>
    <string name="pulse_vertical_mirror_title">Miroir vertical</string>
    <string name="pulse_vertical_mirror_summary">Créer une autre impulsion et retourner verticalement</string>
    <!-- Ripple Effect on lockscreen -->
    <string name="disable_fingerprint_ripple_effect_title">Désactiver l\'effet d\'ondulation</string>
    <string name="disable_fingerprint_ripple_effect_summary">Désactiver l\'effet d\'ondulation au déverrouillage</string>
    <!-- Charging animation -->
    <string name="charging_animation_title">Animation de chargement</string>
    <string name="charging_animation_summary">Afficher une animation lorsque l\'appareil est branché</string>
    <!-- Statusbar Clock background chip -->
    <string name="statusbar_clock_chip_title">Puce d\'arrière-plan</string>
    <string name="statusbar_clock_chip_summary">Afficher la puce accentuée derrière l\'horloge</string>
    <!-- Hide statusbar on lockscreen -->
    <string name="lockscreen_hide_status_bar_title">Cacher la barre d\'état</string>
    <string name="lockscreen_hide_status_bar_summary">Lorsqu\'activé, la barre d\'état sera masquée sur l\'écran de verrouillage</string>
    <!-- Android P animation style -->
    <string name="pie_animation_style_title">Style d\'animation Android P</string>
    <string name="pie_animation_style_summary">Activer les animations \"Par défaut\" d\'Android P</string>
    <!-- Parallel space -->
    <string name="laboratory_parallel_space_title">Espace parallèle</string>
    <string name="laboratory_parallel_space_summary">Autoriser l\'exécution de plusieurs instances de la même application en parallèle</string>
</resources>
