<?xml version="1.0" encoding="utf-8"?>
<!--  Copyright (C) 2014-2016 The Dirty Unicorns Project
      Copyright (C) 2016 AospExtended ROM Project
      Copyright (C) 2022 DerpFest

  This program is free software: you can redistribute it and/or modify
  it under the terms of the GNU General Public License as published by
  the Free Software Foundation, either version 3 of the License, or
  (at your option) any later version.

  This program is distributed in the hope that it will be useful,
  but WITHOUT ANY WARRANTY; without even the implied warranty of
  MERCHANTABILITY or FITNESS FOR A PARTICULAR PURPOSE.  See the
  GNU General Public License for more details.

  You should have received a copy of the GNU General Public License
  along with this program.  If not, see <http://www.gnu.org/licenses/>.
 -->
<resources xmlns:xliff="urn:oasis:names:tc:xliff:document:1.2">
    <!-- General app strings -->
    <string name="add">Lisää</string>
    <string name="advanced">Lisäasetukset</string>
    <string name="cancel">Peruuta</string>
    <string name="default_text">Oletus</string>
    <string name="dlg_ok">Ok</string>
    <string name="attention">Huomio</string>
    <string name="loading">Ladataan\u2026</string>
    <string name="reset">Reset</string>
    <string name="reset_colors">Nollaa värit</string>
    <string name="reset_android">Android</string>
    <string name="text_title">Teksti</string>
    <string name="icon_title">Kuvake</string>
    <string name="color_title">Väri</string>
    <string name="colors_title">Värit</string>
    <!-- DerpSpace categories -->
    <string name="icons_category">Kuvakkeet</string>
    <string name="status_bar_category">Tilapalkki</string>
    <string name="notifications_panel_category">QS paneeli</string>
    <string name="system_category">Järjestelmä</string>
    <string name="lockscreen_category">Lukitusnäyttö</string>
    <string name="udfps_category">Alareunan sormenjälki</string>
    <string name="listview">Listanäkymä</string>
    <!-- Frags -->
    <!-- General Tweaks -->
    <string name="general_tweaks_title">Yleiset asetukset</string>
    <!-- Lockscreen UI -->
    <string name="lockscreen_ui_title">Lukitusnäytön Käyttöliittymä</string>
    <!-- Lockscreen general category -->
    <string name="general_category">Yleiset</string>
    <!-- Lockscreen charging category -->
    <string name="charging_category">Ladataan</string>
    <!-- Quicksettings media category -->
    <string name="media_category">Median soitin</string>
    <!-- Network Traffic -->
    <string name="traffic_title">Liikenteen Ilmaisimet</string>
    <!-- Misc DerpSpace -->
    <string name="misc_derpspace_title">Sekalaiset</string>
    <!-- Notifications -->
    <string name="notifications_title">Ilmoitukset</string>
    <!-- Quick Settings -->
    <string name="quick_settings_title">Pika-Asetukset</string>
    <!-- Status bar clock and date options -->
    <string name="status_bar_clock_title">Kello &amp; Päivämäärä asetukset</string>
    <!-- Quick Settings brightness slider -->
    <string name="qs_brightness_slider_category">Kirkkauden säädin</string>
    <!-- Quick Settings footer category -->
    <string name="footer_category">Alatunniste</string>
    <!-- Statusbar Iten -->
    <string name="statusbar_items_category">Tilapalkin Nimikkeet</string>
    <!-- Customisation -->
    <string name="customisation_title">Mukauttaminen</string>
    <!-- Battery -->
    <string name="battery_title">Akku</string>
    <!-- Battery Settings -->
    <string name="battery_settings_title">Akun Asetukset</string>
    <!-- Battery Styles -->
    <string name="battery_style_category_title">Akun Tyylit</string>
    <string name="battery_percent_title">Akun prosentti</string>
    <!-- App info dialog -->
    <string name="derpspace_dialog_title">Auta meitä auttamaan sinua!</string>
    <string name="derpspace_dialog_message">Jos löydät vian, jossa on jokin näistä asetuksista, ilmoita siitä Telegram Groupissa. Sinun täytyy sisällyttää seuraavat kun lähettää virheraportti:\n\n1. Logcat tai last_kmsg\n2. Käytetyt ytimet ja modit\n3. Hyödyllisiä tietoja\n\nJos et ilmoita jotain riittävästi, ÄLÄ odota asioiden olevan korjattuja.</string>
    <string name="derpspace_dialog_toast">LUE MIKSI TÄNÄÄ!</string>
    <string name="artwork_media_fade_level_summary">Häivytä median kuva-kuva</string>
    <!-- QuickSettings haptic feedback -->
    <string name="qs_tile_vibration_title">Värinä</string>
    <string name="quick_settings_vibrate_title">Värinä kosketettaessa</string>
    <string name="quick_settings_vibrate_summary">Värinä kun koskettaa QS laattoja</string>
    <string name="quick_settings_vibrate_duration_title">Värinä kesto</string>
    <string name="quick_settings_vibrate_duration_summary">Kuinka monta millisekuntia värisee</string>
    <!-- Tiles animation style  -->
    <string name="qs_tile_animation_title">Animaatiot</string>
    <string name="qs_tile_animation_style_title">Animaation tyyli</string>
    <string name="qs_tile_animation_duration_title">Animaation kesto</string>
    <string name="qs_tile_animation_interpolator_title">Laatat animaatio interpolaattori</string>
    <string name="qs_tile_animation_style_off">Ei animaatiota</string>
    <string name="qs_tile_animation_style_flip">Käännä</string>
    <string name="qs_tile_animation_style_rotate">Kierrä</string>
    <string name="qs_tile_animation_duration_low">Matala</string>
    <string name="qs_tile_animation_duration_default">Oletus</string>
    <string name="qs_tile_animation_duration_fast">Nopea</string>
    <string name="qs_tile_animation_interpolator_linearInterpolator">Lineaarinen</string>
    <string name="qs_tile_animation_interpolator_accelerateInterpolator">Kiihdytä</string>
    <string name="qs_tile_animation_interpolator_decelerateInterpolator">Hidasta</string>
    <string name="qs_tile_animation_interpolator_accelerateDecelerateInterpolator">Kiihdytä hidastamista</string>
    <string name="qs_tile_animation_interpolator_bounceInterpolator">Pomppu</string>
    <string name="qs_tile_animation_interpolator_overshootInterpolator">Yliammu</string>
    <string name="qs_tile_animation_interpolator_anticipateInterpolator">Ennakoi</string>
    <string name="qs_tile_animation_interpolator_anticipateOvershootInterpolator">Ennakoi ylitys</string>
    <string name="qs_set_animation_style">%1$s</string>
    <string name="qs_set_animation_duration">%1$s</string>
    <string name="qs_set_animation_interpolator">%1$s</string>
    <!-- 4G icon -->
    <string name="show_fourg_icon_title">4G kuvake</string>
    <string name="show_fourg_icon_summary">Näytä 4G-kuvake signaalin kuvakkeessa LTE:n sijaan</string>
    <!-- Data disabled icon -->
    <string name="data_disabled_icon_title">Näytä tiedot poistettu käytöstä -kuvake</string>
    <string name="data_disabled_icon_summary">Näytä signaalipalkin vieressä oleva ristimerkki kun data on pois päältä</string>
    <!-- QS footer warnings -->
    <string name="qs_footer_warnings_title">QS alatunnisteen varoitukset</string>
    <string name="qs_footer_warnings_summary">Näytä varoitus QS-paneelin alareunassa, kun ulkoiset sovellukset valvovat verkkoa tai vpn</string>
    <!-- Old mobile type icons -->
    <string name="use_old_mobiletype_title">Pieni mobiilityypin kuvake</string>
    <string name="use_old_mobiletype_summary">Näytä mobiilityypin kuvake signaalin osoittimen päällä</string>
    <!-- Lockscreen battery info indicator  -->
    <string name="lockscreen_battery_info_title">Lukitusnäytön lataustiedot</string>
    <string name="lockscreen_battery_info_summary">Näytä latausvirta, jännite, teho ja akun lämpötila lukitusnäytöllä latauksen aikana</string>
    <!-- Tiles on secure keyguard -->
    <string name="use_tiles_on_secure_keyguard_title">Vaadi lukituksen avaamista herkkien laattojen käyttöön</string>
    <string name="use_tiles_on_secure_keyguard_summary">Pyydä lukitusnäytön avaamista herkkien laattojen käytössä</string>
    <!-- QS footer text -->
    <string name="qs_footer_text_show_title">Näytä QS alatunnisteen teksti</string>
    <string name="qs_footer_text_string_title">Muokkaa alatunnisteen tekstiä</string>
    <string name="qs_footer_text_string_summary">Aseta tyhjäksi oletukseksi #StayDerped</string>
    <!-- Notifications general category -->
    <string name="notifications_general_category_title">Yleiset</string>
    <!-- Notification count -->
    <string name="status_bar_notif_count_title">Ilmoitusten määrä</string>
    <string name="status_bar_notif_count_summary">Näytä vireillä olevien ilmoitusten määrä</string>
    <!-- Units -->
    <string name="unit_seconds">s</string>
    <string name="unit_milliseconds">ms</string>
    <string name="unit_pixels">dp</string>
    <!-- [CHAR_LIMIT=NONE] Developer Settings: Title of the settings category for theme overlays. -->
    <string name="theme_customization_category">Teema</string>
    <!-- [CHAR_LIMIT=NONE] Developer Settings: Title of the setting which enables overlays to customize headline and body fonts. -->
    <string name="theme_customization_font_title">Otsikon / kehon kirjasin</string>
    <string name="theme_customization_font_summary">Aseta järjestelmän kirjasintyyli</string>
    <!-- [CHAR_LIMIT=NONE] Developer Settings: Title of the setting which enables overlays to customize the adaptive icon shape (e.g. launcher and quick settings icons). -->
    <string name="theme_customization_icon_shape_title">Kuvakkeen muoto</string>
    <string name="theme_customization_icon_shape_summary">Aseta järjestelmän kuvakkeen muodon tyyli</string>
    <!-- [CHAR_LIMIT=NONE] Developer Settings: Title of the setting which enables overlays to customize the system wide icon pack. -->
    <string name="theme_customization_icon_pack_title">Kuvakkeen paketti</string>
    <string name="theme_customization_icon_pack_summary">Aseta mukautetun kuvakepaketin tyyli</string>
    <!-- [CHAR_LIMIT=NONE] Developer Settings: Label for the option that turns off customizations for a given category.-->
    <string name="theme_customization_device_default">Laitteen oletus</string>
    <!-- Custom Wi-Fi bar icons -->
    <string name="theme_customization_wifi_icon_title">Wi-Fi-kuvake</string>
    <string name="theme_customization_wifi_icon_summary">Aseta Wi-Fi-kuvakkeen tyyli</string>
    <!-- Custom Signal bar icons -->
    <string name="theme_customization_signal_icon_title">Signaalin kuvakkeet</string>
    <string name="theme_customization_signal_icon_summary">Aseta signaalin kuvakkeiden tyyli</string>
    <!-- Black theme -->
    <string name="system_black_theme_title">Käytä mustaa teemaa</string>
    <string name="system_black_theme_summary">Pakota mustat taustavärit</string>
    <!-- UI styles -->
    <string name="theme_customization_ui_style_title">Käyttöliittymän Tyyli</string>
    <string name="theme_customization_ui_style_summary">Aseta mukautettu tyyli käyttöliittymällesi</string>
    <!-- Applications fragment -->
    <string name="search">Etsi</string>
    <string name="search_apps">Hae sovelluksia</string>
    <!-- reTicker -->
    <string name="reticker_title">reTicker</string>
    <string name="reticker_summary">Korvaa ilmoituksesi uudistetulla versiolla tikkeistä. \nSlim ja vähemmän invasiivisia kuin vakio ilmoitus</string>
    <string name="reticker_colored_title">Käytä sovelluksen värillistä taustaa</string>
    <string name="reticker_colored_summary">Korvaa reTickerin taustaväri käyttäen ilmoitussovelluksen pääväriä</string>
    <string name="reticker_landscape_only_title">Vain vaakasuuntainen</string>
    <string name="reticker_landscape_only_summary">Ota reTicker käyttöön vain, kun laite on vaakatilassa</string>
    <!-- Network traffic -->
    <string name="network_traffic_title">Verkon liikenteen indikaattori</string>
    <string name="network_traffic_summary">Ota käyttöön tai poista käytöstä verkon nopeuden ilmaisin tilapalkissa</string>
    <string name="network_traffic_state_title">Ota käyttöön \"Verkon liikenteen indikaattori\"</string>
    <string name="network_options_title">Valinnat</string>
    <string name="network_traffic_autohide_title">Piilota verkkoliikenteen indikaattori, kun se ei ole käytössä</string>
    <string name="network_traffic_autohide_summary">Piilota kun verkkoliikenne on alle 1 KB/s</string>
    <!-- Media art -->
    <string name="lockscreen_media_art_options_title">Median kansikuva</string>
    <string name="media_art_title">Median kansikuva</string>
    <string name="media_art_summary">Näytä median kansikuva kun käytettävissä</string>
    <!-- Lock screen cover art -->
    <string name="lockscreen_media_blur_title">Median taiteen sumennuksen taso</string>
    <!-- Clock position -->
    <string name="status_bar_clock_position_center">Keskitetty</string>
    <string name="status_bar_clock_position_left">Vasen</string>
    <string name="status_bar_clock_position_right">Oikea</string>
    <string name="status_bar_clock_position_title">Kellon sijainti</string>
    <!-- Clock AM/PM -->
    <string name="status_bar_am_pm_hidden">Hidden</string>
    <string name="status_bar_am_pm_normal">Normaali</string>
    <string name="status_bar_am_pm_small">Pieni</string>
    <string name="status_bar_am_pm_title">Kellon AM/PM tyyli</string>
    <string name="status_bar_am_pm_unavailable">24-tunnin kello on käytössä</string>
    <!-- Clock show seconds -->
    <string name="status_bar_clock_show_seconds_title">Kello näyttää sekunnit</string>
    <string name="status_bar_clock_show_seconds_desc">Näytä tunnit, minuutit ja sekuntia</string>
    <!-- Battery style and percentage -->
    <string name="status_bar_battery_style_circle">Ympyrä</string>
    <string name="status_bar_battery_style_icon_portrait">Kuvake pystyssä</string>
    <string name="status_bar_battery_style_text">Teksti</string>
    <string name="status_bar_battery_style_title">Akun tyyli</string>
    <string name="status_bar_battery_percentage_hidden">Hidden</string>
    <string name="status_bar_battery_percentage_text_inside">Kuvakkeen sisällä</string>
    <string name="status_bar_battery_percentage_text_next">Kuvakkeen vieressä</string>
    <string name="status_bar_battery_percentage_title">Akun prosentti</string>
    <!-- Brightness slider -->
    <string name="qqs_show_brightness_title">Näytä kirkkauden säädin Quick QS -paneelissa</string>
    <string name="brightness_slider_position_title">Kirkkauden säädin sijainti</string>
    <string name="top">Ylhäällä</string>
    <string name="bottom">Alhaalla</string>
    <string name="show_auto_brightness_button_title">Näytä automaattinen kirkkauden painike</string>
    <!-- Pulse -->
    <string name="ambient_light_category">Reunan valaistus</string>
    <string name="keywords_pulse_ambient_light_display">ilmoitus, ilmoitukset, reuna, valo, väri, väri</string>
    <string name="pulse_ambient_light_text">Edge valaistus tekee näytön hehku kun saat ilmoituksen. Tämän ansiosta on helpompi määritellä, kun saat pulssin kun puhelin on doze tilassa.</string>
    <string name="pulse_ambient_light_enable">Käytä reunan valaistusta</string>
    <string name="pulse_ambient_light_title">Reunan valaistus</string>
    <string name="pulse_ambient_light_summary">Salaise näytön sivureunat ylöspäin ilmoituspulssia käytettäessä</string>
    <string name="ambient_notification_light_accent_title">Järjestelmän aksentti väri</string>
    <string name="ambient_notification_light_color_automatic_title">Ilmoituksen väri</string>
    <string name="pulse_ambient_light_color">Käytä pulssaamisen aikana</string>
    <!-- QS tiles layout -->
    <string name="qs_tile_layout_title">QS laattojen asettelu</string>
    <string name="qs_tile_layout_summary">Muokkaa laattojen asettelua QS-paneelissa</string>
    <string name="qs_tiles_layout_category">Laatat asettelu</string>
    <string name="qs_rows_portrait_title">Rivit (pysty)</string>
    <string name="qqs_rows_portrait_title">Rivit (nopea QS muotokuva)</string>
    <string name="qs_columns_portrait_title">Sarakkeet (pysty)</string>
    <string name="qs_apply_change_button_title">Ota muutos käyttöön</string>
    <string name="qs_apply_change_failed">Muutoksen käyttöönotto epäonnistui</string>
    <string name="qs_tile_hide_label_title">Piilota tunnisteet</string>
    <string name="qs_tile_hide_label_summary">Näytä vain QS laattojen kuvake</string>
    <string name="qs_tile_vertical_layout_title">Pystysuuntainen asettelu</string>
    <string name="qs_tile_vertical_layout_summary">Ota käyttöön QS-laattojen pystysuuntainen asettelu</string>
    <!-- Statusbar lyric -->
    <string name="status_bar_lyric_title">Tilapalkin sanoitus</string>
    <string name="status_bar_lyric_summary">Näytä sanoitus tilapalkissa (tarvitset sovelluksen tuen)</string>
    <string name="status_bar_show_lyric_title">Ota tilapalkin sanoitus käyttöön</string>
    <!-- Statusbar logo -->
    <string name="status_bar_logo_category_title">Logo</string>
    <string name="status_bar_logo_title">Logo</string>
    <string name="status_bar_logo_summary">Ota käyttöön näyttääksesi logo tilarivillä</string>
    <string name="status_bar_logo_position_title">Sijainti</string>
    <string name="status_bar_logo_position_summary">Valitse mikä puoli haluat näyttää logon päälle, vasemmalle tai oikealle</string>
    <string name="status_bar_logo_position_right">Oikea</string>
    <string name="status_bar_logo_position_left">Vasen</string>
    <string name="status_bar_logo_style_title">Tyyli</string>
    <string name="status_bar_logo_style_derp">DerpFest</string>
    <string name="status_bar_logo_style_derp_alt">DerpFestin kolmio</string>
    <string name="status_bar_logo_style_adidas">Adidas</string>
    <string name="status_bar_logo_style_airjordan">Air Jordania</string>
    <string name="status_bar_logo_style_apple">Omena</string>
    <string name="status_bar_logo_style_avengers">Avengerit</string>
    <string name="status_bar_logo_style_batman">Batman</string>
    <string name="status_bar_logo_style_batman_tdk">Batman The Dark Knight</string>
    <string name="status_bar_logo_style_beats">Beats</string>
    <string name="status_bar_logo_style_biohazard">Biovaara</string>
    <string name="status_bar_logo_style_blackberry">Karhunvatukka</string>
    <string name="status_bar_logo_style_cannabis">Kannabis</string>
    <string name="status_bar_logo_style_fire">Tulipalo</string>
    <string name="status_bar_logo_style_nike">Nike</string>
    <string name="status_bar_logo_style_pac_man">Pac-Man</string>
    <string name="status_bar_logo_style_puma">Puma</string>
    <string name="status_bar_logo_style_rog">ROG</string>
    <string name="status_bar_logo_style_superman">Supermies</string>
    <string name="status_bar_logo_style_windows">Ikkunat</string>
    <string name="status_bar_logo_style_xbox">XBOX</string>
    <!-- Pulse music visualizer -->
    <string name="pulse_help_policy_notice_title">Tietoja Pulsesta</string>
    <string name="pulse_help_policy_notice_summary">Pulse on loistava äänivisualisoija, kun musiikki soittaa laitteessa</string>
    <string name="pulse_settings">Pulssi</string>
    <string name="pulse_settings_summary">Audiovisualisoija navigointipalkkiin, lukitusnäyttöön ja ympäristön näyttöön</string>
    <string name="show_navbar_pulse_title">Navigointipalkin Pulssi</string>
    <string name="show_navbar_pulse_summary">Audiovisualisoija navigointipalkin päällä</string>
    <string name="show_lockscreen_pulse_title">Lukitusnäytön Pulssi</string>
    <string name="show_lockscreen_pulse_summary">Audiovisualisoija lukitusnäytöllä</string>
    <string name="show_ambient_pulse_title">Ambient Pulssi</string>
    <string name="show_ambient_pulse_summary">Äänen visualisointi ympäristön näytöllä</string>
    <string name="pulse_render_mode_title">Renderöi tila</string>
    <string name="pulse_render_mode_fading_bars">Häivytä lohkoja</string>
    <string name="pulse_render_mode_solid_lines">Kiinteät viivat</string>
    <string name="pulse_legacy_mode_advanced_category">Häivytetyt lohkot -tilan asetukset</string>
    <string name="pulse_custom_fudge_factor">Terveyden taso</string>
    <string name="pulse_lavalamp_speed_title">Laava-lampun nopeus</string>
    <string name="pulse_solid_units_count">Kiinteiden viivojen määrä</string>
    <string name="pulse_solid_units_opacity">Kiinteiden viivojen läpinäkyvyys</string>
    <string name="pulse_solid_dimen_category">Kiinteiden rivien tilan asetukset</string>
    <string name="pulse_color_mode_title">Väri</string>
    <string name="pulse_color_accent">Korostus</string>
    <string name="pulse_color_custom">Mukautettu</string>
    <string name="pulse_color_lava_lamp">Lava lamp</string>
    <string name="pulse_color_auto">Albumi</string>
    <string name="pulse_color_user_title">Valitse väri</string>
    <string name="pulse_smoothing_enabled_title">Ota tasoitus käyttöön</string>
    <string name="pulse_smoothing_enabled_summary">Jokainen baari on animoitu sujuvammin</string>
    <string name="pulse_custom_dimen">Bar width</string>
    <string name="pulse_custom_div">Palkin väli</string>
    <string name="pulse_filled_block_size">Lohkon koko</string>
    <string name="pulse_empty_block_size">Lohkon väli</string>
    <string name="pulse_solid_units_rounded_title">Kiinteät viivat pyöristetty</string>
    <string name="pulse_solid_units_rounded_summary">Pyöristä kiinteät viivat</string>
    <!-- Udfps animations -->
    <string name="udfps_recog_animation">Käytä UDFPS-animaatiota</string>
    <string name="udfps_recog_animation_summary">Näyttää animaation kun luet sormeasi</string>
    <string name="udfps_recog_animation_effect_title">UDFPS mukautettu animaatio</string>
    <string name="udfps_recog_animation_effect_summary">Valitse animaation efekti</string>
    <!-- Udfps icon picker -->
    <string name="udfps_icon_picker_title">UDFPS kuvakkeiden valitsin</string>
    <string name="udfps_icon_picker_summary">Valitse sormenjäljen suosikkikuvake</string>
    <!-- Lockscreen charge temperature unit -->
    <string name="lockscreen_charge_temp_unit_title">Lämpötilan yksikkö</string>
    <string name="lockscreen_charge_temp_unit_farhenheit">Fahrenheit</string>
    <string name="lockscreen_charge_temp_unit_celsius">Celsius</string>
    <!-- Material dismiss all button for notifications -->
    <string name="notification_material_dismiss_title">Tyhjennä kaikki ilmoituspainike</string>
    <string name="notification_material_dismiss_summary">Korvaa tyhjennä kaikki ilmoitusteksti materiaalityylillä kelluvalla painikkeella</string>
    <string name="notification_material_dismiss_style_title">Painikkeen tyyli</string>
    <string name="notification_material_dismiss_bgstyle_title">Painikkeen tausta</string>
    <!-- Bluetooth status -->
    <string name="bluetooth_battery_title">Bluetooth-akun tila</string>
    <string name="bluetooth_battery_summary">Näytä akkutila yhdistetylle bluetooth-laitteelle, jos se on käytettävissä</string>
    <!-- Clock auto hide -->
    <string name="status_bar_clock_auto_hide_title">Piilota automaattisesti</string>
    <string name="status_bar_clock_auto_hide_summary">Piilota kello jos käynnistin on näkyvissä</string>
    <!-- Display Settings: Title of the setting which toggles wallpaper zooming effects on interraction -->
    <string name="wallpaper_zoom_effect_title">Taustakuvan zoomaustehoste</string>
    <!-- Display Settings: Subtitle of the setting which toggles wallpaper zooming effects on interraction -->
    <string name="wallpaper_zoom_effect_summary">Zoomaa taustakuvan näyttämiseksi zoom-out syvyysanimaatio. Taustakuvat voivat kärsiä laadun lasku</string>
    <!-- Squiggle animation -->
    <string name="show_squiggle_animation_title">Näytä hiljainen animaatio</string>
    <string name="show_squiggle_animation_summary">Näytä mediatiedostojen squiggle animaatio\nMuuttumisen jälkeen täytyy vaihtaa musiikkia, pysäyttää musiikki tai siirtää edistymispalkkia käyttääksesi</string>
    <!-- Ambient battery bar settings -->
    <string name="ambient_ui">Ambient/Aina näytössä</string>
    <string name="ambient_battery_settings_title">Akkupalkki</string>
    <string name="ambient_battery_settings_summary">Näytä akun palkki ympäristön näytöllä</string>
    <string name="keyguard_show_battery_title">Akkupalkki ladattaessa</string>
    <string name="keyguard_show_battery_summary">Näytä akun palkki ympäristön näytössä latauksen aikana</string>
    <string name="keyguard_show_battery_always_title">Näytä akun varaus aina</string>
    <string name="keyguard_show_battery_always_summary">Näytä akun varaus aina ympäristön näytöllä</string>
    <!-- Pulse Gravity and mirror options -->
    <string name="pulse_custom_gravity_title">Painovoima</string>
    <string name="pulse_custom_gravity_bottom">Alhaalla</string>
    <string name="pulse_custom_gravity_top">Ylhäällä</string>
    <string name="pulse_custom_gravity_center">Keskitetty</string>
    <string name="visualizer_center_mirrored_title">Keskitä peilattu</string>
    <string name="visualizer_center_mirrored_summary">Aseta visualisointi keskellä peilattu tila</string>
    <string name="pulse_vertical_mirror_title">Pystysuora Peili</string>
    <string name="pulse_vertical_mirror_summary">Luo muu pulssi ja käännä pystysuunnassa</string>
    <!-- Ripple Effect on lockscreen -->
    <string name="disable_fingerprint_ripple_effect_title">Poista Heijasefekti käytöstä</string>
    <string name="disable_fingerprint_ripple_effect_summary">Poista lukituksen avaus käytöstä</string>
    <!-- Charging animation -->
    <string name="charging_animation_title">Ladataan animaatiota</string>
    <string name="charging_animation_summary">Näytä animaatio, kun laite on kytketty</string>
    <!-- Statusbar Clock background chip -->
    <string name="statusbar_clock_chip_title">Taustan siru</string>
    <string name="statusbar_clock_chip_summary">Näytä korostettu siru kellon takana</string>
    <!-- Hide statusbar on lockscreen -->
    <string name="lockscreen_hide_status_bar_title">Piilota Tilapalkki</string>
    <string name="lockscreen_hide_status_bar_summary">Kun käytössä, tilarivi piilotetaan lukitusnäytöllä</string>
    <!-- Android P animation style -->
    <string name="pie_animation_style_title">Android P -animaation tyyli</string>
    <string name="pie_animation_style_summary">Ota käyttöön Android P \"Oletus\" -animaatiot</string>
    <!-- Parallel space -->
    <string name="laboratory_parallel_space_title">Rinnakkainen tila</string>
    <string name="laboratory_parallel_space_summary">Salli saman sovelluksen useiden instanssien samanaikainen ajo</string>
</resources>
