<?xml version="1.0" encoding="utf-8"?>
<!--  Copyright (C) 2014-2016 The Dirty Unicorns Project
      Copyright (C) 2016 AospExtended ROM Project
      Copyright (C) 2022 DerpFest

  This program is free software: you can redistribute it and/or modify
  it under the terms of the GNU General Public License as published by
  the Free Software Foundation, either version 3 of the License, or
  (at your option) any later version.

  This program is distributed in the hope that it will be useful,
  but WITHOUT ANY WARRANTY; without even the implied warranty of
  MERCHANTABILITY or FITNESS FOR A PARTICULAR PURPOSE.  See the
  GNU General Public License for more details.

  You should have received a copy of the GNU General Public License
  along with this program.  If not, see <http://www.gnu.org/licenses/>.
 -->
<resources xmlns:xliff="urn:oasis:names:tc:xliff:document:1.2">
    <!-- General app strings -->
    <string name="add">추가하다</string>
    <string name="advanced">고급의</string>
    <string name="cancel">취소</string>
    <string name="default_text">기본</string>
    <string name="dlg_ok">확인</string>
    <string name="attention">주목</string>
    <string name="loading">로드 중\u2026</string>
    <string name="reset">초기화</string>
    <string name="reset_colors">색상 재설정</string>
    <string name="reset_android">기계적 인조 인간</string>
    <string name="text_title">텍스트</string>
    <string name="icon_title">상</string>
    <string name="color_title">색상</string>
    <string name="colors_title">그림 물감</string>
    <!-- DerpSpace categories -->
    <string name="icons_category">아이콘</string>
    <string name="status_bar_category">상태 표시 줄</string>
    <string name="notifications_panel_category">QS 패널</string>
    <string name="system_category">체계</string>
    <string name="lockscreen_category">잠금 화면</string>
    <string name="udfps_category">언더 디스플레이 지문</string>
    <string name="listview">목록보기</string>
    <!-- Frags -->
    <!-- General Tweaks -->
    <string name="general_tweaks_title">일반 설정</string>
    <!-- Lockscreen UI -->
    <string name="lockscreen_ui_title">잠금 화면 UI</string>
    <!-- Lockscreen general category -->
    <string name="general_category">일반적인</string>
    <!-- Lockscreen charging category -->
    <string name="charging_category">충전 중</string>
    <!-- Quicksettings media category -->
    <string name="media_category">미디어 플레이어</string>
    <!-- Network Traffic -->
    <string name="traffic_title">교통 지표</string>
    <!-- Misc DerpSpace -->
    <string name="misc_derpspace_title">여러 가지 잡다한</string>
    <!-- Notifications -->
    <string name="notifications_title">알림</string>
    <!-- Quick Settings -->
    <string name="quick_settings_title">빠른 설정</string>
    <!-- Status bar clock and date options -->
    <string name="status_bar_clock_title">시계 &amp; 날짜 설정</string>
    <!-- Quick Settings brightness slider -->
    <string name="qs_brightness_slider_category">밝기 슬라이더</string>
    <!-- Quick Settings footer category -->
    <string name="footer_category">보행인</string>
    <!-- Statusbar Iten -->
    <string name="statusbar_items_category">상태 표시줄 항목</string>
    <!-- Customisation -->
    <string name="customisation_title">커스터마이징</string>
    <!-- Battery -->
    <string name="battery_title">배터리</string>
    <!-- Battery Settings -->
    <string name="battery_settings_title">배터리 설정</string>
    <!-- Battery Styles -->
    <string name="battery_style_category_title">배터리 스타일</string>
    <string name="battery_percent_title">배터리 퍼센트</string>
    <!-- App info dialog -->
    <string name="derpspace_dialog_title">우리가 당신을 도울 수 있도록 도와주세요!</string>
    <string name="derpspace_dialog_message">이러한 설정에서 버그를 발견하면 텔레그램 그룹에 보고하십시오. 버그 보고서를 게시할 때 다음을 포함해야 합니다.\n\n1. logcat 또는 last_kmsg\n2. 사용된 커널 및 모드\n3. 유용한 정보\n\n적절하게 보고하지 못한 경우 문제가 수정될 것이라고 기대하지 마십시오.</string>
    <string name="derpspace_dialog_toast">모든 것을 읽으십시오!</string>
    <string name="artwork_media_fade_level_summary">미디어 아트워크 이미지 페이드</string>
    <!-- QuickSettings haptic feedback -->
    <string name="qs_tile_vibration_title">진동</string>
    <string name="quick_settings_vibrate_title">터치 시 진동</string>
    <string name="quick_settings_vibrate_summary">QS 타일을 만질 때 진동</string>
    <string name="quick_settings_vibrate_duration_title">진동 지속시간</string>
    <string name="quick_settings_vibrate_duration_summary">진동할 시간(밀리초)</string>
    <!-- Tiles animation style  -->
    <string name="qs_tile_animation_title">애니메이션</string>
    <string name="qs_tile_animation_style_title">애니메이션 스타일</string>
    <string name="qs_tile_animation_duration_title">애니메이션 기간</string>
    <string name="qs_tile_animation_interpolator_title">타일 애니메이션 보간기</string>
    <string name="qs_tile_animation_style_off">애니메이션 없음</string>
    <string name="qs_tile_animation_style_flip">튀기다</string>
    <string name="qs_tile_animation_style_rotate">회전</string>
    <string name="qs_tile_animation_duration_low">낮은</string>
    <string name="qs_tile_animation_duration_default">기본</string>
    <string name="qs_tile_animation_duration_fast">빠른</string>
    <string name="qs_tile_animation_interpolator_linearInterpolator">선의</string>
    <string name="qs_tile_animation_interpolator_accelerateInterpolator">가속</string>
    <string name="qs_tile_animation_interpolator_decelerateInterpolator">감속하다</string>
    <string name="qs_tile_animation_interpolator_accelerateDecelerateInterpolator">가속하다 감속하다</string>
    <string name="qs_tile_animation_interpolator_bounceInterpolator">되튐</string>
    <string name="qs_tile_animation_interpolator_overshootInterpolator">넘겨 쏘다</string>
    <string name="qs_tile_animation_interpolator_anticipateInterpolator">예상하다</string>
    <string name="qs_tile_animation_interpolator_anticipateOvershootInterpolator">오버슈트 예상</string>
    <string name="qs_set_animation_style">%1$s</string>
    <string name="qs_set_animation_duration">%1$s</string>
    <string name="qs_set_animation_interpolator">%1$s</string>
    <!-- 4G icon -->
    <string name="show_fourg_icon_title">4G 아이콘</string>
    <string name="show_fourg_icon_summary">LTE 대신 신호 아이콘에 4G 아이콘 표시</string>
    <!-- Data disabled icon -->
    <string name="data_disabled_icon_title">데이터 비활성화 아이콘 표시</string>
    <string name="data_disabled_icon_summary">데이터가 비활성화되면 신호 막대 옆에 십자 기호를 표시합니다.</string>
    <!-- QS footer warnings -->
    <string name="qs_footer_warnings_title">QS 바닥글 경고</string>
    <string name="qs_footer_warnings_summary">외부 앱 또는 VPN에서 네트워크를 모니터링할 때 QS 패널 하단에 경고 표시</string>
    <!-- Old mobile type icons -->
    <string name="use_old_mobiletype_title">작은 모바일 유형 아이콘</string>
    <string name="use_old_mobiletype_summary">신호 표시기 위에 모바일 유형 아이콘 표시</string>
    <!-- Lockscreen battery info indicator  -->
    <string name="lockscreen_battery_info_title">잠금 화면 충전 정보</string>
    <string name="lockscreen_battery_info_summary">충전 중 잠금 화면에 충전 전류, 전압, 와트 및 배터리 온도 표시</string>
    <!-- Tiles on secure keyguard -->
    <string name="use_tiles_on_secure_keyguard_title">민감한 타일을 사용하려면 잠금 해제가 필요합니다.</string>
    <string name="use_tiles_on_secure_keyguard_summary">민감한 타일을 사용할 때 잠금 화면 잠금 해제 요청</string>
    <!-- QS footer text -->
    <string name="qs_footer_text_show_title">QS 바닥글 텍스트 표시</string>
    <string name="qs_footer_text_string_title">바닥글 텍스트 맞춤설정</string>
    <string name="qs_footer_text_string_summary">기본 #StayDerped에 대해 비어 있음으로 설정</string>
    <!-- Notifications general category -->
    <string name="notifications_general_category_title">일반적인</string>
    <!-- Notification count -->
    <string name="status_bar_notif_count_title">알림 횟수</string>
    <string name="status_bar_notif_count_summary">보류 중인 알림 수 표시</string>
    <!-- Units -->
    <string name="unit_seconds">에스</string>
    <string name="unit_milliseconds">ms</string>
    <string name="unit_pixels">DP</string>
    <!-- [CHAR_LIMIT=NONE] Developer Settings: Title of the settings category for theme overlays. -->
    <string name="theme_customization_category">테마</string>
    <!-- [CHAR_LIMIT=NONE] Developer Settings: Title of the setting which enables overlays to customize headline and body fonts. -->
    <string name="theme_customization_font_title">제목 / 본문 글꼴</string>
    <string name="theme_customization_font_summary">시스템 글꼴 스타일 설정</string>
    <!-- [CHAR_LIMIT=NONE] Developer Settings: Title of the setting which enables overlays to customize the adaptive icon shape (e.g. launcher and quick settings icons). -->
    <string name="theme_customization_icon_shape_title">아이콘 모양</string>
    <string name="theme_customization_icon_shape_summary">시스템 아이콘 모양 스타일 설정</string>
    <!-- [CHAR_LIMIT=NONE] Developer Settings: Title of the setting which enables overlays to customize the system wide icon pack. -->
    <string name="theme_customization_icon_pack_title">아이콘 팩</string>
    <string name="theme_customization_icon_pack_summary">사용자 정의 아이콘 팩 스타일 설정</string>
    <!-- [CHAR_LIMIT=NONE] Developer Settings: Label for the option that turns off customizations for a given category.-->
    <string name="theme_customization_device_default">장치 기본값</string>
    <!-- Custom Wi-Fi bar icons -->
    <string name="theme_customization_wifi_icon_title">와이파이 아이콘</string>
    <string name="theme_customization_wifi_icon_summary">Wi-Fi 아이콘 스타일 설정</string>
    <!-- Custom Signal bar icons -->
    <string name="theme_customization_signal_icon_title">신호 아이콘</string>
    <string name="theme_customization_signal_icon_summary">신호 아이콘 스타일 설정</string>
    <!-- Black theme -->
    <string name="system_black_theme_title">블랙 테마 사용</string>
    <string name="system_black_theme_summary">검은색 배경색 강제 적용</string>
    <!-- UI styles -->
    <string name="theme_customization_ui_style_title">UI 스타일</string>
    <string name="theme_customization_ui_style_summary">인터페이스에 대한 사용자 지정 스타일 설정</string>
    <!-- Applications fragment -->
    <string name="search">찾다</string>
    <string name="search_apps">앱 검색</string>
    <!-- reTicker -->
    <string name="reticker_title">리티커</string>
    <string name="reticker_summary">알림을 새롭게 디자인된 티커 버전으로 교체하세요. \n표준 알림보다 슬림하고 덜 침습적입니다.</string>
    <string name="reticker_colored_title">앱 색상 배경 사용</string>
    <string name="reticker_colored_summary">알림 앱 기본 색상을 사용하여 reTicker 배경색 바꾸기</string>
    <string name="reticker_landscape_only_title">풍경만</string>
    <string name="reticker_landscape_only_summary">기기가 가로 모드일 때만 reTicker를 사용 설정하세요.</string>
    <!-- Network traffic -->
    <string name="network_traffic_title">네트워크 트래픽 표시기</string>
    <string name="network_traffic_summary">상태 표시줄에서 네트워크 속도 표시기 활성화 또는 비활성화</string>
    <string name="network_traffic_state_title">\"네트워크 트래픽 표시기\" 활성화</string>
    <string name="network_options_title">옵션</string>
    <string name="network_traffic_autohide_title">비활성 상태일 때 네트워크 트래픽 표시기 숨기기</string>
    <string name="network_traffic_autohide_summary">네트워크 트래픽이 1KB/s 미만일 때 숨기기</string>
    <!-- Media art -->
    <string name="lockscreen_media_art_options_title">미디어 커버 아트</string>
    <string name="media_art_title">미디어 커버 아트</string>
    <string name="media_art_summary">가능한 경우 미디어 표지 아트 표시</string>
    <!-- Lock screen cover art -->
    <string name="lockscreen_media_blur_title">미디어 아트 흐림 수준</string>
    <!-- Clock position -->
    <string name="status_bar_clock_position_center">센터</string>
    <string name="status_bar_clock_position_left">왼쪽</string>
    <string name="status_bar_clock_position_right">권리</string>
    <string name="status_bar_clock_position_title">시계 위치</string>
    <!-- Clock AM/PM -->
    <string name="status_bar_am_pm_hidden">숨겨진</string>
    <string name="status_bar_am_pm_normal">정상</string>
    <string name="status_bar_am_pm_small">작은</string>
    <string name="status_bar_am_pm_title">시계 오전/오후 스타일</string>
    <string name="status_bar_am_pm_unavailable">24시간 시계가 활성화됨</string>
    <!-- Clock show seconds -->
    <string name="status_bar_clock_show_seconds_title">시계 표시 초</string>
    <string name="status_bar_clock_show_seconds_desc">시, 분, 초 표시</string>
    <!-- Battery style and percentage -->
    <string name="status_bar_battery_style_circle">원</string>
    <string name="status_bar_battery_style_icon_portrait">아이콘 초상화</string>
    <string name="status_bar_battery_style_text">텍스트</string>
    <string name="status_bar_battery_style_title">배터리 상태 스타일</string>
    <string name="status_bar_battery_percentage_hidden">숨겨진</string>
    <string name="status_bar_battery_percentage_text_inside">아이콘 내부</string>
    <string name="status_bar_battery_percentage_text_next">아이콘 옆</string>
    <string name="status_bar_battery_percentage_title">배터리 비율</string>
    <!-- Brightness slider -->
    <string name="qqs_show_brightness_title">빠른 QS 패널에 밝기 슬라이더 표시</string>
    <string name="brightness_slider_position_title">밝기 슬라이더 위치</string>
    <string name="top">맨 위</string>
    <string name="bottom">맨 아래</string>
    <string name="show_auto_brightness_button_title">자동 밝기 버튼 표시</string>
    <!-- Pulse -->
    <string name="ambient_light_category">엣지 라이팅</string>
    <string name="keywords_pulse_ambient_light_display">알림, 알림, 가장자리, 빛, 색상, 색상</string>
    <string name="pulse_ambient_light_text">엣지 라이팅은 알림을 받을 때 화면을 빛나게 합니다. 이렇게 하면 휴대전화가 졸음 모드일 때 맥박이 뛰는 시기를 쉽게 파악할 수 있습니다.</string>
    <string name="pulse_ambient_light_enable">가장자리 조명 사용</string>
    <string name="pulse_ambient_light_title">엣지 라이팅</string>
    <string name="pulse_ambient_light_summary">알림 펄스에서 화면의 측면 가장자리를 밝힙니다.</string>
    <string name="ambient_notification_light_accent_title">시스템 강조 색상</string>
    <string name="ambient_notification_light_color_automatic_title">알림 색상</string>
    <string name="pulse_ambient_light_color">펄싱할 때 사용</string>
    <!-- QS tiles layout -->
    <string name="qs_tile_layout_title">QS 타일 레이아웃</string>
    <string name="qs_tile_layout_summary">QS 패널에서 타일 레이아웃 사용자 지정</string>
    <string name="qs_tiles_layout_category">타일 레이아웃</string>
    <string name="qs_rows_portrait_title">행(세로)</string>
    <string name="qqs_rows_portrait_title">행(빠른 QS 초상화)</string>
    <string name="qs_columns_portrait_title">열(세로)</string>
    <string name="qs_apply_change_button_title">변경 적용</string>
    <string name="qs_apply_change_failed">변경 사항을 적용하지 못했습니다.</string>
    <string name="qs_tile_hide_label_title">라벨 숨기기</string>
    <string name="qs_tile_hide_label_summary">QS 타일에 대한 아이콘만 표시</string>
    <string name="qs_tile_vertical_layout_title">세로 레이아웃</string>
    <string name="qs_tile_vertical_layout_summary">QS 타일에 대한 세로 레이아웃 활성화</string>
    <!-- Statusbar lyric -->
    <string name="status_bar_lyric_title">상태 표시줄 가사</string>
    <string name="status_bar_lyric_summary">상태 표시줄에 가사 표시(앱 지원 필요)</string>
    <string name="status_bar_show_lyric_title">상태 표시줄 가사 사용</string>
    <!-- Statusbar logo -->
    <string name="status_bar_logo_category_title">심벌 마크</string>
    <string name="status_bar_logo_title">심벌 마크</string>
    <string name="status_bar_logo_summary">상태 표시줄에 로고 표시 활성화</string>
    <string name="status_bar_logo_position_title">위치</string>
    <string name="status_bar_logo_position_summary">로고를 표시할 면(왼쪽 또는 오른쪽)을 선택합니다.</string>
    <string name="status_bar_logo_position_right">권리</string>
    <string name="status_bar_logo_position_left">왼쪽</string>
    <string name="status_bar_logo_style_title">스타일</string>
    <string name="status_bar_logo_style_derp">DerpFest</string>
    <string name="status_bar_logo_style_derp_alt">DerpFest 삼각형</string>
    <string name="status_bar_logo_style_adidas">아디다스</string>
    <string name="status_bar_logo_style_airjordan">에어 조던</string>
    <string name="status_bar_logo_style_apple">사과</string>
    <string name="status_bar_logo_style_avengers">어벤져스</string>
    <string name="status_bar_logo_style_batman">배트맨</string>
    <string name="status_bar_logo_style_batman_tdk">배트맨 다크 나이트</string>
    <string name="status_bar_logo_style_beats">비트</string>
    <string name="status_bar_logo_style_biohazard">생물학적 위험</string>
    <string name="status_bar_logo_style_blackberry">블랙베리</string>
    <string name="status_bar_logo_style_cannabis">대마초</string>
    <string name="status_bar_logo_style_fire">불</string>
    <string name="status_bar_logo_style_nike">나이키</string>
    <string name="status_bar_logo_style_pac_man">팩맨</string>
    <string name="status_bar_logo_style_puma">퓨마</string>
    <string name="status_bar_logo_style_rog">ROG</string>
    <string name="status_bar_logo_style_superman">슈퍼맨</string>
    <string name="status_bar_logo_style_windows">윈도우</string>
    <string name="status_bar_logo_style_xbox">엑스박스</string>
    <!-- Pulse music visualizer -->
    <string name="pulse_help_policy_notice_title">펄스 정보</string>
    <string name="pulse_help_policy_notice_summary">Pulse는 장치에서 음악이 재생될 때 탁월한 오디오 시각화 도구입니다.</string>
    <string name="pulse_settings">맥박</string>
    <string name="pulse_settings_summary">내비게이션 바, 잠금 화면 및 주변 화면용 오디오 시각화 도우미</string>
    <string name="show_navbar_pulse_title">내브바 펄스</string>
    <string name="show_navbar_pulse_summary">내비게이션 바의 오디오 비주얼라이저</string>
    <string name="show_lockscreen_pulse_title">잠금 화면 펄스</string>
    <string name="show_lockscreen_pulse_summary">잠금 화면의 오디오 시각화 도우미</string>
    <string name="show_ambient_pulse_title">주변 펄스</string>
    <string name="show_ambient_pulse_summary">주변 화면의 오디오 시각화 장치</string>
    <string name="pulse_render_mode_title">렌더링 모드</string>
    <string name="pulse_render_mode_fading_bars">페이딩 블록</string>
    <string name="pulse_render_mode_solid_lines">실선</string>
    <string name="pulse_legacy_mode_advanced_category">페이딩 블록 모드 설정</string>
    <string name="pulse_custom_fudge_factor">정신 수준</string>
    <string name="pulse_lavalamp_speed_title">용암 램프 속도</string>
    <string name="pulse_solid_units_count">실선 수</string>
    <string name="pulse_solid_units_opacity">실선 불투명도</string>
    <string name="pulse_solid_dimen_category">실선 모드 설정</string>
    <string name="pulse_color_mode_title">색상</string>
    <string name="pulse_color_accent">악센트</string>
    <string name="pulse_color_custom">관습</string>
    <string name="pulse_color_lava_lamp">용암 램프</string>
    <string name="pulse_color_auto">앨범</string>
    <string name="pulse_color_user_title">색상 선택</string>
    <string name="pulse_smoothing_enabled_title">스무딩 켜기</string>
    <string name="pulse_smoothing_enabled_summary">각 막대가 보다 부드럽게 애니메이션됩니다.</string>
    <string name="pulse_custom_dimen">바 너비</string>
    <string name="pulse_custom_div">막대 간격</string>
    <string name="pulse_filled_block_size">블록 크기</string>
    <string name="pulse_empty_block_size">블록 간격</string>
    <string name="pulse_solid_units_rounded_title">둥근 실선</string>
    <string name="pulse_solid_units_rounded_summary">실선을 둥글게</string>
    <!-- Udfps animations -->
    <string name="udfps_recog_animation">UDFPS 애니메이션 사용</string>
    <string name="udfps_recog_animation_summary">손가락을 읽는 동안 애니메이션을 보여줍니다.</string>
    <string name="udfps_recog_animation_effect_title">UDFPS 맞춤 애니메이션</string>
    <string name="udfps_recog_animation_effect_summary">애니메이션 효과 선택</string>
    <!-- Udfps icon picker -->
    <string name="udfps_icon_picker_title">UDFPS 아이콘 선택기</string>
    <string name="udfps_icon_picker_summary">마음에 드는 지문 아이콘을 선택하세요</string>
    <!-- Lockscreen charge temperature unit -->
    <string name="lockscreen_charge_temp_unit_title">온도 단위</string>
    <string name="lockscreen_charge_temp_unit_farhenheit">화씨</string>
    <string name="lockscreen_charge_temp_unit_celsius">섭씨</string>
    <!-- Material dismiss all button for notifications -->
    <string name="notification_material_dismiss_title">모든 알림 지우기 버튼</string>
    <string name="notification_material_dismiss_summary">모든 알림 텍스트 지우기를 머티리얼 스타일 플로팅 버튼으로 교체</string>
    <string name="notification_material_dismiss_style_title">버튼 스타일</string>
    <string name="notification_material_dismiss_bgstyle_title">버튼 배경</string>
    <!-- Bluetooth status -->
    <string name="bluetooth_battery_title">블루투스 배터리 상태</string>
    <string name="bluetooth_battery_summary">가능한 경우 연결된 블루투스 장치의 배터리 상태 표시</string>
    <!-- Clock auto hide -->
    <string name="status_bar_clock_auto_hide_title">자동 숨기기</string>
    <string name="status_bar_clock_auto_hide_summary">런처가 보이면 시계 숨기기</string>
    <!-- Display Settings: Title of the setting which toggles wallpaper zooming effects on interraction -->
    <string name="wallpaper_zoom_effect_title">배경 화면 줌 효과</string>
    <!-- Display Settings: Subtitle of the setting which toggles wallpaper zooming effects on interraction -->
    <string name="wallpaper_zoom_effect_summary">축소 깊이 애니메이션을 표시하기 위해 배경 화면을 확대/축소합니다. 배경화면의 품질이 저하될 수 있습니다.</string>
    <!-- Squiggle animation -->
    <string name="show_squiggle_animation_title">물결선 애니메이션 표시</string>
    <string name="show_squiggle_animation_summary">미디어 패널 구불구불한 애니메이션 표시\n변경 후 음악을 전환하거나 음악을 일시 중지하거나 적용하려면 진행률 표시줄을 이동해야 합니다.</string>
    <!-- Ambient battery bar settings -->
    <string name="ambient_ui">주변/항상 디스플레이</string>
    <string name="ambient_battery_settings_title">배터리 바</string>
    <string name="ambient_battery_settings_summary">주변 디스플레이에 배터리 막대 표시</string>
    <string name="keyguard_show_battery_title">충전 시 배터리 바</string>
    <string name="keyguard_show_battery_summary">충전 시 주변 디스플레이에 배터리 막대 표시</string>
    <string name="keyguard_show_battery_always_title">항상 배터리 표시줄 표시</string>
    <string name="keyguard_show_battery_always_summary">항상 주변 디스플레이에 배터리 막대 표시</string>
    <!-- Pulse Gravity and mirror options -->
    <string name="pulse_custom_gravity_title">중력</string>
    <string name="pulse_custom_gravity_bottom">맨 아래</string>
    <string name="pulse_custom_gravity_top">맨 위</string>
    <string name="pulse_custom_gravity_center">센터</string>
    <string name="visualizer_center_mirrored_title">센터 미러링</string>
    <string name="visualizer_center_mirrored_summary">센터 미러링 모드에서 비주얼라이저 설정</string>
    <string name="pulse_vertical_mirror_title">수직 거울</string>
    <string name="pulse_vertical_mirror_summary">다른 펄스를 생성하고 수직으로 뒤집기</string>
    <!-- Ripple Effect on lockscreen -->
    <string name="disable_fingerprint_ripple_effect_title">잔물결 효과 비활성화</string>
    <string name="disable_fingerprint_ripple_effect_summary">잠금 해제 시 파급 효과 비활성화</string>
    <!-- Charging animation -->
    <string name="charging_animation_title">충전 애니메이션</string>
    <string name="charging_animation_summary">장치가 연결되면 애니메이션 표시</string>
    <!-- Statusbar Clock background chip -->
    <string name="statusbar_clock_chip_title">배경 칩</string>
    <string name="statusbar_clock_chip_summary">시계 뒤에 액센트 칩 표시</string>
    <!-- Hide statusbar on lockscreen -->
    <string name="lockscreen_hide_status_bar_title">상태 표시줄 숨기기</string>
    <string name="lockscreen_hide_status_bar_summary">사용하도록 설정하면 잠금 화면에서 상태 표시줄이 숨겨집니다.</string>
    <!-- Android P animation style -->
    <string name="pie_animation_style_title">Android P 애니메이션 스타일</string>
    <string name="pie_animation_style_summary">Android P \"기본\" 애니메이션 활성화</string>
    <!-- Parallel space -->
    <string name="laboratory_parallel_space_title">평행 공간</string>
    <string name="laboratory_parallel_space_summary">동일한 애플리케이션의 여러 인스턴스를 병렬로 실행하도록 허용</string>
</resources>
