<?xml version="1.0" encoding="utf-8"?>
<!--  Copyright (C) 2014-2016 The Dirty Unicorns Project
      Copyright (C) 2016 AospExtended ROM Project
      Copyright (C) 2022 DerpFest

  This program is free software: you can redistribute it and/or modify
  it under the terms of the GNU General Public License as published by
  the Free Software Foundation, either version 3 of the License, or
  (at your option) any later version.

  This program is distributed in the hope that it will be useful,
  but WITHOUT ANY WARRANTY; without even the implied warranty of
  MERCHANTABILITY or FITNESS FOR A PARTICULAR PURPOSE.  See the
  GNU General Public License for more details.

  You should have received a copy of the GNU General Public License
  along with this program.  If not, see <http://www.gnu.org/licenses/>.
 -->
<resources xmlns:xliff="urn:oasis:names:tc:xliff:document:1.2">
    <!-- General app strings -->
    <string name="add">Voeg by</string>
    <string name="advanced">Gevorderd</string>
    <string name="cancel">Kanselleer</string>
    <string name="default_text">Verstek</string>
    <string name="dlg_ok">OK</string>
    <string name="attention">Aandag</string>
    <string name="loading">Laai\u2026</string>
    <string name="reset">Stel terug</string>
    <string name="reset_colors">Stel kleure terug</string>
    <string name="reset_android">Android</string>
    <string name="text_title">Teks</string>
    <string name="icon_title">Ikoon</string>
    <string name="color_title">Kleur</string>
    <string name="colors_title">Kleure</string>
    <!-- DerpSpace categories -->
    <string name="icons_category">Ikone</string>
    <string name="status_bar_category">Statusbalk</string>
    <string name="notifications_panel_category">QS paneel</string>
    <string name="system_category">Stelsel</string>
    <string name="lockscreen_category">Sluit skerm</string>
    <string name="udfps_category">Vingerafdruk onder die skerm</string>
    <string name="listview">Lys sig</string>
    <!-- Frags -->
    <!-- General Tweaks -->
    <string name="general_tweaks_title">Algemene instellings</string>
    <!-- Lockscreen UI -->
    <string name="lockscreen_ui_title">Sluitskerm UI</string>
    <!-- Lockscreen general category -->
    <string name="general_category">Algemeen</string>
    <!-- Lockscreen charging category -->
    <string name="charging_category">Laai</string>
    <!-- Quicksettings media category -->
    <string name="media_category">Media-speler</string>
    <!-- Network Traffic -->
    <string name="traffic_title">Verkeersaanwysers</string>
    <!-- Misc DerpSpace -->
    <string name="misc_derpspace_title">Diverse</string>
    <!-- Notifications -->
    <string name="notifications_title">Kennisgewings</string>
    <!-- Quick Settings -->
    <string name="quick_settings_title">Vinnige instellings</string>
    <!-- Status bar clock and date options -->
    <string name="status_bar_clock_title">Horlosie &amp; Datum instellings</string>
    <!-- Quick Settings brightness slider -->
    <string name="qs_brightness_slider_category">Helderheid glyer</string>
    <!-- Quick Settings footer category -->
    <string name="footer_category">Voetskrif</string>
    <!-- Statusbar Iten -->
    <string name="statusbar_items_category">Statusbalk-items</string>
    <!-- Customisation -->
    <string name="customisation_title">Pasmaak</string>
    <!-- Battery -->
    <string name="battery_title">Battery</string>
    <!-- Battery Settings -->
    <string name="battery_settings_title">Battery-instellings</string>
    <!-- Battery Styles -->
    <string name="battery_style_category_title">Battery Styles</string>
    <string name="battery_percent_title">Battery persentasie</string>
    <!-- App info dialog -->
    <string name="derpspace_dialog_title">Help ons om jou te help!</string>
    <string name="derpspace_dialog_message">As jy \'n fout met enige van hierdie instellings vind, rapporteer dit in ons Telegram-groep. Jy MOET die volgende insluit wanneer jy \'n foutverslag plaas:\n\n1. \'n Logcat of last_kmsg\n2. Kernel en mods gebruik\n3. Nuttige inligting\n\nAs jy versuim om iets voldoende aan te meld, MOENIE verwag dat dinge reggestel sal word nie.</string>
    <string name="derpspace_dialog_toast">LEES DIE HELE DING!</string>
    <string name="artwork_media_fade_level_summary">Vervaag die beeld van die mediakunswerk</string>
    <!-- QuickSettings haptic feedback -->
    <string name="qs_tile_vibration_title">Vibrasie</string>
    <string name="quick_settings_vibrate_title">Vibreer met aanraking</string>
    <string name="quick_settings_vibrate_summary">Vibreer wanneer jy aan QS-teëls raak</string>
    <string name="quick_settings_vibrate_duration_title">Duur van vibrasie</string>
    <string name="quick_settings_vibrate_duration_summary">Hoeveel millisekondes om te vibreer</string>
    <!-- Tiles animation style  -->
    <string name="qs_tile_animation_title">Animasies</string>
    <string name="qs_tile_animation_style_title">Animasie styl</string>
    <string name="qs_tile_animation_duration_title">Animasie duur</string>
    <string name="qs_tile_animation_interpolator_title">Teëls animasie interpoleerder</string>
    <string name="qs_tile_animation_style_off">Geen animasie nie</string>
    <string name="qs_tile_animation_style_flip">Flip</string>
    <string name="qs_tile_animation_style_rotate">Draai</string>
    <string name="qs_tile_animation_duration_low">Laag</string>
    <string name="qs_tile_animation_duration_default">Verstek</string>
    <string name="qs_tile_animation_duration_fast">Vinnig</string>
    <string name="qs_tile_animation_interpolator_linearInterpolator">Lineêr</string>
    <string name="qs_tile_animation_interpolator_accelerateInterpolator">Versnel</string>
    <string name="qs_tile_animation_interpolator_decelerateInterpolator">Vertraag</string>
    <string name="qs_tile_animation_interpolator_accelerateDecelerateInterpolator">Versnel vertraag</string>
    <string name="qs_tile_animation_interpolator_bounceInterpolator">Weiering</string>
    <string name="qs_tile_animation_interpolator_overshootInterpolator">Oorskiet</string>
    <string name="qs_tile_animation_interpolator_anticipateInterpolator">Verwag</string>
    <string name="qs_tile_animation_interpolator_anticipateOvershootInterpolator">Verwag oorskiet</string>
    <string name="qs_set_animation_style">%1$s</string>
    <string name="qs_set_animation_duration">%1$s</string>
    <string name="qs_set_animation_interpolator">%1$s</string>
    <!-- 4G icon -->
    <string name="show_fourg_icon_title">4G-ikoon</string>
    <string name="show_fourg_icon_summary">Vertoon 4G-ikoon in sein-ikoon in plaas daarvan LTE</string>
    <!-- Data disabled icon -->
    <string name="data_disabled_icon_title">Wys data gedeaktiveerde ikoon</string>
    <string name="data_disabled_icon_summary">Vertoon die kruisteken langs seinbalk wanneer data gedeaktiveer is</string>
    <!-- QS footer warnings -->
    <string name="qs_footer_warnings_title">QS voetskrif waarskuwings</string>
    <string name="qs_footer_warnings_summary">Vertoon \'n waarskuwing onderaan QS-paneel wanneer die netwerk deur eksterne toepassings of vpn gemonitor word</string>
    <!-- Old mobile type icons -->
    <string name="use_old_mobiletype_title">Klein mobiele tipe ikoon</string>
    <string name="use_old_mobiletype_summary">Wys selfoontipe-ikoon bo-op die seinaanwyser</string>
    <!-- Lockscreen battery info indicator  -->
    <string name="lockscreen_battery_info_title">Sluitskermlaai-inligting</string>
    <string name="lockscreen_battery_info_summary">Wys laaistroom, spanning, wattage en batterytemperatuur op sluitskerm terwyl dit laai</string>
    <!-- Tiles on secure keyguard -->
    <string name="use_tiles_on_secure_keyguard_title">Vereis ontsluiting om sensitiewe teëls te gebruik</string>
    <string name="use_tiles_on_secure_keyguard_summary">Vra om die sluitskerm te ontsluit wanneer sensitiewe teëls gebruik word</string>
    <!-- QS footer text -->
    <string name="qs_footer_text_show_title">Wys QS-voettekst</string>
    <string name="qs_footer_text_string_title">Pasmaak voetskrif teks</string>
    <string name="qs_footer_text_string_summary">Stel op leeg vir verstek #StayDerped</string>
    <!-- Notifications general category -->
    <string name="notifications_general_category_title">Algemeen</string>
    <!-- Notification count -->
    <string name="status_bar_notif_count_title">Kennisgewingtelling</string>
    <string name="status_bar_notif_count_summary">Vertoon die aantal hangende kennisgewings</string>
    <!-- Units -->
    <string name="unit_seconds">s</string>
    <string name="unit_milliseconds">me</string>
    <string name="unit_pixels">dp</string>
    <!-- [CHAR_LIMIT=NONE] Developer Settings: Title of the settings category for theme overlays. -->
    <string name="theme_customization_category">Temas</string>
    <!-- [CHAR_LIMIT=NONE] Developer Settings: Title of the setting which enables overlays to customize headline and body fonts. -->
    <string name="theme_customization_font_title">Opskrif / Liggaam font</string>
    <string name="theme_customization_font_summary">Stel stelsel lettertipe styl</string>
    <!-- [CHAR_LIMIT=NONE] Developer Settings: Title of the setting which enables overlays to customize the adaptive icon shape (e.g. launcher and quick settings icons). -->
    <string name="theme_customization_icon_shape_title">Ikoon vorm</string>
    <string name="theme_customization_icon_shape_summary">Stel stelsel ikoon vorm styl</string>
    <!-- [CHAR_LIMIT=NONE] Developer Settings: Title of the setting which enables overlays to customize the system wide icon pack. -->
    <string name="theme_customization_icon_pack_title">Ikoonpakket</string>
    <string name="theme_customization_icon_pack_summary">Stel pasgemaakte ikoonpakstyl in</string>
    <!-- [CHAR_LIMIT=NONE] Developer Settings: Label for the option that turns off customizations for a given category.-->
    <string name="theme_customization_device_default">Toestel verstek</string>
    <!-- Custom Wi-Fi bar icons -->
    <string name="theme_customization_wifi_icon_title">Wifi-ikoon</string>
    <string name="theme_customization_wifi_icon_summary">Stel Wifi-ikoonstyl in</string>
    <!-- Custom Signal bar icons -->
    <string name="theme_customization_signal_icon_title">Sein ikone</string>
    <string name="theme_customization_signal_icon_summary">Stel sein ikone styl</string>
    <!-- Black theme -->
    <string name="system_black_theme_title">Gebruik swart tema</string>
    <string name="system_black_theme_summary">Dwing swart agtergrondkleure</string>
    <!-- UI styles -->
    <string name="theme_customization_ui_style_title">UI-styl</string>
    <string name="theme_customization_ui_style_summary">Stel persoonlike styl vir jou koppelvlak</string>
    <!-- Applications fragment -->
    <string name="search">Soek</string>
    <string name="search_apps">Soek programme</string>
    <!-- reTicker -->
    <string name="reticker_title">hertikker</string>
    <string name="reticker_summary">Vervang jou kennisgewings met \'n herontwerpte weergawe van tikkers. \nSkraal en minder indringend as \'n standaard kennisgewing</string>
    <string name="reticker_colored_title">Gebruik app-gekleurde agtergrond</string>
    <string name="reticker_colored_summary">Vervang reTicker-agtergrondkleur deur die hoofkleur van die kennisgewing-app te gebruik</string>
    <string name="reticker_landscape_only_title">Slegs landskap</string>
    <string name="reticker_landscape_only_summary">Aktiveer reTicker net wanneer toestel in landskapmodus is</string>
    <!-- Network traffic -->
    <string name="network_traffic_title">Netwerkverkeeraanwyser</string>
    <string name="network_traffic_summary">Aktiveer of deaktiveer netwerkspoedaanwyser in statusbalk</string>
    <string name="network_traffic_state_title">Aktiveer \"Netwerkverkeeraanwyser\"</string>
    <string name="network_options_title">Opsies</string>
    <string name="network_traffic_autohide_title">Versteek netwerkverkeeraanwyser wanneer dit onaktief is</string>
    <string name="network_traffic_autohide_summary">Versteek wanneer die netwerkverkeer onder 1 KB/s is</string>
    <!-- Media art -->
    <string name="lockscreen_media_art_options_title">Mediavoorbladkuns</string>
    <string name="media_art_title">Mediavoorbladkuns</string>
    <string name="media_art_summary">Vertoon mediavoorbladkuns wanneer beskikbaar</string>
    <!-- Lock screen cover art -->
    <string name="lockscreen_media_blur_title">Mediakuns-vervaagvlak</string>
    <!-- Clock position -->
    <string name="status_bar_clock_position_center">Sentrum</string>
    <string name="status_bar_clock_position_left">Links</string>
    <string name="status_bar_clock_position_right">Reg</string>
    <string name="status_bar_clock_position_title">Horlosie posisie</string>
    <!-- Clock AM/PM -->
    <string name="status_bar_am_pm_hidden">Versteek</string>
    <string name="status_bar_am_pm_normal">Normaal</string>
    <string name="status_bar_am_pm_small">Klein</string>
    <string name="status_bar_am_pm_title">Horlosie AM/PM-styl</string>
    <string name="status_bar_am_pm_unavailable">24-uur klok is geaktiveer</string>
    <!-- Clock show seconds -->
    <string name="status_bar_clock_show_seconds_title">Klok wys sekondes</string>
    <string name="status_bar_clock_show_seconds_desc">Wys ure, minute en sekondes</string>
    <!-- Battery style and percentage -->
    <string name="status_bar_battery_style_circle">Sirkel</string>
    <string name="status_bar_battery_style_icon_portrait">Ikoon portret</string>
    <string name="status_bar_battery_style_text">Teks</string>
    <string name="status_bar_battery_style_title">Batterystatusstyl</string>
    <string name="status_bar_battery_percentage_hidden">Versteek</string>
    <string name="status_bar_battery_percentage_text_inside">Binne die ikoon</string>
    <string name="status_bar_battery_percentage_text_next">Langs die ikoon</string>
    <string name="status_bar_battery_percentage_title">Battery persentasie</string>
    <!-- Brightness slider -->
    <string name="qqs_show_brightness_title">Wys helderheidskuifbalk in Quick QS-paneel</string>
    <string name="brightness_slider_position_title">Helderheid glyer posisie</string>
    <string name="top">Top</string>
    <string name="bottom">Onderkant</string>
    <string name="show_auto_brightness_button_title">Wys outomatiese helderheidsknoppie</string>
    <!-- Pulse -->
    <string name="ambient_light_category">Randbeligting</string>
    <string name="keywords_pulse_ambient_light_display">kennisgewing, kennisgewings, rand, lig, kleur, kleur</string>
    <string name="pulse_ambient_light_text">Randbeligting laat jou skerm gloei wanneer jy \'n kennisgewing ontvang. Dit maak dit makliker om te bepaal wanneer jy \'n polsslag kry terwyl die foon sluimermodus is.</string>
    <string name="pulse_ambient_light_enable">Gebruik Edge-beligting</string>
    <string name="pulse_ambient_light_title">Randbeligting</string>
    <string name="pulse_ambient_light_summary">Verlig die syrande van die skerm op kennisgewingspuls</string>
    <string name="ambient_notification_light_accent_title">Stelsel aksent kleur</string>
    <string name="ambient_notification_light_color_automatic_title">Kennisgewing kleur</string>
    <string name="pulse_ambient_light_color">Wanneer pols, gebruik</string>
    <!-- QS tiles layout -->
    <string name="qs_tile_layout_title">QS teëls uitleg</string>
    <string name="qs_tile_layout_summary">Pas teëluitleg in QS-paneel aan</string>
    <string name="qs_tiles_layout_category">Teëls uitleg</string>
    <string name="qs_rows_portrait_title">Rye (Portret)</string>
    <string name="qqs_rows_portrait_title">Rye (Quick QS-portret)</string>
    <string name="qs_columns_portrait_title">Kolomme (Portret)</string>
    <string name="qs_apply_change_button_title">Pas verandering toe</string>
    <string name="qs_apply_change_failed">Kon nie verandering toepas nie</string>
    <string name="qs_tile_hide_label_title">Versteek etikette</string>
    <string name="qs_tile_hide_label_summary">Wys slegs ikoon vir QS-teëls</string>
    <string name="qs_tile_vertical_layout_title">Vertikale uitleg</string>
    <string name="qs_tile_vertical_layout_summary">Aktiveer vertikale uitleg vir QS-teëls</string>
    <!-- Statusbar lyric -->
    <string name="status_bar_lyric_title">Statusbalk liriek</string>
    <string name="status_bar_lyric_summary">Wys liriek in statusbalk (benodig toepassingondersteuning)</string>
    <string name="status_bar_show_lyric_title">Aktiveer statusbalk-liriek</string>
    <!-- Statusbar logo -->
    <string name="status_bar_logo_category_title">Logo</string>
    <string name="status_bar_logo_title">Logo</string>
    <string name="status_bar_logo_summary">Aktiveer om logo in die statusbalk te vertoon</string>
    <string name="status_bar_logo_position_title">Posisie</string>
    <string name="status_bar_logo_position_summary">Kies watter kant om die logo aan, links of regs te vertoon</string>
    <string name="status_bar_logo_position_right">Reg</string>
    <string name="status_bar_logo_position_left">Links</string>
    <string name="status_bar_logo_style_title">Styl</string>
    <string name="status_bar_logo_style_derp">DerpFest</string>
    <string name="status_bar_logo_style_derp_alt">DerpFest driehoek</string>
    <string name="status_bar_logo_style_adidas">Adidas</string>
    <string name="status_bar_logo_style_airjordan">Air Jordan</string>
    <string name="status_bar_logo_style_apple">appel</string>
    <string name="status_bar_logo_style_avengers">Avengers</string>
    <string name="status_bar_logo_style_batman">Batman</string>
    <string name="status_bar_logo_style_batman_tdk">Batman The Dark Knight</string>
    <string name="status_bar_logo_style_beats">Slae</string>
    <string name="status_bar_logo_style_biohazard">Biogevaar</string>
    <string name="status_bar_logo_style_blackberry">Blackberry</string>
    <string name="status_bar_logo_style_cannabis">Cannabis</string>
    <string name="status_bar_logo_style_fire">Vuur</string>
    <string name="status_bar_logo_style_nike">Nike</string>
    <string name="status_bar_logo_style_pac_man">Pac-Man</string>
    <string name="status_bar_logo_style_puma">Puma</string>
    <string name="status_bar_logo_style_rog">ROG</string>
    <string name="status_bar_logo_style_superman">Superman</string>
    <string name="status_bar_logo_style_windows">Vensters</string>
    <string name="status_bar_logo_style_xbox">XBOX</string>
    <!-- Pulse music visualizer -->
    <string name="pulse_help_policy_notice_title">Oor Pulse</string>
    <string name="pulse_help_policy_notice_summary">Pulse is \'n briljante oudiovisualiseerder wanneer musiek op die toestel speel</string>
    <string name="pulse_settings">Polsslag</string>
    <string name="pulse_settings_summary">Oudiovisualiseerder vir navigasiebalk, sluitskerm en omringende skerm</string>
    <string name="show_navbar_pulse_title">Navbar Pols</string>
    <string name="show_navbar_pulse_summary">Oudiovisualiseerder op die navigasiebalk</string>
    <string name="show_lockscreen_pulse_title">Sluitskerm Pols</string>
    <string name="show_lockscreen_pulse_summary">Oudiovisualiseerder op die sluitskerm</string>
    <string name="show_ambient_pulse_title">Ambient Pulse</string>
    <string name="show_ambient_pulse_summary">Oudiovisualiseerder op die omringende skerm</string>
    <string name="pulse_render_mode_title">Gee-modus</string>
    <string name="pulse_render_mode_fading_bars">Vervaagde blokke</string>
    <string name="pulse_render_mode_solid_lines">Soliede lyne</string>
    <string name="pulse_legacy_mode_advanced_category">Vervaag blokke modus instellings</string>
    <string name="pulse_custom_fudge_factor">Gesondheidsvlak</string>
    <string name="pulse_lavalamp_speed_title">Lava lamp spoed</string>
    <string name="pulse_solid_units_count">Soliede lyne tel</string>
    <string name="pulse_solid_units_opacity">Ondeursigtigheid van soliede lyne</string>
    <string name="pulse_solid_dimen_category">Soliede lyne modus instellings</string>
    <string name="pulse_color_mode_title">Kleur</string>
    <string name="pulse_color_accent">Aksent</string>
    <string name="pulse_color_custom">Pasgemaak</string>
    <string name="pulse_color_lava_lamp">Lava lamp</string>
    <string name="pulse_color_auto">Album</string>
    <string name="pulse_color_user_title">Kies kleur</string>
    <string name="pulse_smoothing_enabled_title">Skakel gladmaak aan</string>
    <string name="pulse_smoothing_enabled_summary">Elke balk word gladder geanimeer</string>
    <string name="pulse_custom_dimen">Staafwydte</string>
    <string name="pulse_custom_div">Staafspasiëring</string>
    <string name="pulse_filled_block_size">Blokgrootte</string>
    <string name="pulse_empty_block_size">Blokspasiëring</string>
    <string name="pulse_solid_units_rounded_title">Soliede lyne afgerond</string>
    <string name="pulse_solid_units_rounded_summary">Rond die soliede lyne</string>
    <!-- Udfps animations -->
    <string name="udfps_recog_animation">Gebruik UDFPS-animasie</string>
    <string name="udfps_recog_animation_summary">Wys \'n animasie terwyl jy jou vinger lees</string>
    <string name="udfps_recog_animation_effect_title">UDFPS persoonlike animasie</string>
    <string name="udfps_recog_animation_effect_summary">Kies animasie-effek</string>
    <!-- Udfps icon picker -->
    <string name="udfps_icon_picker_title">UDFPS-ikoonkieser</string>
    <string name="udfps_icon_picker_summary">Kies jou gunsteling vingerafdruk-ikoon</string>
    <!-- Lockscreen charge temperature unit -->
    <string name="lockscreen_charge_temp_unit_title">Temperatuur eenheid</string>
    <string name="lockscreen_charge_temp_unit_farhenheit">Fahrenheit</string>
    <string name="lockscreen_charge_temp_unit_celsius">Celsius</string>
    <!-- Material dismiss all button for notifications -->
    <string name="notification_material_dismiss_title">Vee alle kennisgewingknoppie uit</string>
    <string name="notification_material_dismiss_summary">Vervang alle kennisgewingteks skoon met materiaalstyl drywende knoppie</string>
    <string name="notification_material_dismiss_style_title">Knoppie styl</string>
    <string name="notification_material_dismiss_bgstyle_title">Knoppie agtergrond</string>
    <!-- Bluetooth status -->
    <string name="bluetooth_battery_title">Bluetooth-batterystatus</string>
    <string name="bluetooth_battery_summary">Vertoon batterystatus vir die gekoppelde Bluetooth-toestel, indien beskikbaar</string>
    <!-- Clock auto hide -->
    <string name="status_bar_clock_auto_hide_title">Versteek outomaties</string>
    <string name="status_bar_clock_auto_hide_summary">Versteek klok as lanseerder sigbaar is</string>
    <!-- Display Settings: Title of the setting which toggles wallpaper zooming effects on interraction -->
    <string name="wallpaper_zoom_effect_title">Wallpaper zoom effek</string>
    <!-- Display Settings: Subtitle of the setting which toggles wallpaper zooming effects on interraction -->
    <string name="wallpaper_zoom_effect_summary">Zoem die muurpapier in om uitzoom-diepte-animasie te wys. Agtergronde kan kwaliteit afname ondervind</string>
    <!-- Squiggle animation -->
    <string name="show_squiggle_animation_title">Wys squiggle-animasie</string>
    <string name="show_squiggle_animation_summary">Wys mediapaneel kronkel-animasie\nNa verandering moet jy musiek verander, musiek onderbreek of die vorderingsbalk skuif om toe te pas</string>
    <!-- Ambient battery bar settings -->
    <string name="ambient_ui">Ambient/Altyd op vertoon</string>
    <string name="ambient_battery_settings_title">Batterybalk</string>
    <string name="ambient_battery_settings_summary">Vertoon \'n batterybalk op die omringende skerm</string>
    <string name="keyguard_show_battery_title">Batterybalk tydens laai</string>
    <string name="keyguard_show_battery_summary">Wys \'n batterybalk op die omringende skerm wanneer dit laai</string>
    <string name="keyguard_show_battery_always_title">Wys altyd batterybalk</string>
    <string name="keyguard_show_battery_always_summary">Wys altyd \'n batterybalk op die omringende skerm</string>
    <!-- Pulse Gravity and mirror options -->
    <string name="pulse_custom_gravity_title">Swaartekrag</string>
    <string name="pulse_custom_gravity_bottom">Onderkant</string>
    <string name="pulse_custom_gravity_top">Top</string>
    <string name="pulse_custom_gravity_center">Sentrum</string>
    <string name="visualizer_center_mirrored_title">Sentrumspieël</string>
    <string name="visualizer_center_mirrored_summary">Stel die visualiseerder in die middelspieëlmodus</string>
    <string name="pulse_vertical_mirror_title">Vertikale spieël</string>
    <string name="pulse_vertical_mirror_summary">Skep ander polsslag en draai vertikaal</string>
    <!-- Ripple Effect on lockscreen -->
    <string name="disable_fingerprint_ripple_effect_title">Deaktiveer rimpeleffek</string>
    <string name="disable_fingerprint_ripple_effect_summary">Deaktiveer rimpeleffek tydens ontsluiting</string>
    <!-- Charging animation -->
    <string name="charging_animation_title">Laai animasie</string>
    <string name="charging_animation_summary">Vertoon \'n animasie wanneer die toestel ingeprop is</string>
    <!-- Statusbar Clock background chip -->
    <string name="statusbar_clock_chip_title">Agtergrondskyfie</string>
    <string name="statusbar_clock_chip_summary">Vertoon aksentskyfie agter die klok</string>
    <!-- Hide statusbar on lockscreen -->
    <string name="lockscreen_hide_status_bar_title">Versteek statusbalk</string>
    <string name="lockscreen_hide_status_bar_summary">Wanneer dit geaktiveer is, sal die statusbalk op die sluitskerm versteek word</string>
    <!-- Android P animation style -->
    <string name="pie_animation_style_title">Android P animasie styl</string>
    <string name="pie_animation_style_summary">Aktiveer Android P \"Default\"-animasies</string>
    <!-- Parallel space -->
    <string name="laboratory_parallel_space_title">Parallelle ruimte</string>
    <string name="laboratory_parallel_space_summary">Laat toe dat veelvuldige gevalle van dieselfde toepassing parallel uitgevoer word</string>
</resources>
