<?xml version="1.0" encoding="utf-8"?>
<!--  Copyright (C) 2014-2016 The Dirty Unicorns Project
      Copyright (C) 2016 AospExtended ROM Project
      Copyright (C) 2022 DerpFest

  This program is free software: you can redistribute it and/or modify
  it under the terms of the GNU General Public License as published by
  the Free Software Foundation, either version 3 of the License, or
  (at your option) any later version.

  This program is distributed in the hope that it will be useful,
  but WITHOUT ANY WARRANTY; without even the implied warranty of
  MERCHANTABILITY or FITNESS FOR A PARTICULAR PURPOSE.  See the
  GNU General Public License for more details.

  You should have received a copy of the GNU General Public License
  along with this program.  If not, see <http://www.gnu.org/licenses/>.
 -->
<resources xmlns:xliff="urn:oasis:names:tc:xliff:document:1.2">
    <!-- General app strings -->
    <string name="add">Додати</string>
    <string name="advanced">Напредно</string>
    <string name="cancel">Поништити, отказати</string>
    <string name="default_text">Уобичајено</string>
    <string name="dlg_ok">У реду</string>
    <string name="attention">Пажња</string>
    <string name="loading">Учитавање\u2026</string>
    <string name="reset">Ресетовати</string>
    <string name="reset_colors">Ресетујте боје</string>
    <string name="reset_android">Андроид</string>
    <string name="text_title">Текст</string>
    <string name="icon_title">Икона</string>
    <string name="color_title">Боја</string>
    <string name="colors_title">Боје</string>
    <!-- DerpSpace categories -->
    <string name="icons_category">Иконе</string>
    <string name="status_bar_category">Статусна трака</string>
    <string name="notifications_panel_category">КС панел</string>
    <string name="system_category">Систем</string>
    <string name="lockscreen_category">Закључавање екрана</string>
    <string name="udfps_category">Отисак прста испод екрана</string>
    <string name="listview">ЛистВиев</string>
    <!-- Frags -->
    <!-- General Tweaks -->
    <string name="general_tweaks_title">Општа подешавања</string>
    <!-- Lockscreen UI -->
    <string name="lockscreen_ui_title">Лоцксцреен УИ</string>
    <!-- Lockscreen general category -->
    <string name="general_category">Генерал</string>
    <!-- Lockscreen charging category -->
    <string name="charging_category">Пуњење</string>
    <!-- Quicksettings media category -->
    <string name="media_category">Медиа плаиер</string>
    <!-- Network Traffic -->
    <string name="traffic_title">Траффиц Индицаторс</string>
    <!-- Misc DerpSpace -->
    <string name="misc_derpspace_title">Остало</string>
    <!-- Notifications -->
    <string name="notifications_title">Обавештења</string>
    <!-- Quick Settings -->
    <string name="quick_settings_title">Брза подешавања</string>
    <!-- Status bar clock and date options -->
    <string name="status_bar_clock_title">Сат &amp; Подешавања датума</string>
    <!-- Quick Settings brightness slider -->
    <string name="qs_brightness_slider_category">Клизач за осветљеност</string>
    <!-- Quick Settings footer category -->
    <string name="footer_category">Подножје</string>
    <!-- Statusbar Iten -->
    <string name="statusbar_items_category">Ставке статусне траке</string>
    <!-- Customisation -->
    <string name="customisation_title">Подешавање</string>
    <!-- Battery -->
    <string name="battery_title">Батерија</string>
    <!-- Battery Settings -->
    <string name="battery_settings_title">Подешавања батерије</string>
    <!-- Battery Styles -->
    <string name="battery_style_category_title">Стилови батерија</string>
    <string name="battery_percent_title">Проценат батерије</string>
    <!-- App info dialog -->
    <string name="derpspace_dialog_title">Помозите нам да вам помогнемо!</string>
    <string name="derpspace_dialog_message">Ако пронађете грешку са било којим од ових подешавања, пријавите је у нашој Телеграм групи. МОРАТЕ да укључите следеће када постављате извештај о грешци:\n\n1. Логцат или ласт_кмсг\n2. Коришћени кернел и модови\n3. Корисне информације\n\nАко не успете да пријавите нешто адекватно, НЕМОЈТЕ очекивати да ће ствари бити поправљене.</string>
    <string name="derpspace_dialog_toast">ПРОЧИТАЈТЕ ЦЕЛУ!</string>
    <string name="artwork_media_fade_level_summary">Блеђење слике медијског уметничког дела</string>
    <!-- QuickSettings haptic feedback -->
    <string name="qs_tile_vibration_title">Вибрације</string>
    <string name="quick_settings_vibrate_title">Вибрирајте на додир</string>
    <string name="quick_settings_vibrate_summary">Вибрирајте када додирнете КС плочице</string>
    <string name="quick_settings_vibrate_duration_title">Трајање вибрације</string>
    <string name="quick_settings_vibrate_duration_summary">Колико милисекунди да вибрира</string>
    <!-- Tiles animation style  -->
    <string name="qs_tile_animation_title">Анимације</string>
    <string name="qs_tile_animation_style_title">Стил анимације</string>
    <string name="qs_tile_animation_duration_title">Трајање анимације</string>
    <string name="qs_tile_animation_interpolator_title">Интерполатор анимације плочица</string>
    <string name="qs_tile_animation_style_off">Нема анимације</string>
    <string name="qs_tile_animation_style_flip">Флип</string>
    <string name="qs_tile_animation_style_rotate">Ротирај</string>
    <string name="qs_tile_animation_duration_low">Ниско</string>
    <string name="qs_tile_animation_duration_default">Уобичајено</string>
    <string name="qs_tile_animation_duration_fast">Фаст</string>
    <string name="qs_tile_animation_interpolator_linearInterpolator">Линеар</string>
    <string name="qs_tile_animation_interpolator_accelerateInterpolator">Убрзати</string>
    <string name="qs_tile_animation_interpolator_decelerateInterpolator">Успорите</string>
    <string name="qs_tile_animation_interpolator_accelerateDecelerateInterpolator">Убрзати успорити</string>
    <string name="qs_tile_animation_interpolator_bounceInterpolator">Боунце</string>
    <string name="qs_tile_animation_interpolator_overshootInterpolator">Оверсхоот</string>
    <string name="qs_tile_animation_interpolator_anticipateInterpolator">Очекивати</string>
    <string name="qs_tile_animation_interpolator_anticipateOvershootInterpolator">Предвидите прекорачење</string>
    <string name="qs_set_animation_style">%1$s</string>
    <string name="qs_set_animation_duration">%1$s</string>
    <string name="qs_set_animation_interpolator">%1$s</string>
    <!-- 4G icon -->
    <string name="show_fourg_icon_title">4Г икона</string>
    <string name="show_fourg_icon_summary">Прикажи 4Г икону у икони сигнала уместо ЛТЕ</string>
    <!-- Data disabled icon -->
    <string name="data_disabled_icon_title">Прикажи икону онемогућених података</string>
    <string name="data_disabled_icon_summary">Прикажите крстић поред сигналне траке када су подаци онемогућени</string>
    <!-- QS footer warnings -->
    <string name="qs_footer_warnings_title">КС упозорења у подножју</string>
    <string name="qs_footer_warnings_summary">Прикажите упозорење на дну КС панела када мрежу надгледају спољне апликације или впн</string>
    <!-- Old mobile type icons -->
    <string name="use_old_mobiletype_title">Мала икона мобилног типа</string>
    <string name="use_old_mobiletype_summary">Прикажи икону мобилног типа на врху индикатора сигнала</string>
    <!-- Lockscreen battery info indicator  -->
    <string name="lockscreen_battery_info_title">Информације о пуњењу закључаног екрана</string>
    <string name="lockscreen_battery_info_summary">Прикажите струју пуњења, напон, снагу и температуру батерије на закључаном екрану током пуњења</string>
    <!-- Tiles on secure keyguard -->
    <string name="use_tiles_on_secure_keyguard_title">Захтевајте откључавање да бисте користили осетљиве плочице</string>
    <string name="use_tiles_on_secure_keyguard_summary">Затражите откључавање екрана за закључавање када користите осетљиве плочице</string>
    <!-- QS footer text -->
    <string name="qs_footer_text_show_title">Прикажи КС текст подножја</string>
    <string name="qs_footer_text_string_title">Прилагодите текст подножја</string>
    <string name="qs_footer_text_string_summary">Поставите на празно за подразумевани #СтаиДерпед</string>
    <!-- Notifications general category -->
    <string name="notifications_general_category_title">Генерал</string>
    <!-- Notification count -->
    <string name="status_bar_notif_count_title">Број обавештења</string>
    <string name="status_bar_notif_count_summary">Прикажите број обавештења на чекању</string>
    <!-- Units -->
    <string name="unit_seconds">с</string>
    <string name="unit_milliseconds">Госпођа</string>
    <string name="unit_pixels">дп</string>
    <!-- [CHAR_LIMIT=NONE] Developer Settings: Title of the settings category for theme overlays. -->
    <string name="theme_customization_category">Тхеминг</string>
    <!-- [CHAR_LIMIT=NONE] Developer Settings: Title of the setting which enables overlays to customize headline and body fonts. -->
    <string name="theme_customization_font_title">Фонт наслова/тела</string>
    <string name="theme_customization_font_summary">Подесите системски стил фонта</string>
    <!-- [CHAR_LIMIT=NONE] Developer Settings: Title of the setting which enables overlays to customize the adaptive icon shape (e.g. launcher and quick settings icons). -->
    <string name="theme_customization_icon_shape_title">Облик иконе</string>
    <string name="theme_customization_icon_shape_summary">Подесите стил облика системске иконе</string>
    <!-- [CHAR_LIMIT=NONE] Developer Settings: Title of the setting which enables overlays to customize the system wide icon pack. -->
    <string name="theme_customization_icon_pack_title">Пакет икона</string>
    <string name="theme_customization_icon_pack_summary">Подесите прилагођени стил пакета икона</string>
    <!-- [CHAR_LIMIT=NONE] Developer Settings: Label for the option that turns off customizations for a given category.-->
    <string name="theme_customization_device_default">Подразумевано за уређај</string>
    <!-- Custom Wi-Fi bar icons -->
    <string name="theme_customization_wifi_icon_title">Вифи икона</string>
    <string name="theme_customization_wifi_icon_summary">Подесите стил иконе Ви-Фи</string>
    <!-- Custom Signal bar icons -->
    <string name="theme_customization_signal_icon_title">Сигналне иконе</string>
    <string name="theme_customization_signal_icon_summary">Подесите стил икона сигнала</string>
    <!-- Black theme -->
    <string name="system_black_theme_title">Користите црну тему</string>
    <string name="system_black_theme_summary">Присилите црне боје позадине</string>
    <!-- UI styles -->
    <string name="theme_customization_ui_style_title">УИ Стиле</string>
    <string name="theme_customization_ui_style_summary">Подесите прилагођени стил за свој интерфејс</string>
    <!-- Applications fragment -->
    <string name="search">Претрага</string>
    <string name="search_apps">Претражите апликације</string>
    <!-- reTicker -->
    <string name="reticker_title">реТицкер</string>
    <string name="reticker_summary">Замените своја обавештења редизајнираном верзијом тикера. \nТанак и мање инвазиван од стандардног обавештења</string>
    <string name="reticker_colored_title">Користите позадину у боји апликације</string>
    <string name="reticker_colored_summary">Замените боју позадине реТицкер користећи главну боју апликације за обавештења</string>
    <string name="reticker_landscape_only_title">Само пејзаж</string>
    <string name="reticker_landscape_only_summary">Омогућите реТицкер само када је уређај у пејзажном режиму</string>
    <!-- Network traffic -->
    <string name="network_traffic_title">Индикатор мрежног саобраћаја</string>
    <string name="network_traffic_summary">Омогућите или онемогућите индикатор брзине мреже у статусној траци</string>
    <string name="network_traffic_state_title">Омогућите „Индикатор мрежног саобраћаја“</string>
    <string name="network_options_title">Опције</string>
    <string name="network_traffic_autohide_title">Сакриј индикатор мрежног саобраћаја када је неактиван</string>
    <string name="network_traffic_autohide_summary">Сакриј када је мрежни саобраћај испод 1 КБ/с</string>
    <!-- Media art -->
    <string name="lockscreen_media_art_options_title">Насловна слика медија</string>
    <string name="media_art_title">Насловна слика медија</string>
    <string name="media_art_summary">Прикажите насловну слику медија када је доступна</string>
    <!-- Lock screen cover art -->
    <string name="lockscreen_media_blur_title">Ниво замућења медијске уметности</string>
    <!-- Clock position -->
    <string name="status_bar_clock_position_center">Центар</string>
    <string name="status_bar_clock_position_left">Лево</string>
    <string name="status_bar_clock_position_right">Јел тако</string>
    <string name="status_bar_clock_position_title">Положај сата</string>
    <!-- Clock AM/PM -->
    <string name="status_bar_am_pm_hidden">Сакривен</string>
    <string name="status_bar_am_pm_normal">Нормално</string>
    <string name="status_bar_am_pm_small">Мала</string>
    <string name="status_bar_am_pm_title">Сат АМ/ПМ стил</string>
    <string name="status_bar_am_pm_unavailable">24-часовни сат је омогућен</string>
    <!-- Clock show seconds -->
    <string name="status_bar_clock_show_seconds_title">Сат приказује секунде</string>
    <string name="status_bar_clock_show_seconds_desc">Прикажи сате, минуте и секунде</string>
    <!-- Battery style and percentage -->
    <string name="status_bar_battery_style_circle">Цирцле</string>
    <string name="status_bar_battery_style_icon_portrait">Икона портрет</string>
    <string name="status_bar_battery_style_text">Текст</string>
    <string name="status_bar_battery_style_title">Стил статуса батерије</string>
    <string name="status_bar_battery_percentage_hidden">Сакривен</string>
    <string name="status_bar_battery_percentage_text_inside">Унутар иконе</string>
    <string name="status_bar_battery_percentage_text_next">Поред иконе</string>
    <string name="status_bar_battery_percentage_title">Проценат батерије</string>
    <!-- Brightness slider -->
    <string name="qqs_show_brightness_title">Прикажи клизач за осветљеност у Куицк КС панелу</string>
    <string name="brightness_slider_position_title">Положај клизача за осветљење</string>
    <string name="top">Врх</string>
    <string name="bottom">Дно</string>
    <string name="show_auto_brightness_button_title">Прикажи дугме за аутоматско осветљење</string>
    <!-- Pulse -->
    <string name="ambient_light_category">Осветљење ивица</string>
    <string name="keywords_pulse_ambient_light_display">обавештење, обавештења, ивица, светло, боја, боја</string>
    <string name="pulse_ambient_light_text">Осветљење ивица чини да ваш екран светли када примите обавештење. Ово олакшава одређивање када добијете пулс док је телефон у режиму спавања.</string>
    <string name="pulse_ambient_light_enable">Користите Едге осветљење</string>
    <string name="pulse_ambient_light_title">Осветљење ивица</string>
    <string name="pulse_ambient_light_summary">Осветлите бочне ивице екрана на пулсу обавештења</string>
    <string name="ambient_notification_light_accent_title">Боја системског акцента</string>
    <string name="ambient_notification_light_color_automatic_title">Боја обавештења</string>
    <string name="pulse_ambient_light_color">Када пулсира, користите</string>
    <!-- QS tiles layout -->
    <string name="qs_tile_layout_title">КС распоред плочица</string>
    <string name="qs_tile_layout_summary">Прилагодите изглед плочица у КС панелу</string>
    <string name="qs_tiles_layout_category">Распоред плочица</string>
    <string name="qs_rows_portrait_title">Редови (портрет)</string>
    <string name="qqs_rows_portrait_title">Редови (Брзи КС портрет)</string>
    <string name="qs_columns_portrait_title">Колоне (портрет)</string>
    <string name="qs_apply_change_button_title">Примени промену</string>
    <string name="qs_apply_change_failed">Примена промене није успела</string>
    <string name="qs_tile_hide_label_title">Сакриј ознаке</string>
    <string name="qs_tile_hide_label_summary">Прикажи само икону за КС плочице</string>
    <string name="qs_tile_vertical_layout_title">Вертикални распоред</string>
    <string name="qs_tile_vertical_layout_summary">Омогући вертикални распоред за КС плочице</string>
    <!-- Statusbar lyric -->
    <string name="status_bar_lyric_title">Текст траке статуса</string>
    <string name="status_bar_lyric_summary">Прикажи текст на статусној траци (потребна је подршка за апликацију)</string>
    <string name="status_bar_show_lyric_title">Омогући текст у статусној траци</string>
    <!-- Statusbar logo -->
    <string name="status_bar_logo_category_title">Лого</string>
    <string name="status_bar_logo_title">Лого</string>
    <string name="status_bar_logo_summary">Омогућите приказ логотипа на статусној траци</string>
    <string name="status_bar_logo_position_title">Положај</string>
    <string name="status_bar_logo_position_summary">Изаберите на којој страни желите да прикажете лого, лево или десно</string>
    <string name="status_bar_logo_position_right">Јел тако</string>
    <string name="status_bar_logo_position_left">Лево</string>
    <string name="status_bar_logo_style_title">Стиле</string>
    <string name="status_bar_logo_style_derp">ДерпФест</string>
    <string name="status_bar_logo_style_derp_alt">ДерпФест троугао</string>
    <string name="status_bar_logo_style_adidas">Адидас</string>
    <string name="status_bar_logo_style_airjordan">Аир Јордан</string>
    <string name="status_bar_logo_style_apple">Аппле</string>
    <string name="status_bar_logo_style_avengers">Осветници</string>
    <string name="status_bar_logo_style_batman">Батман</string>
    <string name="status_bar_logo_style_batman_tdk">Батман Мрачни витез</string>
    <string name="status_bar_logo_style_beats">Беатс</string>
    <string name="status_bar_logo_style_biohazard">Биохазард</string>
    <string name="status_bar_logo_style_blackberry">Купина</string>
    <string name="status_bar_logo_style_cannabis">канабис</string>
    <string name="status_bar_logo_style_fire">Ватра</string>
    <string name="status_bar_logo_style_nike">Нике</string>
    <string name="status_bar_logo_style_pac_man">Пац-Ман</string>
    <string name="status_bar_logo_style_puma">Пума</string>
    <string name="status_bar_logo_style_rog">РОГ</string>
    <string name="status_bar_logo_style_superman">Супермен</string>
    <string name="status_bar_logo_style_windows">Виндовс</string>
    <string name="status_bar_logo_style_xbox">КСБОКС</string>
    <!-- Pulse music visualizer -->
    <string name="pulse_help_policy_notice_title">О Пулсу</string>
    <string name="pulse_help_policy_notice_summary">Пулсе је сјајан аудио визуализатор када се музика репродукује на уређају</string>
    <string name="pulse_settings">Пулс</string>
    <string name="pulse_settings_summary">Аудио визуализатор за траку за навигацију, закључани екран и амбијентални екран</string>
    <string name="show_navbar_pulse_title">Навбар Пулсе</string>
    <string name="show_navbar_pulse_summary">Аудио визуализатор на траци за навигацију</string>
    <string name="show_lockscreen_pulse_title">Лоцксцреен Пулсе</string>
    <string name="show_lockscreen_pulse_summary">Аудио визуализатор на закључаном екрану</string>
    <string name="show_ambient_pulse_title">Амбиент Пулсе</string>
    <string name="show_ambient_pulse_summary">Аудио визуализатор на амбијенталном екрану</string>
    <string name="pulse_render_mode_title">Рендер моде</string>
    <string name="pulse_render_mode_fading_bars">Бледећи блокови</string>
    <string name="pulse_render_mode_solid_lines">Пуне линије</string>
    <string name="pulse_legacy_mode_advanced_category">Фадинг блокира подешавања режима</string>
    <string name="pulse_custom_fudge_factor">Ниво разума</string>
    <string name="pulse_lavalamp_speed_title">Брзина лава лампе</string>
    <string name="pulse_solid_units_count">Бројне се пуне линије</string>
    <string name="pulse_solid_units_opacity">Прозирност пуних линија</string>
    <string name="pulse_solid_dimen_category">Подешавања режима пуне линије</string>
    <string name="pulse_color_mode_title">Боја</string>
    <string name="pulse_color_accent">Акценат</string>
    <string name="pulse_color_custom">Обичај</string>
    <string name="pulse_color_lava_lamp">Лава лампа</string>
    <string name="pulse_color_auto">Албум</string>
    <string name="pulse_color_user_title">Изаберите боју</string>
    <string name="pulse_smoothing_enabled_title">Укључите заглађивање</string>
    <string name="pulse_smoothing_enabled_summary">Свака трака је глаткија анимирана</string>
    <string name="pulse_custom_dimen">Ширина шипке</string>
    <string name="pulse_custom_div">Размак између шипки</string>
    <string name="pulse_filled_block_size">Величина блока</string>
    <string name="pulse_empty_block_size">Размак између блокова</string>
    <string name="pulse_solid_units_rounded_title">Пуне линије заобљене</string>
    <string name="pulse_solid_units_rounded_summary">Заокружите пуне линије</string>
    <!-- Udfps animations -->
    <string name="udfps_recog_animation">Користите УДФПС анимацију</string>
    <string name="udfps_recog_animation_summary">Приказује анимацију док читате ваш прст</string>
    <string name="udfps_recog_animation_effect_title">УДФПС прилагођена анимација</string>
    <string name="udfps_recog_animation_effect_summary">Изаберите ефекат анимације</string>
    <!-- Udfps icon picker -->
    <string name="udfps_icon_picker_title">Бирач икона УДФПС</string>
    <string name="udfps_icon_picker_summary">Одаберите своју омиљену икону отиска прста</string>
    <!-- Lockscreen charge temperature unit -->
    <string name="lockscreen_charge_temp_unit_title">Јединица за температуру</string>
    <string name="lockscreen_charge_temp_unit_farhenheit">Фаренхајта</string>
    <string name="lockscreen_charge_temp_unit_celsius">Целзијус</string>
    <!-- Material dismiss all button for notifications -->
    <string name="notification_material_dismiss_title">Дугме за брисање свих обавештења</string>
    <string name="notification_material_dismiss_summary">Замените брисање свих текстова обавештења плутајућим дугметом у стилу материјала</string>
    <string name="notification_material_dismiss_style_title">Стил дугмета</string>
    <string name="notification_material_dismiss_bgstyle_title">Позадина дугмета</string>
    <!-- Bluetooth status -->
    <string name="bluetooth_battery_title">статус Блуетоотх батерије</string>
    <string name="bluetooth_battery_summary">Прикажите статус батерије за повезани блуетоотх уређај, ако је доступан</string>
    <!-- Clock auto hide -->
    <string name="status_bar_clock_auto_hide_title">Аутоматско сакривање</string>
    <string name="status_bar_clock_auto_hide_summary">Сакријте сат ако је покретач видљив</string>
    <!-- Display Settings: Title of the setting which toggles wallpaper zooming effects on interraction -->
    <string name="wallpaper_zoom_effect_title">Ефекат зумирања позадине</string>
    <!-- Display Settings: Subtitle of the setting which toggles wallpaper zooming effects on interraction -->
    <string name="wallpaper_zoom_effect_summary">Зумирајте позадину да бисте приказали анимацију дубине умањивања. Позадине могу да претрпе пад квалитета</string>
    <!-- Squiggle animation -->
    <string name="show_squiggle_animation_title">Прикажите анимацију сквигле</string>
    <string name="show_squiggle_animation_summary">Прикажи анимацију на медијском панелу\nНакон промене треба да промените музику, паузирате музику или померите траку напретка да бисте применили</string>
    <!-- Ambient battery bar settings -->
    <string name="ambient_ui">Амбијент / Увек на екрану</string>
    <string name="ambient_battery_settings_title">Трака за батерије</string>
    <string name="ambient_battery_settings_summary">Прикажите траку батерије на амбијенталном дисплеју</string>
    <string name="keyguard_show_battery_title">Трака батерије при пуњењу</string>
    <string name="keyguard_show_battery_summary">Прикажите траку батерије на амбијенталном дисплеју током пуњења</string>
    <string name="keyguard_show_battery_always_title">Увек прикажи траку батерије</string>
    <string name="keyguard_show_battery_always_summary">Увек прикажите траку батерије на амбијенталном дисплеју</string>
    <!-- Pulse Gravity and mirror options -->
    <string name="pulse_custom_gravity_title">Гравитација</string>
    <string name="pulse_custom_gravity_bottom">Дно</string>
    <string name="pulse_custom_gravity_top">Врх</string>
    <string name="pulse_custom_gravity_center">Центар</string>
    <string name="visualizer_center_mirrored_title">Централно огледало</string>
    <string name="visualizer_center_mirrored_summary">Поставите визуелизатор у режим централног огледала</string>
    <string name="pulse_vertical_mirror_title">Вертицал Миррор</string>
    <string name="pulse_vertical_mirror_summary">Направите други пулс и окрените вертикално</string>
    <!-- Ripple Effect on lockscreen -->
    <string name="disable_fingerprint_ripple_effect_title">Онемогућите ефекат таласања</string>
    <string name="disable_fingerprint_ripple_effect_summary">Онемогућите ефекат таласања при откључавању</string>
    <!-- Charging animation -->
    <string name="charging_animation_title">Анимација пуњења</string>
    <string name="charging_animation_summary">Прикажите анимацију када је уређај прикључен</string>
    <!-- Statusbar Clock background chip -->
    <string name="statusbar_clock_chip_title">Позадински чип</string>
    <string name="statusbar_clock_chip_summary">Приказ наглашеног чипа иза сата</string>
    <!-- Hide statusbar on lockscreen -->
    <string name="lockscreen_hide_status_bar_title">Сакриј статусну траку</string>
    <string name="lockscreen_hide_status_bar_summary">Када је омогућено, статусна трака ће бити скривена на закључаном екрану</string>
    <!-- Android P animation style -->
    <string name="pie_animation_style_title">Андроид П стил анимације</string>
    <string name="pie_animation_style_summary">Омогућите Андроид П „подразумеване“ анимације</string>
    <!-- Parallel space -->
    <string name="laboratory_parallel_space_title">Паралелни простор</string>
    <string name="laboratory_parallel_space_summary">Дозволите паралелно покретање више инстанци исте апликације</string>
</resources>
