<?xml version="1.0" encoding="utf-8"?>
<!--  Copyright (C) 2014-2016 The Dirty Unicorns Project
      Copyright (C) 2016 AospExtended ROM Project
      Copyright (C) 2022 DerpFest

  This program is free software: you can redistribute it and/or modify
  it under the terms of the GNU General Public License as published by
  the Free Software Foundation, either version 3 of the License, or
  (at your option) any later version.

  This program is distributed in the hope that it will be useful,
  but WITHOUT ANY WARRANTY; without even the implied warranty of
  MERCHANTABILITY or FITNESS FOR A PARTICULAR PURPOSE.  See the
  GNU General Public License for more details.

  You should have received a copy of the GNU General Public License
  along with this program.  If not, see <http://www.gnu.org/licenses/>.
 -->
<resources xmlns:xliff="urn:oasis:names:tc:xliff:document:1.2">
    <!-- General app strings -->
    <string name="add">Legg til</string>
    <string name="advanced">Avansert</string>
    <string name="cancel">Avbryt</string>
    <string name="default_text">Standard</string>
    <string name="dlg_ok">Ok</string>
    <string name="attention">Merk</string>
    <string name="loading">Laster\u2026</string>
    <string name="reset">Reset</string>
    <string name="reset_colors">Tilbakestill farger</string>
    <string name="reset_android">Android</string>
    <string name="text_title">Tekst</string>
    <string name="icon_title">Ikon</string>
    <string name="color_title">Farge</string>
    <string name="colors_title">Farger</string>
    <!-- DerpSpace categories -->
    <string name="icons_category">Ikoner</string>
    <string name="status_bar_category">Statuslinje</string>
    <string name="notifications_panel_category">Panelet QS</string>
    <string name="system_category">Systemadministrasjon</string>
    <string name="lockscreen_category">Låseskjerm</string>
    <string name="udfps_category">Undervisning fingeravtrykk</string>
    <string name="listview">Listevisning</string>
    <!-- Frags -->
    <!-- General Tweaks -->
    <string name="general_tweaks_title">Generelle innstillinger</string>
    <!-- Lockscreen UI -->
    <string name="lockscreen_ui_title">Låseskjerm UI</string>
    <!-- Lockscreen general category -->
    <string name="general_category">Generelt</string>
    <!-- Lockscreen charging category -->
    <string name="charging_category">Lader</string>
    <!-- Quicksettings media category -->
    <string name="media_category">Media-spiller (Automatic Translation)</string>
    <!-- Network Traffic -->
    <string name="traffic_title">Trafikkindikatorer</string>
    <!-- Misc DerpSpace -->
    <string name="misc_derpspace_title">Diverse</string>
    <!-- Notifications -->
    <string name="notifications_title">Varsler</string>
    <!-- Quick Settings -->
    <string name="quick_settings_title">Hurtiginnstillinger</string>
    <!-- Status bar clock and date options -->
    <string name="status_bar_clock_title">Klokke- &amp; Dato innstillinger</string>
    <!-- Quick Settings brightness slider -->
    <string name="qs_brightness_slider_category">Lysstyrke glidebryter</string>
    <!-- Quick Settings footer category -->
    <string name="footer_category">Bunntekst</string>
    <!-- Statusbar Iten -->
    <string name="statusbar_items_category">Statusbar elementer</string>
    <!-- Customisation -->
    <string name="customisation_title">Tilpasning</string>
    <!-- Battery -->
    <string name="battery_title">Batteri</string>
    <!-- Battery Settings -->
    <string name="battery_settings_title">Batteri innstillinger</string>
    <!-- Battery Styles -->
    <string name="battery_style_category_title">Batteri stiler</string>
    <string name="battery_percent_title">Prosent batterinivå</string>
    <!-- App info dialog -->
    <string name="derpspace_dialog_title">Hjelp oss med deg!</string>
    <string name="derpspace_dialog_message">Hvis du finner en feil med noen av disse innstillingene, rapporter det i vår Telegram-gruppe. Du MÅ gjerne inneholde følgende når du poster på en feilrapport:\n\n1. En logcat eller last_kmsg\n2. Kjerne og mods brukte\n3. Nyttig informasjon\n\nHvis du ikke rapporterer noe tilstrekkelig, forventer IKKE at ting blir fikset.</string>
    <string name="derpspace_dialog_toast">LES DET HVA SOM DEG!</string>
    <string name="artwork_media_fade_level_summary">Fading the media artwork image</string>
    <!-- QuickSettings haptic feedback -->
    <string name="qs_tile_vibration_title">Vibrasjon</string>
    <string name="quick_settings_vibrate_title">Vibrer ved berøring</string>
    <string name="quick_settings_vibrate_summary">Vibrer ved berøring av QS-fliser</string>
    <string name="quick_settings_vibrate_duration_title">Vibrasjon varighet</string>
    <string name="quick_settings_vibrate_duration_summary">Hvor mange millisekunder vibrerer</string>
    <!-- Tiles animation style  -->
    <string name="qs_tile_animation_title">Animasjoner</string>
    <string name="qs_tile_animation_style_title">Animasjons stil</string>
    <string name="qs_tile_animation_duration_title">Animasjon varighet</string>
    <string name="qs_tile_animation_interpolator_title">Fliser animasjon interpolator</string>
    <string name="qs_tile_animation_style_off">Ingen animasjon</string>
    <string name="qs_tile_animation_style_flip">Vend</string>
    <string name="qs_tile_animation_style_rotate">Roter</string>
    <string name="qs_tile_animation_duration_low">Lav</string>
    <string name="qs_tile_animation_duration_default">Standard</string>
    <string name="qs_tile_animation_duration_fast">Rask</string>
    <string name="qs_tile_animation_interpolator_linearInterpolator">Lineær</string>
    <string name="qs_tile_animation_interpolator_accelerateInterpolator">Akselerere</string>
    <string name="qs_tile_animation_interpolator_decelerateInterpolator">Brems</string>
    <string name="qs_tile_animation_interpolator_accelerateDecelerateInterpolator">Akselerere brems</string>
    <string name="qs_tile_animation_interpolator_bounceInterpolator">Avvis</string>
    <string name="qs_tile_animation_interpolator_overshootInterpolator">Overskyt</string>
    <string name="qs_tile_animation_interpolator_anticipateInterpolator">Forventet</string>
    <string name="qs_tile_animation_interpolator_anticipateOvershootInterpolator">Forventet overskot</string>
    <string name="qs_set_animation_style">%1$s</string>
    <string name="qs_set_animation_duration">%1$s</string>
    <string name="qs_set_animation_interpolator">%1$s</string>
    <!-- 4G icon -->
    <string name="show_fourg_icon_title">4G ikon</string>
    <string name="show_fourg_icon_summary">Vis 4G-ikonet i signalikonet i stedet for LTE</string>
    <!-- Data disabled icon -->
    <string name="data_disabled_icon_title">Vis data deaktivert ikon</string>
    <string name="data_disabled_icon_summary">Vis kryssskilt ved siden av signallinjen når data er deaktivert</string>
    <!-- QS footer warnings -->
    <string name="qs_footer_warnings_title">QS bunntekst advarsler</string>
    <string name="qs_footer_warnings_summary">Vis en advarsel nederst i QS-panelet når nettverket overvåkes av eksterne apper eller vpn</string>
    <!-- Old mobile type icons -->
    <string name="use_old_mobiletype_title">Lite mobiltype ikon</string>
    <string name="use_old_mobiletype_summary">Vis mobiltype-ikonet øverst på signalindikatoren</string>
    <!-- Lockscreen battery info indicator  -->
    <string name="lockscreen_battery_info_title">Lader informasjon om låseskjerm</string>
    <string name="lockscreen_battery_info_summary">Vis ladestrøm, spenning, wattforbruk og batteri temperatur på låseskjermen under lading</string>
    <!-- Tiles on secure keyguard -->
    <string name="use_tiles_on_secure_keyguard_title">Krev opplåsing av følsomme fliser</string>
    <string name="use_tiles_on_secure_keyguard_summary">Be om å låse opp låseskjermen når du bruker sensitive fliser</string>
    <!-- QS footer text -->
    <string name="qs_footer_text_show_title">Vis QS bunntekst</string>
    <string name="qs_footer_text_string_title">Tilpass bunntekst</string>
    <string name="qs_footer_text_string_summary">Sett som tom for standard #StayDerped</string>
    <!-- Notifications general category -->
    <string name="notifications_general_category_title">Generelt</string>
    <!-- Notification count -->
    <string name="status_bar_notif_count_title">Antall varsler</string>
    <string name="status_bar_notif_count_summary">Vise antall ventende notifikasjoner</string>
    <!-- Units -->
    <string name="unit_seconds">S</string>
    <string name="unit_milliseconds">ms</string>
    <string name="unit_pixels">dp</string>
    <!-- [CHAR_LIMIT=NONE] Developer Settings: Title of the settings category for theme overlays. -->
    <string name="theme_customization_category">Utseende</string>
    <!-- [CHAR_LIMIT=NONE] Developer Settings: Title of the setting which enables overlays to customize headline and body fonts. -->
    <string name="theme_customization_font_title">Overskrift / Body skrift</string>
    <string name="theme_customization_font_summary">Angi system skriftstil</string>
    <!-- [CHAR_LIMIT=NONE] Developer Settings: Title of the setting which enables overlays to customize the adaptive icon shape (e.g. launcher and quick settings icons). -->
    <string name="theme_customization_icon_shape_title">Endre ikonform</string>
    <string name="theme_customization_icon_shape_summary">Angi system ikon form stil</string>
    <!-- [CHAR_LIMIT=NONE] Developer Settings: Title of the setting which enables overlays to customize the system wide icon pack. -->
    <string name="theme_customization_icon_pack_title">Ikon pakker</string>
    <string name="theme_customization_icon_pack_summary">Angi stil for egendefinert ikon</string>
    <!-- [CHAR_LIMIT=NONE] Developer Settings: Label for the option that turns off customizations for a given category.-->
    <string name="theme_customization_device_default">Standard enhet</string>
    <!-- Custom Wi-Fi bar icons -->
    <string name="theme_customization_wifi_icon_title">WiFi ikon</string>
    <string name="theme_customization_wifi_icon_summary">Angi WiFi ikon stil</string>
    <!-- Custom Signal bar icons -->
    <string name="theme_customization_signal_icon_title">Signalikon</string>
    <string name="theme_customization_signal_icon_summary">Angi stil for signalikoner</string>
    <!-- Black theme -->
    <string name="system_black_theme_title">Bruk svart tema</string>
    <string name="system_black_theme_summary">Tving svarte bakgrunnsfarger</string>
    <!-- UI styles -->
    <string name="theme_customization_ui_style_title">UI stil</string>
    <string name="theme_customization_ui_style_summary">Angi egendefinert stil for ditt grensesnitt</string>
    <!-- Applications fragment -->
    <string name="search">Søk</string>
    <string name="search_apps">Søk etter apper</string>
    <!-- reTicker -->
    <string name="reticker_title">reTicker</string>
    <string name="reticker_summary">Erstatt varslene dine med en redesignet versjon av tickers. \nSlim og mindre invasiv enn et standard varsel</string>
    <string name="reticker_colored_title">Bruk appens fargede bakgrunn</string>
    <string name="reticker_colored_summary">Erstatt reTicker bakgrunnsfarge ved å bruke brukerens hovedfarge for varsling</string>
    <string name="reticker_landscape_only_title">Kun landskap</string>
    <string name="reticker_landscape_only_summary">Aktiver kun omTicker når enheten er i liggende modus</string>
    <!-- Network traffic -->
    <string name="network_traffic_title">Nettverkstrafikkindikator</string>
    <string name="network_traffic_summary">Aktiver eller deaktiver nettverkshastighetsindikator i statuslinjen</string>
    <string name="network_traffic_state_title">Aktiver \"Nettverk trafikkindikator\"</string>
    <string name="network_options_title">Alternativer</string>
    <string name="network_traffic_autohide_title">Skjul nettverkstrafikkindikator når inaktiv</string>
    <string name="network_traffic_autohide_summary">Skjul når nettverkstrafikken er under 1 KB/s</string>
    <!-- Media art -->
    <string name="lockscreen_media_art_options_title">Mediecover kunst</string>
    <string name="media_art_title">Mediecover kunst</string>
    <string name="media_art_summary">Vis media coverbilde når tilgjengelig</string>
    <!-- Lock screen cover art -->
    <string name="lockscreen_media_blur_title">Media kunst uskarphet nivå</string>
    <!-- Clock position -->
    <string name="status_bar_clock_position_center">Midtstilt</string>
    <string name="status_bar_clock_position_left">Venstre</string>
    <string name="status_bar_clock_position_right">Høyre</string>
    <string name="status_bar_clock_position_title">Klokke posisjon</string>
    <!-- Clock AM/PM -->
    <string name="status_bar_am_pm_hidden">Hidden</string>
    <string name="status_bar_am_pm_normal">Vanlig</string>
    <string name="status_bar_am_pm_small">Liten</string>
    <string name="status_bar_am_pm_title">Klokke AM/PM stil</string>
    <string name="status_bar_am_pm_unavailable">24-timers klokke er aktivert</string>
    <!-- Clock show seconds -->
    <string name="status_bar_clock_show_seconds_title">Klokke vis sekunder</string>
    <string name="status_bar_clock_show_seconds_desc">Vis timer, minutter, og sekunder</string>
    <!-- Battery style and percentage -->
    <string name="status_bar_battery_style_circle">Sirkel</string>
    <string name="status_bar_battery_style_icon_portrait">Stående batteriikon</string>
    <string name="status_bar_battery_style_text">Tekst</string>
    <string name="status_bar_battery_style_title">Stil på batteriikon</string>
    <string name="status_bar_battery_percentage_hidden">Hidden</string>
    <string name="status_bar_battery_percentage_text_inside">Inne i ikonet</string>
    <string name="status_bar_battery_percentage_text_next">Ved siden av ikonet</string>
    <string name="status_bar_battery_percentage_title">Batteri prosent</string>
    <!-- Brightness slider -->
    <string name="qqs_show_brightness_title">Vis lysstyrke-dimmer i Quick QS-panelet</string>
    <string name="brightness_slider_position_title">Lysstyrke glidebryter posisjon</string>
    <string name="top">Topp</string>
    <string name="bottom">Bunn</string>
    <string name="show_auto_brightness_button_title">Vis automatisk lysstyrke-knappen</string>
    <!-- Pulse -->
    <string name="ambient_light_category">Belysning av kant</string>
    <string name="keywords_pulse_ambient_light_display">varsel, varsler, kant, lys, farge, farge</string>
    <string name="pulse_ambient_light_text">Ildbelysning gjør skjermen din når du mottar et varsel. Dette gjør det enklere å finne når du får puls mens telefonen er dødelig.</string>
    <string name="pulse_ambient_light_enable">Bruk opplys</string>
    <string name="pulse_ambient_light_title">Belysning av kant</string>
    <string name="pulse_ambient_light_summary">Lys opp sidene på skjermen når du varsler puls</string>
    <string name="ambient_notification_light_accent_title">System aksent-farge</string>
    <string name="ambient_notification_light_color_automatic_title">Farge på melding</string>
    <string name="pulse_ambient_light_color">Bruk når du er pulserer,</string>
    <!-- QS tiles layout -->
    <string name="qs_tile_layout_title">QS fliser layout</string>
    <string name="qs_tile_layout_summary">Tilpass flisene i QS-panel</string>
    <string name="qs_tiles_layout_category">Fliser oppsett</string>
    <string name="qs_rows_portrait_title">Rader (Portrait)</string>
    <string name="qqs_rows_portrait_title">Rader (Quick QS portrett)</string>
    <string name="qs_columns_portrait_title">Kolonner (Høyre)</string>
    <string name="qs_apply_change_button_title">Bruk endringer</string>
    <string name="qs_apply_change_failed">Kunne ikke bruke endring</string>
    <string name="qs_tile_hide_label_title">Skjul etiketter</string>
    <string name="qs_tile_hide_label_summary">Vis bare ikon for QS-fliser</string>
    <string name="qs_tile_vertical_layout_title">Vertikalt oppsett</string>
    <string name="qs_tile_vertical_layout_summary">Aktiver vertikal layout for QS-fliser</string>
    <!-- Statusbar lyric -->
    <string name="status_bar_lyric_title">Statuslinjen lyrisk</string>
    <string name="status_bar_lyric_summary">Vis lyrisk i statuslinjen (trenger app støtte)</string>
    <string name="status_bar_show_lyric_title">Aktiver statuslinjen lyrisk</string>
    <!-- Statusbar logo -->
    <string name="status_bar_logo_category_title">Logo</string>
    <string name="status_bar_logo_title">Logo</string>
    <string name="status_bar_logo_summary">Aktiver visning av logo på statuslinje</string>
    <string name="status_bar_logo_position_title">Posisjon</string>
    <string name="status_bar_logo_position_summary">Velg hvilken side logoen skal vises på, høyre eller venstre</string>
    <string name="status_bar_logo_position_right">Høyre</string>
    <string name="status_bar_logo_position_left">Venstre</string>
    <string name="status_bar_logo_style_title">Stil</string>
    <string name="status_bar_logo_style_derp">DerpFest</string>
    <string name="status_bar_logo_style_derp_alt">Triangel med avgangsfaktorer</string>
    <string name="status_bar_logo_style_adidas">Asdidas</string>
    <string name="status_bar_logo_style_airjordan">Luft Jordan</string>
    <string name="status_bar_logo_style_apple">Eple</string>
    <string name="status_bar_logo_style_avengers">Avsender</string>
    <string name="status_bar_logo_style_batman">Batman</string>
    <string name="status_bar_logo_style_batman_tdk">Batman Den mørke Ridderen</string>
    <string name="status_bar_logo_style_beats">Slag</string>
    <string name="status_bar_logo_style_biohazard">Biorisiko</string>
    <string name="status_bar_logo_style_blackberry">Bjørnebær</string>
    <string name="status_bar_logo_style_cannabis">Kannabis</string>
    <string name="status_bar_logo_style_fire">Ild</string>
    <string name="status_bar_logo_style_nike">Nike</string>
    <string name="status_bar_logo_style_pac_man">Feriemann</string>
    <string name="status_bar_logo_style_puma">Puma</string>
    <string name="status_bar_logo_style_rog">ROG</string>
    <string name="status_bar_logo_style_superman">Supermann</string>
    <string name="status_bar_logo_style_windows">Vinduer</string>
    <string name="status_bar_logo_style_xbox">XBOX</string>
    <!-- Pulse music visualizer -->
    <string name="pulse_help_policy_notice_title">Om Puls</string>
    <string name="pulse_help_policy_notice_summary">Puls er en strålende lydvisualizer når musikk spilles på enheten</string>
    <string name="pulse_settings">Puls</string>
    <string name="pulse_settings_summary">Lydvisualizer for navigasjonslinje, låseskjerm og omgivelsesskjerm</string>
    <string name="show_navbar_pulse_title">Navnbar Puls</string>
    <string name="show_navbar_pulse_summary">Lyd visualiser på navigasjonsfeltet</string>
    <string name="show_lockscreen_pulse_title">Låseskjermspuls</string>
    <string name="show_lockscreen_pulse_summary">Lyd visualizer på låseskjermen</string>
    <string name="show_ambient_pulse_title">Ambient puls</string>
    <string name="show_ambient_pulse_summary">Lyd visualiser på omgivelsesskjermen</string>
    <string name="pulse_render_mode_title">Gjengi modus</string>
    <string name="pulse_render_mode_fading_bars">Leser blokker</string>
    <string name="pulse_render_mode_solid_lines">Enkle linjer</string>
    <string name="pulse_legacy_mode_advanced_category">Innstillinger for blokkeringsmodus</string>
    <string name="pulse_custom_fudge_factor">Sannhetsnivå</string>
    <string name="pulse_lavalamp_speed_title">Lava lampe hastighet</string>
    <string name="pulse_solid_units_count">Antall fast linjer</string>
    <string name="pulse_solid_units_opacity">Solide linjer gjennomsiktighet</string>
    <string name="pulse_solid_dimen_category">Innstillinger for solide linjer</string>
    <string name="pulse_color_mode_title">Farge</string>
    <string name="pulse_color_accent">Utheving</string>
    <string name="pulse_color_custom">Egendefinert</string>
    <string name="pulse_color_lava_lamp">Lava lamp</string>
    <string name="pulse_color_auto">album</string>
    <string name="pulse_color_user_title">Velg farge</string>
    <string name="pulse_smoothing_enabled_title">Slå på utjevning</string>
    <string name="pulse_smoothing_enabled_summary">Hver søyle animeres mer jevnt</string>
    <string name="pulse_custom_dimen">Bar width</string>
    <string name="pulse_custom_div">Stangens avstand</string>
    <string name="pulse_filled_block_size">Blokk størrelse</string>
    <string name="pulse_empty_block_size">Blokker mellomrom</string>
    <string name="pulse_solid_units_rounded_title">Fast linjer avrundet</string>
    <string name="pulse_solid_units_rounded_summary">Rund de faste linjene</string>
    <!-- Udfps animations -->
    <string name="udfps_recog_animation">Bruk UDFPS animasjon</string>
    <string name="udfps_recog_animation_summary">Viser en animasjon mens du leser fingeren din</string>
    <string name="udfps_recog_animation_effect_title">UDFPS egendefinert animasjon</string>
    <string name="udfps_recog_animation_effect_summary">Velg animasjonseffekt</string>
    <!-- Udfps icon picker -->
    <string name="udfps_icon_picker_title">UDFPS ikonvelger</string>
    <string name="udfps_icon_picker_summary">Velg ditt favoritt fingeravtrykk ikon</string>
    <!-- Lockscreen charge temperature unit -->
    <string name="lockscreen_charge_temp_unit_title">Enhetens temperatur</string>
    <string name="lockscreen_charge_temp_unit_farhenheit">Fahrenheit</string>
    <string name="lockscreen_charge_temp_unit_celsius">Celsius</string>
    <!-- Material dismiss all button for notifications -->
    <string name="notification_material_dismiss_title">Fjern alle varslingsknapper</string>
    <string name="notification_material_dismiss_summary">Erstatt fjern all varseltekst med flytende knapp for materialstil</string>
    <string name="notification_material_dismiss_style_title">Stil på knapp</string>
    <string name="notification_material_dismiss_bgstyle_title">Knapp bakgrunn</string>
    <!-- Bluetooth status -->
    <string name="bluetooth_battery_title">Status for Bluetooth batteri</string>
    <string name="bluetooth_battery_summary">Vis batteristatus for den tilkoblede blåtannenheten, hvis tilgjengelig</string>
    <!-- Clock auto hide -->
    <string name="status_bar_clock_auto_hide_title">Skjul automatisk</string>
    <string name="status_bar_clock_auto_hide_summary">Skjul klokke dersom launcher er synlig</string>
    <!-- Display Settings: Title of the setting which toggles wallpaper zooming effects on interraction -->
    <string name="wallpaper_zoom_effect_title">Bakgrunns zoomeffekt</string>
    <!-- Display Settings: Subtitle of the setting which toggles wallpaper zooming effects on interraction -->
    <string name="wallpaper_zoom_effect_summary">Zoom av bakgrunnsbildet for å vise zoom-out-dybde animasjon. Bakgrunnsbilder kan få redusert kvalitet</string>
    <!-- Squiggle animation -->
    <string name="show_squiggle_animation_title">Vis vinkel animasjon</string>
    <string name="show_squiggle_animation_summary">Vis animasjon i medianpanel\nEtter endring må musikk, pause musikk eller flytt fremdriftslinjen for å bruke</string>
    <!-- Ambient battery bar settings -->
    <string name="ambient_ui">Ambient/Alltid på skjerm</string>
    <string name="ambient_battery_settings_title">Statuslinje for batteri</string>
    <string name="ambient_battery_settings_summary">Vis en batterilinje på omgivelsesskjermen</string>
    <string name="keyguard_show_battery_title">Batterilinje når du lader</string>
    <string name="keyguard_show_battery_summary">Vis en batterilinje på omgivelsesskjermen når den lader</string>
    <string name="keyguard_show_battery_always_title">Vis alltid batterilinjen</string>
    <string name="keyguard_show_battery_always_summary">Vis alltid en batterilinje på omgivelsesskjermen</string>
    <!-- Pulse Gravity and mirror options -->
    <string name="pulse_custom_gravity_title">Tyngdekraft</string>
    <string name="pulse_custom_gravity_bottom">Bunn</string>
    <string name="pulse_custom_gravity_top">Topp</string>
    <string name="pulse_custom_gravity_center">Midtstilt</string>
    <string name="visualizer_center_mirrored_title">Sentrer speilet</string>
    <string name="visualizer_center_mirrored_summary">Angi visualiseren i speilet senter modus</string>
    <string name="pulse_vertical_mirror_title">Vertikalt speil</string>
    <string name="pulse_vertical_mirror_summary">Lage andre puls og snu vertikalt</string>
    <!-- Ripple Effect on lockscreen -->
    <string name="disable_fingerprint_ripple_effect_title">Deaktiver Ripple effekt</string>
    <string name="disable_fingerprint_ripple_effect_summary">Deaktiver ripple effekt ved opplåsing</string>
    <!-- Charging animation -->
    <string name="charging_animation_title">Lader animasjon</string>
    <string name="charging_animation_summary">Vis en animasjon når enheten er koblet til</string>
    <!-- Statusbar Clock background chip -->
    <string name="statusbar_clock_chip_title">Bakgrunns-chipen</string>
    <string name="statusbar_clock_chip_summary">Vis ankomne chip bak klokken</string>
    <!-- Hide statusbar on lockscreen -->
    <string name="lockscreen_hide_status_bar_title">Skjul statuslinje</string>
    <string name="lockscreen_hide_status_bar_summary">Når aktivert, vil statuslinjen bli skjult på låseskjermen</string>
    <!-- Android P animation style -->
    <string name="pie_animation_style_title">Android P animasjonsstil</string>
    <string name="pie_animation_style_summary">Aktiver Android P \"Default\" animasjoner</string>
    <!-- Parallel space -->
    <string name="laboratory_parallel_space_title">Parallell plass</string>
    <string name="laboratory_parallel_space_summary">Tillat å kjøre flere forekomster av samme program parallelt</string>
</resources>
