<?xml version="1.0" encoding="utf-8"?>
<!--  Copyright (C) 2014-2016 The Dirty Unicorns Project
      Copyright (C) 2016 AospExtended ROM Project
      Copyright (C) 2022 DerpFest

  This program is free software: you can redistribute it and/or modify
  it under the terms of the GNU General Public License as published by
  the Free Software Foundation, either version 3 of the License, or
  (at your option) any later version.

  This program is distributed in the hope that it will be useful,
  but WITHOUT ANY WARRANTY; without even the implied warranty of
  MERCHANTABILITY or FITNESS FOR A PARTICULAR PURPOSE.  See the
  GNU General Public License for more details.

  You should have received a copy of the GNU General Public License
  along with this program.  If not, see <http://www.gnu.org/licenses/>.
 -->
<resources xmlns:xliff="urn:oasis:names:tc:xliff:document:1.2">
    <!-- General app strings -->
    <string name="add">Lägg till</string>
    <string name="advanced">Avancerat</string>
    <string name="cancel">Avbryt</string>
    <string name="default_text">Standard</string>
    <string name="dlg_ok">Ok</string>
    <string name="attention">Uppmärksamhet</string>
    <string name="loading">Laddar\u2026</string>
    <string name="reset">Reset</string>
    <string name="reset_colors">Återställ färger</string>
    <string name="reset_android">Android</string>
    <string name="text_title">Text</string>
    <string name="icon_title">Ikon</string>
    <string name="color_title">Färg</string>
    <string name="colors_title">Färger</string>
    <!-- DerpSpace categories -->
    <string name="icons_category">Ikoner</string>
    <string name="status_bar_category">Statusfält</string>
    <string name="notifications_panel_category">QS panel</string>
    <string name="system_category">System</string>
    <string name="lockscreen_category">Låsskärm</string>
    <string name="udfps_category">Fingeravtryck under display</string>
    <string name="listview">ListVy</string>
    <!-- Frags -->
    <!-- General Tweaks -->
    <string name="general_tweaks_title">Allmänna inställningar</string>
    <!-- Lockscreen UI -->
    <string name="lockscreen_ui_title">Låsskärm UI</string>
    <!-- Lockscreen general category -->
    <string name="general_category">Allmänt</string>
    <!-- Lockscreen charging category -->
    <string name="charging_category">Laddar</string>
    <!-- Quicksettings media category -->
    <string name="media_category">Media spelare</string>
    <!-- Network Traffic -->
    <string name="traffic_title">Trafik Indikatorer</string>
    <!-- Misc DerpSpace -->
    <string name="misc_derpspace_title">Diverse</string>
    <!-- Notifications -->
    <string name="notifications_title">Aviseringar</string>
    <!-- Quick Settings -->
    <string name="quick_settings_title">Snabbinställningar</string>
    <!-- Status bar clock and date options -->
    <string name="status_bar_clock_title">Klocka &amp; datuminställningar</string>
    <!-- Quick Settings brightness slider -->
    <string name="qs_brightness_slider_category">Reglage för ljusstyrka</string>
    <!-- Quick Settings footer category -->
    <string name="footer_category">Sidfot</string>
    <!-- Statusbar Iten -->
    <string name="statusbar_items_category">Statusfält objekt</string>
    <!-- Customisation -->
    <string name="customisation_title">Anpassning</string>
    <!-- Battery -->
    <string name="battery_title">Batteri</string>
    <!-- Battery Settings -->
    <string name="battery_settings_title">Batteri inställningar</string>
    <!-- Battery Styles -->
    <string name="battery_style_category_title">Batteri Stilar</string>
    <string name="battery_percent_title">Batteri procent</string>
    <!-- App info dialog -->
    <string name="derpspace_dialog_title">Hjälp oss hjälpa dig!</string>
    <string name="derpspace_dialog_message">Om du hittar ett fel med någon av dessa inställningar, rapportera det i vår Telegramgrupp. Du måste inkludera följande när du publicerar en felrapport:\n\n1. En logcat eller last_kmsg\n2. Kernel och moddar som används\n3. Användbar information\n\nOm du misslyckas med att rapportera något tillräckligt, förvänta dig INTE att saker ska åtgärdas.</string>
    <string name="derpspace_dialog_toast">LÄS VÄLLET THING!</string>
    <string name="artwork_media_fade_level_summary">Fading media tryckfil bild</string>
    <!-- QuickSettings haptic feedback -->
    <string name="qs_tile_vibration_title">Vibration</string>
    <string name="quick_settings_vibrate_title">Vibrera vid tryck</string>
    <string name="quick_settings_vibrate_summary">Vibrera när du rör vid QS-brickor</string>
    <string name="quick_settings_vibrate_duration_title">Vibrationslängd</string>
    <string name="quick_settings_vibrate_duration_summary">Hur många millisekunder att vibrera</string>
    <!-- Tiles animation style  -->
    <string name="qs_tile_animation_title">Animationer</string>
    <string name="qs_tile_animation_style_title">Animering stil</string>
    <string name="qs_tile_animation_duration_title">Animering varaktighet</string>
    <string name="qs_tile_animation_interpolator_title">Paneler animation interpolator</string>
    <string name="qs_tile_animation_style_off">Ingen animation</string>
    <string name="qs_tile_animation_style_flip">Vänd</string>
    <string name="qs_tile_animation_style_rotate">Rotera</string>
    <string name="qs_tile_animation_duration_low">Låg</string>
    <string name="qs_tile_animation_duration_default">Standard</string>
    <string name="qs_tile_animation_duration_fast">Snabb</string>
    <string name="qs_tile_animation_interpolator_linearInterpolator">Linjär</string>
    <string name="qs_tile_animation_interpolator_accelerateInterpolator">Accelerera</string>
    <string name="qs_tile_animation_interpolator_decelerateInterpolator">Decelerera</string>
    <string name="qs_tile_animation_interpolator_accelerateDecelerateInterpolator">Accelerera decelerate</string>
    <string name="qs_tile_animation_interpolator_bounceInterpolator">Studsa</string>
    <string name="qs_tile_animation_interpolator_overshootInterpolator">Överskrid</string>
    <string name="qs_tile_animation_interpolator_anticipateInterpolator">Förutse</string>
    <string name="qs_tile_animation_interpolator_anticipateOvershootInterpolator">Förutse överskridande</string>
    <string name="qs_set_animation_style">%1$s</string>
    <string name="qs_set_animation_duration">%1$s</string>
    <string name="qs_set_animation_interpolator">%1$s</string>
    <!-- 4G icon -->
    <string name="show_fourg_icon_title">4G ikon</string>
    <string name="show_fourg_icon_summary">Visa 4G-ikonen i signalikonen istället LTE</string>
    <!-- Data disabled icon -->
    <string name="data_disabled_icon_title">Visa data-inaktiverad ikon</string>
    <string name="data_disabled_icon_summary">Visa korsskylten bredvid signalfältet när data är inaktiverad</string>
    <!-- QS footer warnings -->
    <string name="qs_footer_warnings_title">QS sidfotsvarningar</string>
    <string name="qs_footer_warnings_summary">Visa en varning längst ner på QS-panelen när nätverket övervakas av externa appar eller vpn</string>
    <!-- Old mobile type icons -->
    <string name="use_old_mobiletype_title">Liten ikon för mobiltyp</string>
    <string name="use_old_mobiletype_summary">Visa ikonen för mobiltyp ovanpå signalindikatorn</string>
    <!-- Lockscreen battery info indicator  -->
    <string name="lockscreen_battery_info_title">Låsskärm laddningsinformation</string>
    <string name="lockscreen_battery_info_summary">Visa laddningsström, spänning, watt och batteritemperatur på låsskärmen vid laddning</string>
    <!-- Tiles on secure keyguard -->
    <string name="use_tiles_on_secure_keyguard_title">Kräv upplåsning för att använda känsliga brickor</string>
    <string name="use_tiles_on_secure_keyguard_summary">Be att låsa upp låsskärmen vid användning av känsliga brickor</string>
    <!-- QS footer text -->
    <string name="qs_footer_text_show_title">Visa QS sidfotstext</string>
    <string name="qs_footer_text_string_title">Anpassa sidfotstext</string>
    <string name="qs_footer_text_string_summary">Ställ in som tom för standard #StayDerped</string>
    <!-- Notifications general category -->
    <string name="notifications_general_category_title">Allmänt</string>
    <!-- Notification count -->
    <string name="status_bar_notif_count_title">Antal aviseringar</string>
    <string name="status_bar_notif_count_summary">Visa antalet väntande aviseringar</string>
    <!-- Units -->
    <string name="unit_seconds">s</string>
    <string name="unit_milliseconds">ms</string>
    <string name="unit_pixels">dp</string>
    <!-- [CHAR_LIMIT=NONE] Developer Settings: Title of the settings category for theme overlays. -->
    <string name="theme_customization_category">Tema</string>
    <!-- [CHAR_LIMIT=NONE] Developer Settings: Title of the setting which enables overlays to customize headline and body fonts. -->
    <string name="theme_customization_font_title">Rubrik / Kroppsfont</string>
    <string name="theme_customization_font_summary">Ange stil för systemtypsnitt</string>
    <!-- [CHAR_LIMIT=NONE] Developer Settings: Title of the setting which enables overlays to customize the adaptive icon shape (e.g. launcher and quick settings icons). -->
    <string name="theme_customization_icon_shape_title">Ikon form</string>
    <string name="theme_customization_icon_shape_summary">Ställ in stil för systemikonen</string>
    <!-- [CHAR_LIMIT=NONE] Developer Settings: Title of the setting which enables overlays to customize the system wide icon pack. -->
    <string name="theme_customization_icon_pack_title">Ikon pack</string>
    <string name="theme_customization_icon_pack_summary">Ange anpassad stil för ikonpaket</string>
    <!-- [CHAR_LIMIT=NONE] Developer Settings: Label for the option that turns off customizations for a given category.-->
    <string name="theme_customization_device_default">Enhetens standard</string>
    <!-- Custom Wi-Fi bar icons -->
    <string name="theme_customization_wifi_icon_title">Wifi ikon</string>
    <string name="theme_customization_wifi_icon_summary">Ange stil för Wi-Fi-ikon</string>
    <!-- Custom Signal bar icons -->
    <string name="theme_customization_signal_icon_title">Signalikoner</string>
    <string name="theme_customization_signal_icon_summary">Ange stil för signalikoner</string>
    <!-- Black theme -->
    <string name="system_black_theme_title">Använd svart tema</string>
    <string name="system_black_theme_summary">Tvinga svarta bakgrundsfärger</string>
    <!-- UI styles -->
    <string name="theme_customization_ui_style_title">UI stil</string>
    <string name="theme_customization_ui_style_summary">Ange anpassad stil för ditt gränssnitt</string>
    <!-- Applications fragment -->
    <string name="search">Sök</string>
    <string name="search_apps">Sök appar</string>
    <!-- reTicker -->
    <string name="reticker_title">reTicker</string>
    <string name="reticker_summary">Ersätt dina aviseringar med en omdesignad version av klistermärken. \nSlim och mindre invasiv än en standardavisering</string>
    <string name="reticker_colored_title">Använd app färgad bakgrund</string>
    <string name="reticker_colored_summary">Ersätt bakgrundsfärg för reTicker med hjälp av aviseringsapp huvudfärg</string>
    <string name="reticker_landscape_only_title">Endast liggande</string>
    <string name="reticker_landscape_only_summary">Aktivera endast reTicker när enheten är i liggande läge</string>
    <!-- Network traffic -->
    <string name="network_traffic_title">Indikator för nätverkstrafik</string>
    <string name="network_traffic_summary">Aktivera eller inaktivera indikatorn för nätverkshastighet i statusfältet</string>
    <string name="network_traffic_state_title">Aktivera \"Network traffic indicator\"</string>
    <string name="network_options_title">Alternativ</string>
    <string name="network_traffic_autohide_title">Dölj indikatorn för nätverkstrafik när inaktiv</string>
    <string name="network_traffic_autohide_summary">Dölj när nätverkstrafiken är under 1 KB/s</string>
    <!-- Media art -->
    <string name="lockscreen_media_art_options_title">Media omslagsbild</string>
    <string name="media_art_title">Media omslagsbild</string>
    <string name="media_art_summary">Visa media omslagsbild när tillgänglig</string>
    <!-- Lock screen cover art -->
    <string name="lockscreen_media_blur_title">Media art oskärpa nivå</string>
    <!-- Clock position -->
    <string name="status_bar_clock_position_center">Centrera</string>
    <string name="status_bar_clock_position_left">Vänster</string>
    <string name="status_bar_clock_position_right">Höger</string>
    <string name="status_bar_clock_position_title">Klockans position</string>
    <!-- Clock AM/PM -->
    <string name="status_bar_am_pm_hidden">Hidden</string>
    <string name="status_bar_am_pm_normal">Normal</string>
    <string name="status_bar_am_pm_small">Liten</string>
    <string name="status_bar_am_pm_title">Klockans AM/PM-stil</string>
    <string name="status_bar_am_pm_unavailable">24-timmarsklocka är aktiverad</string>
    <!-- Clock show seconds -->
    <string name="status_bar_clock_show_seconds_title">Visa sekunder för klocka</string>
    <string name="status_bar_clock_show_seconds_desc">Visa timmar, minuter och sekunder</string>
    <!-- Battery style and percentage -->
    <string name="status_bar_battery_style_circle">Cirkel</string>
    <string name="status_bar_battery_style_icon_portrait">Ikon porträtt</string>
    <string name="status_bar_battery_style_text">Text</string>
    <string name="status_bar_battery_style_title">Stil på batteristatus</string>
    <string name="status_bar_battery_percentage_hidden">Hidden</string>
    <string name="status_bar_battery_percentage_text_inside">Inuti ikonen</string>
    <string name="status_bar_battery_percentage_text_next">Bredvid ikonen</string>
    <string name="status_bar_battery_percentage_title">Batteri procent</string>
    <!-- Brightness slider -->
    <string name="qqs_show_brightness_title">Visa reglaget för ljusstyrka i Quick QS-panelen</string>
    <string name="brightness_slider_position_title">Reglage för ljusstyrka</string>
    <string name="top">Överst</string>
    <string name="bottom">Botten</string>
    <string name="show_auto_brightness_button_title">Visa knappen för automatisk ljusstyrka</string>
    <!-- Pulse -->
    <string name="ambient_light_category">Kant belysning</string>
    <string name="keywords_pulse_ambient_light_display">notifikation, meddelanden, kant, ljus, färg, färg</string>
    <string name="pulse_ambient_light_text">Kantbelysning får din skärm att lysa när du får en avisering. Detta gör det lättare att räkna när du får en puls medan telefonen är doze läge.</string>
    <string name="pulse_ambient_light_enable">Använd Edge belysning</string>
    <string name="pulse_ambient_light_title">Kant belysning</string>
    <string name="pulse_ambient_light_summary">Tänd upp sidokanterna på skärmen vid aviseringspuls</string>
    <string name="ambient_notification_light_accent_title">System accentfärg</string>
    <string name="ambient_notification_light_color_automatic_title">Färg på aviseringar</string>
    <string name="pulse_ambient_light_color">Vid pulsering, använd</string>
    <!-- QS tiles layout -->
    <string name="qs_tile_layout_title">QS panel layout</string>
    <string name="qs_tile_layout_summary">Anpassa rutornas layout i QS-panelen</string>
    <string name="qs_tiles_layout_category">Plattans layout</string>
    <string name="qs_rows_portrait_title">Rader (porträtt)</string>
    <string name="qqs_rows_portrait_title">Rader (Quick QS porträtt)</string>
    <string name="qs_columns_portrait_title">Kolumner (porträtt)</string>
    <string name="qs_apply_change_button_title">Tillämpa ändring</string>
    <string name="qs_apply_change_failed">Misslyckades att tillämpa ändring</string>
    <string name="qs_tile_hide_label_title">Dölj etiketter</string>
    <string name="qs_tile_hide_label_summary">Visa endast ikon för QS-paneler</string>
    <string name="qs_tile_vertical_layout_title">Vertikal layout</string>
    <string name="qs_tile_vertical_layout_summary">Aktivera vertikal layout för QS-plattor</string>
    <!-- Statusbar lyric -->
    <string name="status_bar_lyric_title">Statusfält lyrisk</string>
    <string name="status_bar_lyric_summary">Visa text i statusfältet (behöver stöd för appen)</string>
    <string name="status_bar_show_lyric_title">Aktivera låttext i statusfältet</string>
    <!-- Statusbar logo -->
    <string name="status_bar_logo_category_title">Logotyp</string>
    <string name="status_bar_logo_title">Logotyp</string>
    <string name="status_bar_logo_summary">Aktivera för att visa logotyp i statusfältet</string>
    <string name="status_bar_logo_position_title">Befattning</string>
    <string name="status_bar_logo_position_summary">Välj vilken sida du vill visa logotypen på, vänster eller höger</string>
    <string name="status_bar_logo_position_right">Höger</string>
    <string name="status_bar_logo_position_left">Vänster</string>
    <string name="status_bar_logo_style_title">Stil</string>
    <string name="status_bar_logo_style_derp">DerpFest</string>
    <string name="status_bar_logo_style_derp_alt">DerpFest triangel</string>
    <string name="status_bar_logo_style_adidas">Adidas</string>
    <string name="status_bar_logo_style_airjordan">Air Jordanien</string>
    <string name="status_bar_logo_style_apple">Äpple</string>
    <string name="status_bar_logo_style_avengers">Avengers</string>
    <string name="status_bar_logo_style_batman">Batman</string>
    <string name="status_bar_logo_style_batman_tdk">Batman Den Mörka Riddaren</string>
    <string name="status_bar_logo_style_beats">Slå</string>
    <string name="status_bar_logo_style_biohazard">Biorisk</string>
    <string name="status_bar_logo_style_blackberry">Björnbär</string>
    <string name="status_bar_logo_style_cannabis">Cannabis</string>
    <string name="status_bar_logo_style_fire">Eld</string>
    <string name="status_bar_logo_style_nike">Nike</string>
    <string name="status_bar_logo_style_pac_man">Pac-Man</string>
    <string name="status_bar_logo_style_puma">Puma</string>
    <string name="status_bar_logo_style_rog">ROG</string>
    <string name="status_bar_logo_style_superman">Superman</string>
    <string name="status_bar_logo_style_windows">Fönster</string>
    <string name="status_bar_logo_style_xbox">XBOX</string>
    <!-- Pulse music visualizer -->
    <string name="pulse_help_policy_notice_title">Om Puls</string>
    <string name="pulse_help_policy_notice_summary">Puls är en lysande ljud visualiserare när musik spelas på enheten</string>
    <string name="pulse_settings">Puls</string>
    <string name="pulse_settings_summary">Audio-visualizer för navigationsfält, låsskärm och omgivande skärm</string>
    <string name="show_navbar_pulse_title">Navbar Puls</string>
    <string name="show_navbar_pulse_summary">Audio visualizer i navigeringsfältet</string>
    <string name="show_lockscreen_pulse_title">Låsskärm Puls</string>
    <string name="show_lockscreen_pulse_summary">Audio visualizer på låsskärmen</string>
    <string name="show_ambient_pulse_title">Omgivande Puls</string>
    <string name="show_ambient_pulse_summary">Audio visualizer på den omgivande skärmen</string>
    <string name="pulse_render_mode_title">Rendera läge</string>
    <string name="pulse_render_mode_fading_bars">Fading block</string>
    <string name="pulse_render_mode_solid_lines">Fasta linjer</string>
    <string name="pulse_legacy_mode_advanced_category">Fading block mode inställningar</string>
    <string name="pulse_custom_fudge_factor">Sanitetsnivå</string>
    <string name="pulse_lavalamp_speed_title">Lava lampa hastighet</string>
    <string name="pulse_solid_units_count">Antal fasta linjer</string>
    <string name="pulse_solid_units_opacity">Solida linjer opacitet</string>
    <string name="pulse_solid_dimen_category">Inställningar för Solida linjer</string>
    <string name="pulse_color_mode_title">Färg</string>
    <string name="pulse_color_accent">Accent</string>
    <string name="pulse_color_custom">Anpassad</string>
    <string name="pulse_color_lava_lamp">Lava lamp</string>
    <string name="pulse_color_auto">Album</string>
    <string name="pulse_color_user_title">Välj färg</string>
    <string name="pulse_smoothing_enabled_title">Slå på utjämning</string>
    <string name="pulse_smoothing_enabled_summary">Varje bar animeras mer smidigt</string>
    <string name="pulse_custom_dimen">Bar width</string>
    <string name="pulse_custom_div">Fält avstånd</string>
    <string name="pulse_filled_block_size">Blockera storlek</string>
    <string name="pulse_empty_block_size">Blockera avstånd</string>
    <string name="pulse_solid_units_rounded_title">Fasta linjer rundade</string>
    <string name="pulse_solid_units_rounded_summary">Runda de fasta linjerna</string>
    <!-- Udfps animations -->
    <string name="udfps_recog_animation">Använd UDFPS-animering</string>
    <string name="udfps_recog_animation_summary">Visar en animation när du läser fingret</string>
    <string name="udfps_recog_animation_effect_title">UDFPS anpassad animering</string>
    <string name="udfps_recog_animation_effect_summary">Välj animeringseffekt</string>
    <!-- Udfps icon picker -->
    <string name="udfps_icon_picker_title">UDFPS-ikonväljare</string>
    <string name="udfps_icon_picker_summary">Välj din favoritikon för fingeravtryck</string>
    <!-- Lockscreen charge temperature unit -->
    <string name="lockscreen_charge_temp_unit_title">Temperaturenhet</string>
    <string name="lockscreen_charge_temp_unit_farhenheit">Fahrenheit</string>
    <string name="lockscreen_charge_temp_unit_celsius">Celsius</string>
    <!-- Material dismiss all button for notifications -->
    <string name="notification_material_dismiss_title">Rensa all aviseringsknapp</string>
    <string name="notification_material_dismiss_summary">Ersätt rensa all aviseringstext med en flytande knapp i materialstil</string>
    <string name="notification_material_dismiss_style_title">Stil på knapp</string>
    <string name="notification_material_dismiss_bgstyle_title">Knapp bakgrund</string>
    <!-- Bluetooth status -->
    <string name="bluetooth_battery_title">Batteristatus för Bluetooth</string>
    <string name="bluetooth_battery_summary">Visa batteristatus för den anslutna bluetooth-enheten, om tillgänglig</string>
    <!-- Clock auto hide -->
    <string name="status_bar_clock_auto_hide_title">Dölj automatiskt</string>
    <string name="status_bar_clock_auto_hide_summary">Dölj klockan om launcher är synlig</string>
    <!-- Display Settings: Title of the setting which toggles wallpaper zooming effects on interraction -->
    <string name="wallpaper_zoom_effect_title">Bakgrund zoom effekt</string>
    <!-- Display Settings: Subtitle of the setting which toggles wallpaper zooming effects on interraction -->
    <string name="wallpaper_zoom_effect_summary">Zooma tapeten för att visa zoom-ut djup animation. Bakgrundsbilder kan drabbas av kvalitet minskning</string>
    <!-- Squiggle animation -->
    <string name="show_squiggle_animation_title">Visa squiggle animation</string>
    <string name="show_squiggle_animation_summary">Visa media panel squiggle animation\nEfter ändring måste du växla musik, pausa musik eller flytta förloppsindikatorn för att tillämpa</string>
    <!-- Ambient battery bar settings -->
    <string name="ambient_ui">Omgivande/alltid på display</string>
    <string name="ambient_battery_settings_title">Batterifält</string>
    <string name="ambient_battery_settings_summary">Visa ett batterifält på den omgivande displayen</string>
    <string name="keyguard_show_battery_title">Batterifältet vid laddning</string>
    <string name="keyguard_show_battery_summary">Visa ett batterifält på den omgivande displayen vid laddning</string>
    <string name="keyguard_show_battery_always_title">Visa alltid batterifältet</string>
    <string name="keyguard_show_battery_always_summary">Visa alltid ett batterifält på den omgivande skärmen</string>
    <!-- Pulse Gravity and mirror options -->
    <string name="pulse_custom_gravity_title">Gravitation</string>
    <string name="pulse_custom_gravity_bottom">Botten</string>
    <string name="pulse_custom_gravity_top">Överst</string>
    <string name="pulse_custom_gravity_center">Centrera</string>
    <string name="visualizer_center_mirrored_title">Centrera speglad</string>
    <string name="visualizer_center_mirrored_summary">Ställ in visualizern i mitten spegelläge</string>
    <string name="pulse_vertical_mirror_title">Vertikal spegel</string>
    <string name="pulse_vertical_mirror_summary">Skapa annan puls och vänd vertikalt</string>
    <!-- Ripple Effect on lockscreen -->
    <string name="disable_fingerprint_ripple_effect_title">Inaktivera Ripple effekt</string>
    <string name="disable_fingerprint_ripple_effect_summary">Inaktivera ripple effekt vid upplåsning</string>
    <!-- Charging animation -->
    <string name="charging_animation_title">Laddar animation</string>
    <string name="charging_animation_summary">Visa en animation när enheten är ansluten</string>
    <!-- Statusbar Clock background chip -->
    <string name="statusbar_clock_chip_title">Bakgrunds chip</string>
    <string name="statusbar_clock_chip_summary">Visa accentuerade marker bakom klockan</string>
    <!-- Hide statusbar on lockscreen -->
    <string name="lockscreen_hide_status_bar_title">Dölj statusfält</string>
    <string name="lockscreen_hide_status_bar_summary">När aktiverad, kommer statusfältet att döljas på låsskärmen</string>
    <!-- Android P animation style -->
    <string name="pie_animation_style_title">Android P-animeringsstil</string>
    <string name="pie_animation_style_summary">Aktivera Android P \"Standard\" animationer</string>
    <!-- Parallel space -->
    <string name="laboratory_parallel_space_title">Parallellt utrymme</string>
    <string name="laboratory_parallel_space_summary">Tillåt att köra flera instanser av samma program parallellt</string>
</resources>
