<?xml version="1.0" encoding="utf-8"?>
<!--  Copyright (C) 2014-2016 The Dirty Unicorns Project
      Copyright (C) 2016 AospExtended ROM Project
      Copyright (C) 2022 DerpFest

  This program is free software: you can redistribute it and/or modify
  it under the terms of the GNU General Public License as published by
  the Free Software Foundation, either version 3 of the License, or
  (at your option) any later version.

  This program is distributed in the hope that it will be useful,
  but WITHOUT ANY WARRANTY; without even the implied warranty of
  MERCHANTABILITY or FITNESS FOR A PARTICULAR PURPOSE.  See the
  GNU General Public License for more details.

  You should have received a copy of the GNU General Public License
  along with this program.  If not, see <http://www.gnu.org/licenses/>.
 -->
<resources xmlns:xliff="urn:oasis:names:tc:xliff:document:1.2">
    <!-- General app strings -->
    <string name="add">追加</string>
    <string name="advanced">高度な設定</string>
    <string name="cancel">キャンセル</string>
    <string name="default_text">デフォルト</string>
    <string name="dlg_ok">OK</string>
    <string name="attention">注意</string>
    <string name="loading">読み込み中\u2026</string>
    <string name="reset">Reset</string>
    <string name="reset_colors">色をリセット</string>
    <string name="reset_android">Android</string>
    <string name="text_title">テキスト</string>
    <string name="icon_title">アイコン</string>
    <string name="color_title">色</string>
    <string name="colors_title">色</string>
    <!-- DerpSpace categories -->
    <string name="icons_category">アイコン</string>
    <string name="status_bar_category">ステータス バー</string>
    <string name="notifications_panel_category">クイック設定パネル</string>
    <string name="system_category">システム</string>
    <string name="lockscreen_category">ロック画面</string>
    <string name="udfps_category">指紋認証なし</string>
    <string name="listview">リストビュー</string>
    <!-- Frags -->
    <!-- General Tweaks -->
    <string name="general_tweaks_title">一般設定</string>
    <!-- Lockscreen UI -->
    <string name="lockscreen_ui_title">ロック画面のUI</string>
    <!-- Lockscreen general category -->
    <string name="general_category">全般</string>
    <!-- Lockscreen charging category -->
    <string name="charging_category">充電中</string>
    <!-- Quicksettings media category -->
    <string name="media_category">メディアプレーヤーです</string>
    <!-- Network Traffic -->
    <string name="traffic_title">Traffic Indicators</string>
    <!-- Misc DerpSpace -->
    <string name="misc_derpspace_title">その他</string>
    <!-- Notifications -->
    <string name="notifications_title">通知</string>
    <!-- Quick Settings -->
    <string name="quick_settings_title">クイック設定</string>
    <!-- Status bar clock and date options -->
    <string name="status_bar_clock_title">時計 &amp; 日付 設定</string>
    <!-- Quick Settings brightness slider -->
    <string name="qs_brightness_slider_category">明るさスライダー</string>
    <!-- Quick Settings footer category -->
    <string name="footer_category">フッター</string>
    <!-- Statusbar Iten -->
    <string name="statusbar_items_category">ステータスバーのアイテム</string>
    <!-- Customisation -->
    <string name="customisation_title">カスタマイズ</string>
    <!-- Battery -->
    <string name="battery_title">バッテリー</string>
    <!-- Battery Settings -->
    <string name="battery_settings_title">バッテリー設定</string>
    <!-- Battery Styles -->
    <string name="battery_style_category_title">バッテリースタイル</string>
    <string name="battery_percent_title">バッテリーパーセント表示</string>
    <!-- App info dialog -->
    <string name="derpspace_dialog_title">お手伝いしましょう！</string>
    <string name="derpspace_dialog_message">これらの設定のいずれかにバグが見つかった場合は、Telegram グループに報告してください。バグレポートを投稿するときは、次の情報を含める必要があります:\n\n1. logcat または last_kmsg\n2. 使用したカーネルと mod\n3. 役立つ情報\n\n何かを適切に報告できなかった場合、問題が修正されることを期待しないでください。</string>
    <string name="derpspace_dialog_toast">全部読んでみよう!</string>
    <string name="artwork_media_fade_level_summary">メディアアートワーク画像をフェードしています</string>
    <!-- QuickSettings haptic feedback -->
    <string name="qs_tile_vibration_title">振動</string>
    <string name="quick_settings_vibrate_title">タッチ時に振動</string>
    <string name="quick_settings_vibrate_summary">クイック設定タイルに触れたときに振動させる</string>
    <string name="quick_settings_vibrate_duration_title">振動の持続時間</string>
    <string name="quick_settings_vibrate_duration_summary">振動するまでの時間</string>
    <!-- Tiles animation style  -->
    <string name="qs_tile_animation_title">アニメーション</string>
    <string name="qs_tile_animation_style_title">アニメーションのスタイル</string>
    <string name="qs_tile_animation_duration_title">アニメーション時間</string>
    <string name="qs_tile_animation_interpolator_title">タイルアニメーションの補間</string>
    <string name="qs_tile_animation_style_off">アニメーションなし</string>
    <string name="qs_tile_animation_style_flip">反転</string>
    <string name="qs_tile_animation_style_rotate">回転</string>
    <string name="qs_tile_animation_duration_low">低い</string>
    <string name="qs_tile_animation_duration_default">デフォルト</string>
    <string name="qs_tile_animation_duration_fast">速い</string>
    <string name="qs_tile_animation_interpolator_linearInterpolator">Linear</string>
    <string name="qs_tile_animation_interpolator_accelerateInterpolator">加速</string>
    <string name="qs_tile_animation_interpolator_decelerateInterpolator">減速度</string>
    <string name="qs_tile_animation_interpolator_accelerateDecelerateInterpolator">加速</string>
    <string name="qs_tile_animation_interpolator_bounceInterpolator">バウンス</string>
    <string name="qs_tile_animation_interpolator_overshootInterpolator">オーバーシュート</string>
    <string name="qs_tile_animation_interpolator_anticipateInterpolator">先取りする</string>
    <string name="qs_tile_animation_interpolator_anticipateOvershootInterpolator">予測でオーバーシュートする</string>
    <string name="qs_set_animation_style">%1$s</string>
    <string name="qs_set_animation_duration">%1$s</string>
    <string name="qs_set_animation_interpolator">%1$s</string>
    <!-- 4G icon -->
    <string name="show_fourg_icon_title">4G アイコン</string>
    <string name="show_fourg_icon_summary">LTEの代わりに4Gアイコンを信号アイコンに表示する</string>
    <!-- Data disabled icon -->
    <string name="data_disabled_icon_title">データ無効アイコンを表示</string>
    <string name="data_disabled_icon_summary">データが無効になっているときにシグナルバーの隣に十字マークを表示する</string>
    <!-- QS footer warnings -->
    <string name="qs_footer_warnings_title">クイック設定フッターの警告</string>
    <string name="qs_footer_warnings_summary">外部アプリやVPNでネットワークを監視しているときにクイック設定パネルの下部に警告を表示する</string>
    <!-- Old mobile type icons -->
    <string name="use_old_mobiletype_title">小型モバイルタイプのアイコン</string>
    <string name="use_old_mobiletype_summary">シグナルインジケータの上にモバイルタイプのアイコンを表示する</string>
    <!-- Lockscreen battery info indicator  -->
    <string name="lockscreen_battery_info_title">ロック画面の充電情報</string>
    <string name="lockscreen_battery_info_summary">充電中のロック画面に充電電流、電圧、ワット数、バッテリー温度を表示する</string>
    <!-- Tiles on secure keyguard -->
    <string name="use_tiles_on_secure_keyguard_title">敏感なタイルを使用するにはロック解除が必要です</string>
    <string name="use_tiles_on_secure_keyguard_summary">敏感なタイルを使用しているときにロック画面のロックを解除するように依頼する</string>
    <!-- QS footer text -->
    <string name="qs_footer_text_show_title">クイック設定フッターのテキストを表示</string>
    <string name="qs_footer_text_string_title">フッターテキストをカスタマイズする</string>
    <string name="qs_footer_text_string_summary">デフォルトの#StayDerpedの場合は空にする</string>
    <!-- Notifications general category -->
    <string name="notifications_general_category_title">全般</string>
    <!-- Notification count -->
    <string name="status_bar_notif_count_title">通知数</string>
    <string name="status_bar_notif_count_summary">保留中の通知の数を表示する</string>
    <!-- Units -->
    <string name="unit_seconds">s</string>
    <string name="unit_milliseconds">ms</string>
    <string name="unit_pixels">dp</string>
    <!-- [CHAR_LIMIT=NONE] Developer Settings: Title of the settings category for theme overlays. -->
    <string name="theme_customization_category">テーマ</string>
    <!-- [CHAR_LIMIT=NONE] Developer Settings: Title of the setting which enables overlays to customize headline and body fonts. -->
    <string name="theme_customization_font_title">見出し/本文フォント</string>
    <string name="theme_customization_font_summary">システムのフォントスタイルを設定</string>
    <!-- [CHAR_LIMIT=NONE] Developer Settings: Title of the setting which enables overlays to customize the adaptive icon shape (e.g. launcher and quick settings icons). -->
    <string name="theme_customization_icon_shape_title">アイコンの形状</string>
    <string name="theme_customization_icon_shape_summary">システムアイコンの形状スタイルを設定</string>
    <!-- [CHAR_LIMIT=NONE] Developer Settings: Title of the setting which enables overlays to customize the system wide icon pack. -->
    <string name="theme_customization_icon_pack_title">アイコンパック</string>
    <string name="theme_customization_icon_pack_summary">カスタムアイコンパックのスタイルを設定</string>
    <!-- [CHAR_LIMIT=NONE] Developer Settings: Label for the option that turns off customizations for a given category.-->
    <string name="theme_customization_device_default">端末のデフォルト</string>
    <!-- Custom Wi-Fi bar icons -->
    <string name="theme_customization_wifi_icon_title">Wi-Fiアイコン</string>
    <string name="theme_customization_wifi_icon_summary">Wi-Fiアイコンのスタイルを設定</string>
    <!-- Custom Signal bar icons -->
    <string name="theme_customization_signal_icon_title">シグナルアイコン</string>
    <string name="theme_customization_signal_icon_summary">シグナルアイコンのスタイルを設定</string>
    <!-- Black theme -->
    <string name="system_black_theme_title">黒いテーマを使用する</string>
    <string name="system_black_theme_summary">強制的に黒い背景色を表示する</string>
    <!-- UI styles -->
    <string name="theme_customization_ui_style_title">UIスタイル</string>
    <string name="theme_customization_ui_style_summary">インターフェイスのカスタムスタイルを設定</string>
    <!-- Applications fragment -->
    <string name="search">検索</string>
    <string name="search_apps">アプリを検索</string>
    <!-- reTicker -->
    <string name="reticker_title">reTicker</string>
    <string name="reticker_summary">通知を再設計されたティッカーに置き換えます。 \nスリムで、通知よりも侵襲性が低いです</string>
    <string name="reticker_colored_title">アプリの背景色を使用する</string>
    <string name="reticker_colored_summary">通知アプリのメインカラーを使用して再ティッカーの背景色を置き換え</string>
    <string name="reticker_landscape_only_title">ランドスケープのみ</string>
    <string name="reticker_landscape_only_summary">端末がランドスケープモードの場合にのみ再ティッカーを有効にする</string>
    <!-- Network traffic -->
    <string name="network_traffic_title">ネットワークトラフィック表示</string>
    <string name="network_traffic_summary">ステータスバーのネットワーク速度インジケータを有効または無効にする</string>
    <string name="network_traffic_state_title">ネットワークトラフィックインジケーターを有効にする</string>
    <string name="network_options_title">オプション</string>
    <string name="network_traffic_autohide_title">非アクティブ時にネットワーク通信量インジケーターを隠す</string>
    <string name="network_traffic_autohide_summary">ネットワークトラフィックが 1 KB/s 未満の場合は非表示にする</string>
    <!-- Media art -->
    <string name="lockscreen_media_art_options_title">メディアカバーアート</string>
    <string name="media_art_title">メディアカバーアート</string>
    <string name="media_art_summary">利用可能な場合、メディアのカバーアートを表示します</string>
    <!-- Lock screen cover art -->
    <string name="lockscreen_media_blur_title">メディアアートのぼかしレベル</string>
    <!-- Clock position -->
    <string name="status_bar_clock_position_center">中央揃え</string>
    <string name="status_bar_clock_position_left">左</string>
    <string name="status_bar_clock_position_right">右</string>
    <string name="status_bar_clock_position_title">時計の位置</string>
    <!-- Clock AM/PM -->
    <string name="status_bar_am_pm_hidden">Hidden</string>
    <string name="status_bar_am_pm_normal">標準</string>
    <string name="status_bar_am_pm_small">小</string>
    <string name="status_bar_am_pm_title">時計の午前/午後のスタイル</string>
    <string name="status_bar_am_pm_unavailable">24時間表示が有効です</string>
    <!-- Clock show seconds -->
    <string name="status_bar_clock_show_seconds_title">時計は秒を表示します</string>
    <string name="status_bar_clock_show_seconds_desc">時間、分、秒を表示</string>
    <!-- Battery style and percentage -->
    <string name="status_bar_battery_style_circle">円</string>
    <string name="status_bar_battery_style_icon_portrait">縦向きアイコン</string>
    <string name="status_bar_battery_style_text">テキスト</string>
    <string name="status_bar_battery_style_title">バッテリー状態のスタイル</string>
    <string name="status_bar_battery_percentage_hidden">Hidden</string>
    <string name="status_bar_battery_percentage_text_inside">アイコンの内部</string>
    <string name="status_bar_battery_percentage_text_next">アイコンの横へ</string>
    <string name="status_bar_battery_percentage_title">バッテリー残量の割合</string>
    <!-- Brightness slider -->
    <string name="qqs_show_brightness_title">クイック設定パネルに明るさスライダーを表示する</string>
    <string name="brightness_slider_position_title">明るさスライダーの位置</string>
    <string name="top">上</string>
    <string name="bottom">下揃え</string>
    <string name="show_auto_brightness_button_title">自動明るさボタンを表示する</string>
    <!-- Pulse -->
    <string name="ambient_light_category">エッジ照明</string>
    <string name="keywords_pulse_ambient_light_display">通知、通知、エッジ、ライト、色、色</string>
    <string name="pulse_ambient_light_text">エッジ照明は通知を受け取ると画面が明るくなります。 これは、携帯電話がDozeモードである間、パルスを得るときに容易に把握することができます。</string>
    <string name="pulse_ambient_light_enable">エッジ照明を使用する</string>
    <string name="pulse_ambient_light_title">エッジ照明</string>
    <string name="pulse_ambient_light_summary">通知パルス時に画面の端を点灯する</string>
    <string name="ambient_notification_light_accent_title">システムアクセントカラー</string>
    <string name="ambient_notification_light_color_automatic_title">通知の色</string>
    <string name="pulse_ambient_light_color">脈打っているときに使用する</string>
    <!-- QS tiles layout -->
    <string name="qs_tile_layout_title">クイック設定タイルのレイアウト</string>
    <string name="qs_tile_layout_summary">クイック設定パネルでタイルのレイアウトを編集する</string>
    <string name="qs_tiles_layout_category">タイルのレイアウト</string>
    <string name="qs_rows_portrait_title">行 (縦向き)</string>
    <string name="qqs_rows_portrait_title">行数 (クイック設定ポートレート)</string>
    <string name="qs_columns_portrait_title">列数 (縦向き)</string>
    <string name="qs_apply_change_button_title">変更を適用</string>
    <string name="qs_apply_change_failed">変更を適用できませんでした</string>
    <string name="qs_tile_hide_label_title">ラベルを隠す</string>
    <string name="qs_tile_hide_label_summary">クイック設定タイルのアイコンのみ表示</string>
    <string name="qs_tile_vertical_layout_title">垂直レイアウト</string>
    <string name="qs_tile_vertical_layout_summary">クイック設定タイルの垂直レイアウトを有効にする</string>
    <!-- Statusbar lyric -->
    <string name="status_bar_lyric_title">ステータスバーの歌詞</string>
    <string name="status_bar_lyric_summary">ステータスバーに歌詞を表示（アプリサポートが必要）</string>
    <string name="status_bar_show_lyric_title">ステータスバーの歌詞を有効にする</string>
    <!-- Statusbar logo -->
    <string name="status_bar_logo_category_title">ロゴ</string>
    <string name="status_bar_logo_title">ロゴ</string>
    <string name="status_bar_logo_summary">ステータスバーにロゴを表示する</string>
    <string name="status_bar_logo_position_title">位置</string>
    <string name="status_bar_logo_position_summary">ロゴを左または右に表示する辺を選択してください</string>
    <string name="status_bar_logo_position_right">右</string>
    <string name="status_bar_logo_position_left">左</string>
    <string name="status_bar_logo_style_title">スタイル</string>
    <string name="status_bar_logo_style_derp">DerpFest</string>
    <string name="status_bar_logo_style_derp_alt">DerpFestトライアングルformat@@0</string>
    <string name="status_bar_logo_style_adidas">Adidas</string>
    <string name="status_bar_logo_style_airjordan">Air Jordan</string>
    <string name="status_bar_logo_style_apple">リンゴ（りんご）</string>
    <string name="status_bar_logo_style_avengers">Avengers</string>
    <string name="status_bar_logo_style_batman">バットマン</string>
    <string name="status_bar_logo_style_batman_tdk">Batman The Dark Knight</string>
    <string name="status_bar_logo_style_beats">Beats</string>
    <string name="status_bar_logo_style_biohazard">Biohazard</string>
    <string name="status_bar_logo_style_blackberry">ブラックベリー</string>
    <string name="status_bar_logo_style_cannabis">Cannabis</string>
    <string name="status_bar_logo_style_fire">&lt;unk&gt;</string>
    <string name="status_bar_logo_style_nike">Nike</string>
    <string name="status_bar_logo_style_pac_man">パックマン</string>
    <string name="status_bar_logo_style_puma">プーマ</string>
    <string name="status_bar_logo_style_rog">ROG</string>
    <string name="status_bar_logo_style_superman">スーパーマン</string>
    <string name="status_bar_logo_style_windows">Windows</string>
    <string name="status_bar_logo_style_xbox">XBOX</string>
    <!-- Pulse music visualizer -->
    <string name="pulse_help_policy_notice_title">Pulseについて</string>
    <string name="pulse_help_policy_notice_summary">Pulseは音楽がデバイスで再生される際の素晴らしいオーディオビジュアライザーです。</string>
    <string name="pulse_settings">Pulse</string>
    <string name="pulse_settings_summary">ナビゲーションバー、ロック画面、アンビエント画面用のオーディオビジュアライザー</string>
    <string name="show_navbar_pulse_title">ナビゲーションバーのPulse</string>
    <string name="show_navbar_pulse_summary">ナビゲーションバー上のオーディオビジュアライザー</string>
    <string name="show_lockscreen_pulse_title">ロック画面の点滅</string>
    <string name="show_lockscreen_pulse_summary">ロック画面上のオーディオビジュアライザー</string>
    <string name="show_ambient_pulse_title">アンビエントPulse</string>
    <string name="show_ambient_pulse_summary">アンビエント画面上のオーディオビジュアライザー</string>
    <string name="pulse_render_mode_title">レンダリングモード</string>
    <string name="pulse_render_mode_fading_bars">フェーディングブロック</string>
    <string name="pulse_render_mode_solid_lines">ソリッド ライン</string>
    <string name="pulse_legacy_mode_advanced_category">フェーディングブロックモードの設定</string>
    <string name="pulse_custom_fudge_factor">サニティレベル</string>
    <string name="pulse_lavalamp_speed_title">溶岩ランプの速度</string>
    <string name="pulse_solid_units_count">ソリッドライン数</string>
    <string name="pulse_solid_units_opacity">ソリッドラインの不透明度</string>
    <string name="pulse_solid_dimen_category">ソリッドラインの設定</string>
    <string name="pulse_color_mode_title">色</string>
    <string name="pulse_color_accent">アクセント：</string>
    <string name="pulse_color_custom">カスタム</string>
    <string name="pulse_color_lava_lamp">Lava lamp</string>
    <string name="pulse_color_auto">アルバム</string>
    <string name="pulse_color_user_title">色を選択</string>
    <string name="pulse_smoothing_enabled_title">スムージングをONにする</string>
    <string name="pulse_smoothing_enabled_summary">各バーはよりスムーズにアニメーション化されます。</string>
    <string name="pulse_custom_dimen">Bar width</string>
    <string name="pulse_custom_div">バーの間隔</string>
    <string name="pulse_filled_block_size">ブロックサイズ</string>
    <string name="pulse_empty_block_size">ブロック間隔</string>
    <string name="pulse_solid_units_rounded_title">四捨五入された実線</string>
    <string name="pulse_solid_units_rounded_summary">線を丸くする</string>
    <!-- Udfps animations -->
    <string name="udfps_recog_animation">UDFPSアニメーションを使用</string>
    <string name="udfps_recog_animation_summary">指を読みながらアニメーションを表示する</string>
    <string name="udfps_recog_animation_effect_title">UDFPSカスタムアニメーション</string>
    <string name="udfps_recog_animation_effect_summary">アニメーション効果を選択</string>
    <!-- Udfps icon picker -->
    <string name="udfps_icon_picker_title">UDFPS アイコンピッカー</string>
    <string name="udfps_icon_picker_summary">お気に入りの指紋アイコンを選択</string>
    <!-- Lockscreen charge temperature unit -->
    <string name="lockscreen_charge_temp_unit_title">温度の単位</string>
    <string name="lockscreen_charge_temp_unit_farhenheit">Fahrenheit</string>
    <string name="lockscreen_charge_temp_unit_celsius">摂氏度</string>
    <!-- Material dismiss all button for notifications -->
    <string name="notification_material_dismiss_title">全て終了ボタンの通知</string>
    <string name="notification_material_dismiss_summary">すべての通知テキストをマテリアルスタイルのフローティングボタンに置き換え</string>
    <string name="notification_material_dismiss_style_title">ボタンのスタイル</string>
    <string name="notification_material_dismiss_bgstyle_title">ボタンの背景</string>
    <!-- Bluetooth status -->
    <string name="bluetooth_battery_title">Bluetooth バッテリーの状態</string>
    <string name="bluetooth_battery_summary">接続されているBluetoothデバイスのバッテリー状態を表示する</string>
    <!-- Clock auto hide -->
    <string name="status_bar_clock_auto_hide_title">自動で隠す</string>
    <string name="status_bar_clock_auto_hide_summary">ランチャーが表示されている場合は時計を隠す</string>
    <!-- Display Settings: Title of the setting which toggles wallpaper zooming effects on interraction -->
    <string name="wallpaper_zoom_effect_title">壁紙ズーム効果</string>
    <!-- Display Settings: Subtitle of the setting which toggles wallpaper zooming effects on interraction -->
    <string name="wallpaper_zoom_effect_summary">ズームアウトしたアニメーションを表示するために壁紙をズームします。壁紙の品質が低下する可能性があります。</string>
    <!-- Squiggle animation -->
    <string name="show_squiggle_animation_title">角のアニメーションを表示</string>
    <string name="show_squiggle_animation_summary">メディア・パネルの曲線アニメーションを表示する\n変更後、音楽の切り替え、音楽の一時停止、またはプログレスバーを動かして適用する</string>
    <!-- Ambient battery bar settings -->
    <string name="ambient_ui">常時表示/アンビエント表示</string>
    <string name="ambient_battery_settings_title">バッテリーバー</string>
    <string name="ambient_battery_settings_summary">アンビエントディスプレイにバッテリーバーを表示する</string>
    <string name="keyguard_show_battery_title">充電時のバッテリーバー</string>
    <string name="keyguard_show_battery_summary">充電時にアンビエントディスプレイにバッテリーバーを表示する</string>
    <string name="keyguard_show_battery_always_title">常にバッテリーバーを表示する</string>
    <string name="keyguard_show_battery_always_summary">常にアンビエントディスプレイにバッテリーバーを表示する</string>
    <!-- Pulse Gravity and mirror options -->
    <string name="pulse_custom_gravity_title">Gravity</string>
    <string name="pulse_custom_gravity_bottom">下揃え</string>
    <string name="pulse_custom_gravity_top">上</string>
    <string name="pulse_custom_gravity_center">中央揃え</string>
    <string name="visualizer_center_mirrored_title">中央に鏡像</string>
    <string name="visualizer_center_mirrored_summary">中央ミラーモードでビジュアライザーを設定する</string>
    <string name="pulse_vertical_mirror_title">垂直ミラー</string>
    <string name="pulse_vertical_mirror_summary">他のパルスを作成して垂直方向に反転する</string>
    <!-- Ripple Effect on lockscreen -->
    <string name="disable_fingerprint_ripple_effect_title">リップル効果を無効にする</string>
    <string name="disable_fingerprint_ripple_effect_summary">ロック解除時にリップル効果を無効にする</string>
    <!-- Charging animation -->
    <string name="charging_animation_title">充電中のアニメーション</string>
    <string name="charging_animation_summary">デバイス接続時にアニメーションを表示する</string>
    <!-- Statusbar Clock background chip -->
    <string name="statusbar_clock_chip_title">バックグラウンドチップ</string>
    <string name="statusbar_clock_chip_summary">アクセント付きチップをクロックの後ろに表示する</string>
    <!-- Hide statusbar on lockscreen -->
    <string name="lockscreen_hide_status_bar_title">ステータスバーを隠す</string>
    <string name="lockscreen_hide_status_bar_summary">有効にするとロック画面でステータスバーを非表示にします</string>
    <!-- Android P animation style -->
    <string name="pie_animation_style_title">Android P アニメーションのスタイル</string>
    <string name="pie_animation_style_summary">Android P の「デフォルト」アニメーションを有効にする</string>
    <!-- Parallel space -->
    <string name="laboratory_parallel_space_title">並列スペース</string>
    <string name="laboratory_parallel_space_summary">同じアプリケーションの複数のインスタンスを並列実行することを許可する</string>
</resources>
