<?xml version="1.0" encoding="utf-8"?>
<!--  Copyright (C) 2014-2016 The Dirty Unicorns Project
      Copyright (C) 2016 AospExtended ROM Project
      Copyright (C) 2022 DerpFest

  This program is free software: you can redistribute it and/or modify
  it under the terms of the GNU General Public License as published by
  the Free Software Foundation, either version 3 of the License, or
  (at your option) any later version.

  This program is distributed in the hope that it will be useful,
  but WITHOUT ANY WARRANTY; without even the implied warranty of
  MERCHANTABILITY or FITNESS FOR A PARTICULAR PURPOSE.  See the
  GNU General Public License for more details.

  You should have received a copy of the GNU General Public License
  along with this program.  If not, see <http://www.gnu.org/licenses/>.
 -->
<resources xmlns:xliff="urn:oasis:names:tc:xliff:document:1.2">
    <!-- General app strings -->
    <string name="add">添加</string>
    <string name="advanced">先進的</string>
    <string name="cancel">取消</string>
    <string name="default_text">默認</string>
    <string name="dlg_ok">好的</string>
    <string name="attention">注意力</string>
    <string name="loading">正在加載\u2026</string>
    <string name="reset">重啟</string>
    <string name="reset_colors">重置顏色</string>
    <string name="reset_android">安卓</string>
    <string name="text_title">文本</string>
    <string name="icon_title">圖標</string>
    <string name="color_title">顏色</string>
    <string name="colors_title">顏色</string>
    <!-- DerpSpace categories -->
    <string name="icons_category">圖標</string>
    <string name="status_bar_category">狀態欄</string>
    <string name="notifications_panel_category">QS面板</string>
    <string name="system_category">系統</string>
    <string name="lockscreen_category">鎖屏</string>
    <string name="udfps_category">屏下指紋</string>
    <string name="listview">列表顯示</string>
    <!-- Frags -->
    <!-- General Tweaks -->
    <string name="general_tweaks_title">常規設置</string>
    <!-- Lockscreen UI -->
    <string name="lockscreen_ui_title">鎖屏界面</string>
    <!-- Lockscreen general category -->
    <string name="general_category">一般的</string>
    <!-- Lockscreen charging category -->
    <string name="charging_category">收費</string>
    <!-- Quicksettings media category -->
    <string name="media_category">媒體播放器</string>
    <!-- Network Traffic -->
    <string name="traffic_title">交通指標</string>
    <!-- Misc DerpSpace -->
    <string name="misc_derpspace_title">各種各樣的</string>
    <!-- Notifications -->
    <string name="notifications_title">通知</string>
    <!-- Quick Settings -->
    <string name="quick_settings_title">快速設置</string>
    <!-- Status bar clock and date options -->
    <string name="status_bar_clock_title">時鐘 &amp; 日期設置</string>
    <!-- Quick Settings brightness slider -->
    <string name="qs_brightness_slider_category">亮度滑塊</string>
    <!-- Quick Settings footer category -->
    <string name="footer_category">頁腳</string>
    <!-- Statusbar Iten -->
    <string name="statusbar_items_category">狀態欄項目</string>
    <!-- Customisation -->
    <string name="customisation_title">客制化</string>
    <!-- Battery -->
    <string name="battery_title">電池</string>
    <!-- Battery Settings -->
    <string name="battery_settings_title">電池設置</string>
    <!-- Battery Styles -->
    <string name="battery_style_category_title">電池樣式</string>
    <string name="battery_percent_title">電池百分比</string>
    <!-- App info dialog -->
    <string name="derpspace_dialog_title">幫助我們幫助你！</string>
    <string name="derpspace_dialog_message">如果您發現任何這些設置的錯誤，請在我們的電報群中報告。發布錯誤報告時，您必須包括以下內容：\n\n1. logcat 或 last_kmsg\n2. 使用的內核和模組\n3. 有用信息\n\n如果您未能充分報告某些內容，請不要指望問題得到修復。</string>
    <string name="derpspace_dialog_toast">閱讀全文！</string>
    <string name="artwork_media_fade_level_summary">淡化媒體藝術品圖像</string>
    <!-- QuickSettings haptic feedback -->
    <string name="qs_tile_vibration_title">振動</string>
    <string name="quick_settings_vibrate_title">觸摸振動</string>
    <string name="quick_settings_vibrate_summary">觸摸 QS 方塊時振動</string>
    <string name="quick_settings_vibrate_duration_title">振動持續時間</string>
    <string name="quick_settings_vibrate_duration_summary">振動多少毫秒</string>
    <!-- Tiles animation style  -->
    <string name="qs_tile_animation_title">動畫</string>
    <string name="qs_tile_animation_style_title">動畫風格</string>
    <string name="qs_tile_animation_duration_title">動畫時長</string>
    <string name="qs_tile_animation_interpolator_title">瓷磚動畫插值器</string>
    <string name="qs_tile_animation_style_off">沒有動畫</string>
    <string name="qs_tile_animation_style_flip">翻動</string>
    <string name="qs_tile_animation_style_rotate">旋轉</string>
    <string name="qs_tile_animation_duration_low">低的</string>
    <string name="qs_tile_animation_duration_default">默認</string>
    <string name="qs_tile_animation_duration_fast">快速地</string>
    <string name="qs_tile_animation_interpolator_linearInterpolator">線性的</string>
    <string name="qs_tile_animation_interpolator_accelerateInterpolator">加速</string>
    <string name="qs_tile_animation_interpolator_decelerateInterpolator">減速</string>
    <string name="qs_tile_animation_interpolator_accelerateDecelerateInterpolator">加速減速</string>
    <string name="qs_tile_animation_interpolator_bounceInterpolator">彈跳</string>
    <string name="qs_tile_animation_interpolator_overshootInterpolator">過衝</string>
    <string name="qs_tile_animation_interpolator_anticipateInterpolator">預料</string>
    <string name="qs_tile_animation_interpolator_anticipateOvershootInterpolator">預期超調</string>
    <string name="qs_set_animation_style">%1$s</string>
    <string name="qs_set_animation_duration">%1$s</string>
    <string name="qs_set_animation_interpolator">%1$s</string>
    <!-- 4G icon -->
    <string name="show_fourg_icon_title">4G圖標</string>
    <string name="show_fourg_icon_summary">在信號圖標中顯示 4G 圖標而不是 LTE</string>
    <!-- Data disabled icon -->
    <string name="data_disabled_icon_title">顯示數據禁用圖標</string>
    <string name="data_disabled_icon_summary">禁用數據時在信號欄旁邊顯示叉號</string>
    <!-- QS footer warnings -->
    <string name="qs_footer_warnings_title">QS 頁腳警告</string>
    <string name="qs_footer_warnings_summary">當網絡被外部應用程序或 vpn 監控時，在 QS 面板底部顯示警告</string>
    <!-- Old mobile type icons -->
    <string name="use_old_mobiletype_title">小移動類型圖標</string>
    <string name="use_old_mobiletype_summary">在信號指示器頂部顯示移動類型圖標</string>
    <!-- Lockscreen battery info indicator  -->
    <string name="lockscreen_battery_info_title">鎖屏充電信息</string>
    <string name="lockscreen_battery_info_summary">充電時在鎖屏上顯示充電電流、電壓、瓦數和電池溫度</string>
    <!-- Tiles on secure keyguard -->
    <string name="use_tiles_on_secure_keyguard_title">需要解鎖才能使用敏感圖塊</string>
    <string name="use_tiles_on_secure_keyguard_summary">使用敏感圖塊時要求解鎖鎖屏</string>
    <!-- QS footer text -->
    <string name="qs_footer_text_show_title">顯示 QS 頁腳文本</string>
    <string name="qs_footer_text_string_title">自定義頁腳文本</string>
    <string name="qs_footer_text_string_summary">默認設置為空#StayDerped</string>
    <!-- Notifications general category -->
    <string name="notifications_general_category_title">一般的</string>
    <!-- Notification count -->
    <string name="status_bar_notif_count_title">通知計數</string>
    <string name="status_bar_notif_count_summary">顯示待處理通知的數量</string>
    <!-- Units -->
    <string name="unit_seconds">秒</string>
    <string name="unit_milliseconds">小姐</string>
    <string name="unit_pixels">dp</string>
    <!-- [CHAR_LIMIT=NONE] Developer Settings: Title of the settings category for theme overlays. -->
    <string name="theme_customization_category">主題</string>
    <!-- [CHAR_LIMIT=NONE] Developer Settings: Title of the setting which enables overlays to customize headline and body fonts. -->
    <string name="theme_customization_font_title">標題/正文字體</string>
    <string name="theme_customization_font_summary">設置系統字體樣式</string>
    <!-- [CHAR_LIMIT=NONE] Developer Settings: Title of the setting which enables overlays to customize the adaptive icon shape (e.g. launcher and quick settings icons). -->
    <string name="theme_customization_icon_shape_title">圖標形狀</string>
    <string name="theme_customization_icon_shape_summary">設置系統圖標形狀樣式</string>
    <!-- [CHAR_LIMIT=NONE] Developer Settings: Title of the setting which enables overlays to customize the system wide icon pack. -->
    <string name="theme_customization_icon_pack_title">圖標包</string>
    <string name="theme_customization_icon_pack_summary">設置自定義圖標包樣式</string>
    <!-- [CHAR_LIMIT=NONE] Developer Settings: Label for the option that turns off customizations for a given category.-->
    <string name="theme_customization_device_default">設備默認</string>
    <!-- Custom Wi-Fi bar icons -->
    <string name="theme_customization_wifi_icon_title">Wifi 圖標</string>
    <string name="theme_customization_wifi_icon_summary">設置 Wifi 圖標樣式</string>
    <!-- Custom Signal bar icons -->
    <string name="theme_customization_signal_icon_title">信號圖標</string>
    <string name="theme_customization_signal_icon_summary">設置信號圖標樣式</string>
    <!-- Black theme -->
    <string name="system_black_theme_title">使用黑色主題</string>
    <string name="system_black_theme_summary">強制黑色背景顏色</string>
    <!-- UI styles -->
    <string name="theme_customization_ui_style_title">界面風格</string>
    <string name="theme_customization_ui_style_summary">為您的界面設置自定義樣式</string>
    <!-- Applications fragment -->
    <string name="search">搜索</string>
    <string name="search_apps">搜索應用</string>
    <!-- reTicker -->
    <string name="reticker_title">重新報價</string>
    <string name="reticker_summary">用重新設計的代碼版本替換您的通知。 \n比標准通知更苗條且侵入性更小</string>
    <string name="reticker_colored_title">使用應用彩色背景</string>
    <string name="reticker_colored_summary">使用通知應用程序主顏色替換 reTicker 背景顏色</string>
    <string name="reticker_landscape_only_title">僅橫向</string>
    <string name="reticker_landscape_only_summary">僅在設備處於橫向模式時啟用 reTicker</string>
    <!-- Network traffic -->
    <string name="network_traffic_title">網絡流量指示器</string>
    <string name="network_traffic_summary">啟用或禁用狀態欄中的網絡速度指示器</string>
    <string name="network_traffic_state_title">啟用“網絡流量指示器”</string>
    <string name="network_options_title">選項</string>
    <string name="network_traffic_autohide_title">不活動時隱藏網絡流量指示器</string>
    <string name="network_traffic_autohide_summary">當網絡流量低於 1 KB/s 時隱藏</string>
    <!-- Media art -->
    <string name="lockscreen_media_art_options_title">媒體封面</string>
    <string name="media_art_title">媒體封面</string>
    <string name="media_art_summary">可用時顯示媒體封面</string>
    <!-- Lock screen cover art -->
    <string name="lockscreen_media_blur_title">媒體藝術模糊級別</string>
    <!-- Clock position -->
    <string name="status_bar_clock_position_center">中心</string>
    <string name="status_bar_clock_position_left">剩下</string>
    <string name="status_bar_clock_position_right">正確的</string>
    <string name="status_bar_clock_position_title">時鐘位置</string>
    <!-- Clock AM/PM -->
    <string name="status_bar_am_pm_hidden">隱</string>
    <string name="status_bar_am_pm_normal">普通的</string>
    <string name="status_bar_am_pm_small">小的</string>
    <string name="status_bar_am_pm_title">時鐘 AM/PM 樣式</string>
    <string name="status_bar_am_pm_unavailable">啟用 24 小時制</string>
    <!-- Clock show seconds -->
    <string name="status_bar_clock_show_seconds_title">時鐘顯示秒</string>
    <string name="status_bar_clock_show_seconds_desc">顯示小時、分鐘和秒</string>
    <!-- Battery style and percentage -->
    <string name="status_bar_battery_style_circle">圓圈</string>
    <string name="status_bar_battery_style_icon_portrait">圖標肖像</string>
    <string name="status_bar_battery_style_text">文本</string>
    <string name="status_bar_battery_style_title">電池狀態樣式</string>
    <string name="status_bar_battery_percentage_hidden">隱</string>
    <string name="status_bar_battery_percentage_text_inside">圖標裡面</string>
    <string name="status_bar_battery_percentage_text_next">在圖標旁邊</string>
    <string name="status_bar_battery_percentage_title">電池百分比</string>
    <!-- Brightness slider -->
    <string name="qqs_show_brightness_title">在 Quick QS 面板中顯示亮度滑塊</string>
    <string name="brightness_slider_position_title">亮度滑塊位置</string>
    <string name="top">最佳</string>
    <string name="bottom">底部</string>
    <string name="show_auto_brightness_button_title">顯示自動亮度按鈕</string>
    <!-- Pulse -->
    <string name="ambient_light_category">邊緣照明</string>
    <string name="keywords_pulse_ambient_light_display">通知，通知，邊緣，光，顏色，顏色</string>
    <string name="pulse_ambient_light_text">當您收到通知時，邊緣照明會讓您的屏幕發光。這使您在手機處於打瞌睡模式時更容易判斷何時有脈搏。</string>
    <string name="pulse_ambient_light_enable">使用邊緣照明</string>
    <string name="pulse_ambient_light_title">邊緣照明</string>
    <string name="pulse_ambient_light_summary">在通知脈衝時點亮屏幕的側邊</string>
    <string name="ambient_notification_light_accent_title">系統強調色</string>
    <string name="ambient_notification_light_color_automatic_title">通知顏色</string>
    <string name="pulse_ambient_light_color">脈衝時，使用</string>
    <!-- QS tiles layout -->
    <string name="qs_tile_layout_title">QS 瓷磚佈局</string>
    <string name="qs_tile_layout_summary">在 QS 面板中自定義磁貼佈局</string>
    <string name="qs_tiles_layout_category">瓷磚佈局</string>
    <string name="qs_rows_portrait_title">行（縱向）</string>
    <string name="qqs_rows_portrait_title">Rows（快速QS畫像）</string>
    <string name="qs_columns_portrait_title">列（縱向）</string>
    <string name="qs_apply_change_button_title">應用更改</string>
    <string name="qs_apply_change_failed">無法應用更改</string>
    <string name="qs_tile_hide_label_title">隱藏標籤</string>
    <string name="qs_tile_hide_label_summary">僅顯示 QS 磁貼的圖標</string>
    <string name="qs_tile_vertical_layout_title">垂直佈局</string>
    <string name="qs_tile_vertical_layout_summary">為 QS 磁貼啟用垂直佈局</string>
    <!-- Statusbar lyric -->
    <string name="status_bar_lyric_title">狀態欄歌詞</string>
    <string name="status_bar_lyric_summary">在狀態欄中顯示歌詞（需要應用程序支持）</string>
    <string name="status_bar_show_lyric_title">啟用狀態欄歌詞</string>
    <!-- Statusbar logo -->
    <string name="status_bar_logo_category_title">商標</string>
    <string name="status_bar_logo_title">商標</string>
    <string name="status_bar_logo_summary">啟用在狀態欄中顯示徽標</string>
    <string name="status_bar_logo_position_title">位置</string>
    <string name="status_bar_logo_position_summary">選擇在哪一側顯示徽標，左側還是右側</string>
    <string name="status_bar_logo_position_right">正確的</string>
    <string name="status_bar_logo_position_left">剩下</string>
    <string name="status_bar_logo_style_title">風格</string>
    <string name="status_bar_logo_style_derp">DerpFest</string>
    <string name="status_bar_logo_style_derp_alt">DerpFest三角</string>
    <string name="status_bar_logo_style_adidas">阿迪達斯</string>
    <string name="status_bar_logo_style_airjordan">Air Jordan</string>
    <string name="status_bar_logo_style_apple">蘋果</string>
    <string name="status_bar_logo_style_avengers">復仇者聯盟</string>
    <string name="status_bar_logo_style_batman">蝙蝠俠</string>
    <string name="status_bar_logo_style_batman_tdk">蝙蝠俠黑闇騎士</string>
    <string name="status_bar_logo_style_beats">節拍</string>
    <string name="status_bar_logo_style_biohazard">生化危機</string>
    <string name="status_bar_logo_style_blackberry">黑莓</string>
    <string name="status_bar_logo_style_cannabis">大麻</string>
    <string name="status_bar_logo_style_fire">火</string>
    <string name="status_bar_logo_style_nike">耐克</string>
    <string name="status_bar_logo_style_pac_man">吃豆人</string>
    <string name="status_bar_logo_style_puma">彪馬</string>
    <string name="status_bar_logo_style_rog">華碩</string>
    <string name="status_bar_logo_style_superman">超人</string>
    <string name="status_bar_logo_style_windows">視窗</string>
    <string name="status_bar_logo_style_xbox">遊戲機</string>
    <!-- Pulse music visualizer -->
    <string name="pulse_help_policy_notice_title">關於脈衝</string>
    <string name="pulse_help_policy_notice_summary">當音樂在設備上播放時，Pulse 是出色的音頻可視化工具</string>
    <string name="pulse_settings">脈衝</string>
    <string name="pulse_settings_summary">用於導航欄、鎖屏和環境屏幕的音頻可視化器</string>
    <string name="show_navbar_pulse_title">導航欄脈衝</string>
    <string name="show_navbar_pulse_summary">導航欄上的音頻可視化工具</string>
    <string name="show_lockscreen_pulse_title">鎖屏脈衝</string>
    <string name="show_lockscreen_pulse_summary">鎖屏上的音頻可視化工具</string>
    <string name="show_ambient_pulse_title">環境脈衝</string>
    <string name="show_ambient_pulse_summary">環境屏幕上的音頻可視化器</string>
    <string name="pulse_render_mode_title">渲染模式</string>
    <string name="pulse_render_mode_fading_bars">褪色塊</string>
    <string name="pulse_render_mode_solid_lines">實線</string>
    <string name="pulse_legacy_mode_advanced_category">褪色塊模式設置</string>
    <string name="pulse_custom_fudge_factor">健全水平</string>
    <string name="pulse_lavalamp_speed_title">熔岩燈速度</string>
    <string name="pulse_solid_units_count">實線計數</string>
    <string name="pulse_solid_units_opacity">實線不透明度</string>
    <string name="pulse_solid_dimen_category">實線模式設置</string>
    <string name="pulse_color_mode_title">顏色</string>
    <string name="pulse_color_accent">口音</string>
    <string name="pulse_color_custom">風俗</string>
    <string name="pulse_color_lava_lamp">熔岩燈</string>
    <string name="pulse_color_auto">相冊</string>
    <string name="pulse_color_user_title">選擇顏色</string>
    <string name="pulse_smoothing_enabled_title">開啟平滑</string>
    <string name="pulse_smoothing_enabled_summary">每個欄的動畫都更流暢</string>
    <string name="pulse_custom_dimen">條寬</string>
    <string name="pulse_custom_div">條間距</string>
    <string name="pulse_filled_block_size">塊大小</string>
    <string name="pulse_empty_block_size">塊間距</string>
    <string name="pulse_solid_units_rounded_title">圓形實線</string>
    <string name="pulse_solid_units_rounded_summary">圓實線</string>
    <!-- Udfps animations -->
    <string name="udfps_recog_animation">使用 UDFPS 動畫</string>
    <string name="udfps_recog_animation_summary">讀取手指時顯示動畫</string>
    <string name="udfps_recog_animation_effect_title">UDFPS 自定義動畫</string>
    <string name="udfps_recog_animation_effect_summary">選擇動畫效果</string>
    <!-- Udfps icon picker -->
    <string name="udfps_icon_picker_title">UDFPS 圖標選擇器</string>
    <string name="udfps_icon_picker_summary">選擇您喜歡的指紋圖標</string>
    <!-- Lockscreen charge temperature unit -->
    <string name="lockscreen_charge_temp_unit_title">溫度單位</string>
    <string name="lockscreen_charge_temp_unit_farhenheit">華氏溫度</string>
    <string name="lockscreen_charge_temp_unit_celsius">攝氏度</string>
    <!-- Material dismiss all button for notifications -->
    <string name="notification_material_dismiss_title">清除所有通知按鈕</string>
    <string name="notification_material_dismiss_summary">用材料風格的浮動按鈕替換清除所有通知文本</string>
    <string name="notification_material_dismiss_style_title">按鈕樣式</string>
    <string name="notification_material_dismiss_bgstyle_title">按鈕背景</string>
    <!-- Bluetooth status -->
    <string name="bluetooth_battery_title">藍牙電池狀態</string>
    <string name="bluetooth_battery_summary">顯示連接的藍牙設備的電池狀態（如果可用）</string>
    <!-- Clock auto hide -->
    <string name="status_bar_clock_auto_hide_title">自動隱藏</string>
    <string name="status_bar_clock_auto_hide_summary">如果啟動器可見則隱藏時鐘</string>
    <!-- Display Settings: Title of the setting which toggles wallpaper zooming effects on interraction -->
    <string name="wallpaper_zoom_effect_title">壁紙縮放效果</string>
    <!-- Display Settings: Subtitle of the setting which toggles wallpaper zooming effects on interraction -->
    <string name="wallpaper_zoom_effect_summary">縮放壁紙以顯示縮小深度動畫。壁紙可能會出現質量下降</string>
    <!-- Squiggle animation -->
    <string name="show_squiggle_animation_title">顯示曲線動畫</string>
    <string name="show_squiggle_animation_summary">顯示媒體面板波浪動畫\n更改後需要切換音樂、暫停音樂或移動進度條才能應用</string>
    <!-- Ambient battery bar settings -->
    <string name="ambient_ui">環境/始終顯示</string>
    <string name="ambient_battery_settings_title">電池條</string>
    <string name="ambient_battery_settings_summary">在環境顯示屏上顯示電池條</string>
    <string name="keyguard_show_battery_title">充電時電池條</string>
    <string name="keyguard_show_battery_summary">充電時在環境顯示屏上顯示電池條</string>
    <string name="keyguard_show_battery_always_title">始終顯示電池條</string>
    <string name="keyguard_show_battery_always_summary">始終在環境顯示屏上顯示電池條</string>
    <!-- Pulse Gravity and mirror options -->
    <string name="pulse_custom_gravity_title">重力</string>
    <string name="pulse_custom_gravity_bottom">底部</string>
    <string name="pulse_custom_gravity_top">最佳</string>
    <string name="pulse_custom_gravity_center">中心</string>
    <string name="visualizer_center_mirrored_title">中心鏡像</string>
    <string name="visualizer_center_mirrored_summary">將可視化工具設置為中心鏡像模式</string>
    <string name="pulse_vertical_mirror_title">立鏡</string>
    <string name="pulse_vertical_mirror_summary">創建其他脈衝並垂直翻轉</string>
    <!-- Ripple Effect on lockscreen -->
    <string name="disable_fingerprint_ripple_effect_title">禁用波紋效果</string>
    <string name="disable_fingerprint_ripple_effect_summary">禁用解鎖時的漣漪效應</string>
    <!-- Charging animation -->
    <string name="charging_animation_title">充電動畫</string>
    <string name="charging_animation_summary">插入設備時顯示動畫</string>
    <!-- Statusbar Clock background chip -->
    <string name="statusbar_clock_chip_title">背景芯片</string>
    <string name="statusbar_clock_chip_summary">在時鐘後面顯示重音芯片</string>
    <!-- Hide statusbar on lockscreen -->
    <string name="lockscreen_hide_status_bar_title">隱藏狀態欄</string>
    <string name="lockscreen_hide_status_bar_summary">啟用後，狀態欄將隱藏在鎖屏上</string>
    <!-- Android P animation style -->
    <string name="pie_animation_style_title">Android P動畫風格</string>
    <string name="pie_animation_style_summary">啟用 Android P“默認”動畫</string>
    <!-- Parallel space -->
    <string name="laboratory_parallel_space_title">平行空間</string>
    <string name="laboratory_parallel_space_summary">允許並行運行同一應用程序的多個實例</string>
</resources>
