<?xml version="1.0" encoding="utf-8"?>
<!--  Copyright (C) 2014-2016 The Dirty Unicorns Project
      Copyright (C) 2016 AospExtended ROM Project
      Copyright (C) 2022 DerpFest

  This program is free software: you can redistribute it and/or modify
  it under the terms of the GNU General Public License as published by
  the Free Software Foundation, either version 3 of the License, or
  (at your option) any later version.

  This program is distributed in the hope that it will be useful,
  but WITHOUT ANY WARRANTY; without even the implied warranty of
  MERCHANTABILITY or FITNESS FOR A PARTICULAR PURPOSE.  See the
  GNU General Public License for more details.

  You should have received a copy of the GNU General Public License
  along with this program.  If not, see <http://www.gnu.org/licenses/>.
 -->
<resources xmlns:xliff="urn:oasis:names:tc:xliff:document:1.2">
    <!-- General app strings -->
    <string name="add">Aggiungi</string>
    <string name="advanced">Avanzate</string>
    <string name="cancel">Annulla</string>
    <string name="default_text">Predefinito</string>
    <string name="dlg_ok">OK</string>
    <string name="attention">Attenzione</string>
    <string name="loading">Caricamento\u2026</string>
    <string name="reset">Reset</string>
    <string name="reset_colors">Ripristina colori</string>
    <string name="reset_android">Android</string>
    <string name="text_title">Testo</string>
    <string name="icon_title">Icona</string>
    <string name="color_title">Colore</string>
    <string name="colors_title">Colori</string>
    <!-- DerpSpace categories -->
    <string name="icons_category">Icone</string>
    <string name="status_bar_category">Barra Di Stato</string>
    <string name="notifications_panel_category">Pannello impostazioni rapide</string>
    <string name="system_category">Sistema</string>
    <string name="lockscreen_category">Blocco Schermo</string>
    <string name="udfps_category">Impronta digitale sotto-display</string>
    <string name="listview">ListView</string>
    <!-- Frags -->
    <!-- General Tweaks -->
    <string name="general_tweaks_title">Impostazioni generali</string>
    <!-- Lockscreen UI -->
    <string name="lockscreen_ui_title">Interfaccia Lockscreen</string>
    <!-- Lockscreen general category -->
    <string name="general_category">Generale</string>
    <!-- Lockscreen charging category -->
    <string name="charging_category">Ricarica</string>
    <!-- Quicksettings media category -->
    <string name="media_category">Lettore multimediale</string>
    <!-- Network Traffic -->
    <string name="traffic_title">Indicatori Di Traffico</string>
    <!-- Misc DerpSpace -->
    <string name="misc_derpspace_title">Varie</string>
    <!-- Notifications -->
    <string name="notifications_title">Notifiche</string>
    <!-- Quick Settings -->
    <string name="quick_settings_title">Impostazioni Rapide</string>
    <!-- Status bar clock and date options -->
    <string name="status_bar_clock_title">Impostazioni Orologio &amp; Data</string>
    <!-- Quick Settings brightness slider -->
    <string name="qs_brightness_slider_category">Cursore luminosità</string>
    <!-- Quick Settings footer category -->
    <string name="footer_category">Footer</string>
    <!-- Statusbar Iten -->
    <string name="statusbar_items_category">Oggetti Barra Di Stato</string>
    <!-- Customisation -->
    <string name="customisation_title">Personalizzazione</string>
    <!-- Battery -->
    <string name="battery_title">Batteria</string>
    <!-- Battery Settings -->
    <string name="battery_settings_title">Impostazioni Batteria</string>
    <!-- Battery Styles -->
    <string name="battery_style_category_title">Stili Batteria</string>
    <string name="battery_percent_title">Percentuale batteria</string>
    <!-- App info dialog -->
    <string name="derpspace_dialog_title">Aiutaci ad aiutarti!</string>
    <string name="derpspace_dialog_message">Se trovi un bug con una qualsiasi di queste impostazioni, segnalalo nel nostro gruppo Telegram. È necessario includere quanto segue quando si pubblica una segnalazione di bug:\n\n1. Un logcat o last_kmsg\n2. Kernel e mod usati\n3. Informazioni utili\n\nSe non riesci a segnalare qualcosa in modo adeguato, NON aspettarti che le cose siano corrette.</string>
    <string name="derpspace_dialog_toast">LEGGI IL QUANTO CHIAMO!</string>
    <string name="artwork_media_fade_level_summary">Dissolvenza dell\'immagine dell\'opera multimediale</string>
    <!-- QuickSettings haptic feedback -->
    <string name="qs_tile_vibration_title">Vibrazione</string>
    <string name="quick_settings_vibrate_title">Vibra al tocco</string>
    <string name="quick_settings_vibrate_summary">Vibra quando si toccano i tile</string>
    <string name="quick_settings_vibrate_duration_title">Durata vibrazione</string>
    <string name="quick_settings_vibrate_duration_summary">Quanti millisecondi vibrare</string>
    <!-- Tiles animation style  -->
    <string name="qs_tile_animation_title">Animazioni</string>
    <string name="qs_tile_animation_style_title">Stile animazione</string>
    <string name="qs_tile_animation_duration_title">Durata animazione</string>
    <string name="qs_tile_animation_interpolator_title">Interpolatore animazione tile</string>
    <string name="qs_tile_animation_style_off">Nessuna animazione</string>
    <string name="qs_tile_animation_style_flip">Capovolgi</string>
    <string name="qs_tile_animation_style_rotate">Ruota</string>
    <string name="qs_tile_animation_duration_low">Basso</string>
    <string name="qs_tile_animation_duration_default">Predefinito</string>
    <string name="qs_tile_animation_duration_fast">Veloce</string>
    <string name="qs_tile_animation_interpolator_linearInterpolator">Lineare</string>
    <string name="qs_tile_animation_interpolator_accelerateInterpolator">Accelera</string>
    <string name="qs_tile_animation_interpolator_decelerateInterpolator">Decelera</string>
    <string name="qs_tile_animation_interpolator_accelerateDecelerateInterpolator">Accelera decelera</string>
    <string name="qs_tile_animation_interpolator_bounceInterpolator">Rimbalzo</string>
    <string name="qs_tile_animation_interpolator_overshootInterpolator">Supera</string>
    <string name="qs_tile_animation_interpolator_anticipateInterpolator">Anticipa</string>
    <string name="qs_tile_animation_interpolator_anticipateOvershootInterpolator">Anticipa superamento</string>
    <string name="qs_set_animation_style">%1$s</string>
    <string name="qs_set_animation_duration">%1$s</string>
    <string name="qs_set_animation_interpolator">%1$s</string>
    <!-- 4G icon -->
    <string name="show_fourg_icon_title">Icona 4G</string>
    <string name="show_fourg_icon_summary">Visualizza l\'icona 4G nell\'icona del segnale invece LTE</string>
    <!-- Data disabled icon -->
    <string name="data_disabled_icon_title">Mostra icona dati disabilitati</string>
    <string name="data_disabled_icon_summary">Mostra il segno trasversale accanto alla barra del segnale quando i dati sono disabilitati</string>
    <!-- QS footer warnings -->
    <string name="qs_footer_warnings_title">Avvisi piè di pagina impostazioni rapide</string>
    <string name="qs_footer_warnings_summary">Visualizza un avviso nella parte inferiore del pannello impostazioni rapide quando la rete è monitorata da applicazioni esterne o vpn</string>
    <!-- Old mobile type icons -->
    <string name="use_old_mobiletype_title">Icona di tipo mobile piccolo</string>
    <string name="use_old_mobiletype_summary">Mostra l\'icona del tipo mobile sopra l\'indicatore del segnale</string>
    <!-- Lockscreen battery info indicator  -->
    <string name="lockscreen_battery_info_title">Informazioni di ricarica blocco schermo</string>
    <string name="lockscreen_battery_info_summary">Mostra corrente di ricarica, tensione, potenza e temperatura della batteria nella schermata di blocco durante la ricarica</string>
    <!-- Tiles on secure keyguard -->
    <string name="use_tiles_on_secure_keyguard_title">Richiede lo sblocco per usare i tile sensibili</string>
    <string name="use_tiles_on_secure_keyguard_summary">Chiedi di sbloccare la schermata di blocco quando si usano i tile sensibili</string>
    <!-- QS footer text -->
    <string name="qs_footer_text_show_title">Mostra il testo del piè di pagina</string>
    <string name="qs_footer_text_string_title">Personalizza testo piè di pagina</string>
    <string name="qs_footer_text_string_summary">Imposta a vuoto per #StayDerped predefinito</string>
    <!-- Notifications general category -->
    <string name="notifications_general_category_title">Generale</string>
    <!-- Notification count -->
    <string name="status_bar_notif_count_title">Contatore notifiche</string>
    <string name="status_bar_notif_count_summary">Mostra il numero di notifiche in sospeso</string>
    <!-- Units -->
    <string name="unit_seconds">s</string>
    <string name="unit_milliseconds">ms</string>
    <string name="unit_pixels">dp</string>
    <!-- [CHAR_LIMIT=NONE] Developer Settings: Title of the settings category for theme overlays. -->
    <string name="theme_customization_category">Temi</string>
    <!-- [CHAR_LIMIT=NONE] Developer Settings: Title of the setting which enables overlays to customize headline and body fonts. -->
    <string name="theme_customization_font_title">Titolo / Carattere corpo</string>
    <string name="theme_customization_font_summary">Imposta stile carattere di sistema</string>
    <!-- [CHAR_LIMIT=NONE] Developer Settings: Title of the setting which enables overlays to customize the adaptive icon shape (e.g. launcher and quick settings icons). -->
    <string name="theme_customization_icon_shape_title">Forma icona</string>
    <string name="theme_customization_icon_shape_summary">Imposta stile forma icona di sistema</string>
    <!-- [CHAR_LIMIT=NONE] Developer Settings: Title of the setting which enables overlays to customize the system wide icon pack. -->
    <string name="theme_customization_icon_pack_title">Pacchetto icone</string>
    <string name="theme_customization_icon_pack_summary">Imposta lo stile personalizzato del pacchetto icone</string>
    <!-- [CHAR_LIMIT=NONE] Developer Settings: Label for the option that turns off customizations for a given category.-->
    <string name="theme_customization_device_default">Dispositivo predefinito</string>
    <!-- Custom Wi-Fi bar icons -->
    <string name="theme_customization_wifi_icon_title">Icona Wifi</string>
    <string name="theme_customization_wifi_icon_summary">Imposta stile icona Wifi</string>
    <!-- Custom Signal bar icons -->
    <string name="theme_customization_signal_icon_title">Icone del segnale</string>
    <string name="theme_customization_signal_icon_summary">Imposta stile icone segnale</string>
    <!-- Black theme -->
    <string name="system_black_theme_title">Usa tema nero</string>
    <string name="system_black_theme_summary">Forza colori di sfondo nero</string>
    <!-- UI styles -->
    <string name="theme_customization_ui_style_title">Stile UI</string>
    <string name="theme_customization_ui_style_summary">Imposta stile personalizzato per la tua interfaccia</string>
    <!-- Applications fragment -->
    <string name="search">Cerca</string>
    <string name="search_apps">Cerca app</string>
    <!-- reTicker -->
    <string name="reticker_title">reTicker</string>
    <string name="reticker_summary">Sostituisci le notifiche con una versione ridisegnata di adesivi. \nSlim e meno invasivo di una notifica standard</string>
    <string name="reticker_colored_title">Usa sfondo colorato app</string>
    <string name="reticker_colored_summary">Sostituisci il colore di sfondo del reTicker usando il colore principale dell\'app di notifica</string>
    <string name="reticker_landscape_only_title">Solo in orizzontale</string>
    <string name="reticker_landscape_only_summary">Abilita reTicker solo quando il dispositivo è in modalità orizzontale</string>
    <!-- Network traffic -->
    <string name="network_traffic_title">Indicatore di traffico di rete</string>
    <string name="network_traffic_summary">Abilita o disabilita l\'indicatore della velocità di rete nella barra di stato</string>
    <string name="network_traffic_state_title">Abilita \"Indicatore traffico di rete\"</string>
    <string name="network_options_title">Opzioni</string>
    <string name="network_traffic_autohide_title">Nascondi indicatore di traffico di rete quando inattivo</string>
    <string name="network_traffic_autohide_summary">Nascondi quando il traffico di rete è inferiore a 1 KB/s</string>
    <!-- Media art -->
    <string name="lockscreen_media_art_options_title">Copertina multimediale</string>
    <string name="media_art_title">Copertina multimediale</string>
    <string name="media_art_summary">Mostra copertina multimediale quando disponibile</string>
    <!-- Lock screen cover art -->
    <string name="lockscreen_media_blur_title">Livello sfocatura arte media</string>
    <!-- Clock position -->
    <string name="status_bar_clock_position_center">Centro</string>
    <string name="status_bar_clock_position_left">Sinistra</string>
    <string name="status_bar_clock_position_right">Destra</string>
    <string name="status_bar_clock_position_title">Posizione orologio</string>
    <!-- Clock AM/PM -->
    <string name="status_bar_am_pm_hidden">Hidden</string>
    <string name="status_bar_am_pm_normal">Normale</string>
    <string name="status_bar_am_pm_small">Piccolo</string>
    <string name="status_bar_am_pm_title">Stile orologio AM/PM</string>
    <string name="status_bar_am_pm_unavailable">24 ore su 24 è abilitato</string>
    <!-- Clock show seconds -->
    <string name="status_bar_clock_show_seconds_title">Orologio mostra secondi</string>
    <string name="status_bar_clock_show_seconds_desc">Mostra ore, minuti e secondi</string>
    <!-- Battery style and percentage -->
    <string name="status_bar_battery_style_circle">Cerchio</string>
    <string name="status_bar_battery_style_icon_portrait">Icona verticale</string>
    <string name="status_bar_battery_style_text">Testo</string>
    <string name="status_bar_battery_style_title">Stile stato batteria</string>
    <string name="status_bar_battery_percentage_hidden">Hidden</string>
    <string name="status_bar_battery_percentage_text_inside">All\'interno dell\'icona</string>
    <string name="status_bar_battery_percentage_text_next">Accanto all\'icona</string>
    <string name="status_bar_battery_percentage_title">Percentuale batteria</string>
    <!-- Brightness slider -->
    <string name="qqs_show_brightness_title">Mostra il cursore della luminosità nel pannello delle impostazioni rapide</string>
    <string name="brightness_slider_position_title">Posizione cursore luminosità</string>
    <string name="top">Alto</string>
    <string name="bottom">Basso</string>
    <string name="show_auto_brightness_button_title">Mostra pulsante luminosità automatica</string>
    <!-- Pulse -->
    <string name="ambient_light_category">Illuminazione bordo</string>
    <string name="keywords_pulse_ambient_light_display">notifica, notifiche, bordo, luce, colore, colore</string>
    <string name="pulse_ambient_light_text">L\'illuminazione dei bordi rende il tuo schermo luminoso quando ricevi una notifica. Questo rende più facile capire quando si ottiene un impulso mentre il telefono è in modalità doze.</string>
    <string name="pulse_ambient_light_enable">Usa illuminazione bordo</string>
    <string name="pulse_ambient_light_title">Illuminazione bordo</string>
    <string name="pulse_ambient_light_summary">Accendi i bordi laterali dello schermo nell\'impulso di notifica</string>
    <string name="ambient_notification_light_accent_title">Colore accento sistema</string>
    <string name="ambient_notification_light_color_automatic_title">Colore notifica</string>
    <string name="pulse_ambient_light_color">Quando si pulsa, usare</string>
    <!-- QS tiles layout -->
    <string name="qs_tile_layout_title">Disposizione tile impostazioni rapide</string>
    <string name="qs_tile_layout_summary">Personalizza il layout dei tile nel pannello impostazioni rapide</string>
    <string name="qs_tiles_layout_category">Disposizione dei tile</string>
    <string name="qs_rows_portrait_title">Righe (verticale)</string>
    <string name="qqs_rows_portrait_title">Righe (Rapido ritratto QS)</string>
    <string name="qs_columns_portrait_title">Colonne (verticale)</string>
    <string name="qs_apply_change_button_title">Applica modifica</string>
    <string name="qs_apply_change_failed">Impossibile applicare la modifica</string>
    <string name="qs_tile_hide_label_title">Nascondi etichette</string>
    <string name="qs_tile_hide_label_summary">Mostra solo icona per i tile impostazioni rapide</string>
    <string name="qs_tile_vertical_layout_title">Disposizione verticale</string>
    <string name="qs_tile_vertical_layout_summary">Abilita il layout verticale per i tile impostazioni rapide</string>
    <!-- Statusbar lyric -->
    <string name="status_bar_lyric_title">Testo barra di stato</string>
    <string name="status_bar_lyric_summary">Mostra il testo nella barra di stato (richiede supporto per l\'app)</string>
    <string name="status_bar_show_lyric_title">Abilita il testo della barra di stato</string>
    <!-- Statusbar logo -->
    <string name="status_bar_logo_category_title">Logo</string>
    <string name="status_bar_logo_title">Logo</string>
    <string name="status_bar_logo_summary">Abilita per visualizzare il logo nella barra di stato</string>
    <string name="status_bar_logo_position_title">Posizione</string>
    <string name="status_bar_logo_position_summary">Scegli da quale lato visualizzare il logo, a sinistra o a destra</string>
    <string name="status_bar_logo_position_right">Destra</string>
    <string name="status_bar_logo_position_left">Sinistra</string>
    <string name="status_bar_logo_style_title">Stile</string>
    <string name="status_bar_logo_style_derp">DerpFest</string>
    <string name="status_bar_logo_style_derp_alt">Triangolo DerpFest</string>
    <string name="status_bar_logo_style_adidas">Adidas</string>
    <string name="status_bar_logo_style_airjordan">Air Jordan</string>
    <string name="status_bar_logo_style_apple">Mela</string>
    <string name="status_bar_logo_style_avengers">Vendicatori</string>
    <string name="status_bar_logo_style_batman">Batman</string>
    <string name="status_bar_logo_style_batman_tdk">Batman Il Cavaliere Oscuro</string>
    <string name="status_bar_logo_style_beats">Battiti</string>
    <string name="status_bar_logo_style_biohazard">Biohazard</string>
    <string name="status_bar_logo_style_blackberry">Blackberry</string>
    <string name="status_bar_logo_style_cannabis">Cannabis</string>
    <string name="status_bar_logo_style_fire">Fuoco</string>
    <string name="status_bar_logo_style_nike">Nike</string>
    <string name="status_bar_logo_style_pac_man">Pac-Man</string>
    <string name="status_bar_logo_style_puma">Puma</string>
    <string name="status_bar_logo_style_rog">ROG</string>
    <string name="status_bar_logo_style_superman">Superman</string>
    <string name="status_bar_logo_style_windows">Finestre</string>
    <string name="status_bar_logo_style_xbox">XBOX</string>
    <!-- Pulse music visualizer -->
    <string name="pulse_help_policy_notice_title">Informazioni Su Pulse</string>
    <string name="pulse_help_policy_notice_summary">Pulse è un visualizzatore audio brillante quando la musica viene riprodotta sul dispositivo</string>
    <string name="pulse_settings">Pulse</string>
    <string name="pulse_settings_summary">Visualizzatore audio per barra di navigazione, schermata di blocco e schermo ambientale</string>
    <string name="show_navbar_pulse_title">Pulse Navbar</string>
    <string name="show_navbar_pulse_summary">Visualizzatore audio sulla barra di navigazione</string>
    <string name="show_lockscreen_pulse_title">Pulse Blocco Schermo</string>
    <string name="show_lockscreen_pulse_summary">Visualizzatore audio nella schermata di blocco</string>
    <string name="show_ambient_pulse_title">Ambient Pulse</string>
    <string name="show_ambient_pulse_summary">Visualizzatore audio sullo schermo ambientale</string>
    <string name="pulse_render_mode_title">Modalità rendering</string>
    <string name="pulse_render_mode_fading_bars">Dissolvenza blocchi</string>
    <string name="pulse_render_mode_solid_lines">Linee continue</string>
    <string name="pulse_legacy_mode_advanced_category">Impostazioni modalità dissolvenza blocchi</string>
    <string name="pulse_custom_fudge_factor">Livello di salute</string>
    <string name="pulse_lavalamp_speed_title">Velocità lampada di lava</string>
    <string name="pulse_solid_units_count">Conteggio linee continue</string>
    <string name="pulse_solid_units_opacity">Opacità delle linee continue</string>
    <string name="pulse_solid_dimen_category">Impostazioni della modalità linee continue</string>
    <string name="pulse_color_mode_title">Colore</string>
    <string name="pulse_color_accent">Accento</string>
    <string name="pulse_color_custom">Personalizzato</string>
    <string name="pulse_color_lava_lamp">Lava lamp</string>
    <string name="pulse_color_auto">Album</string>
    <string name="pulse_color_user_title">Scegli colore</string>
    <string name="pulse_smoothing_enabled_title">Attiva lisciatura</string>
    <string name="pulse_smoothing_enabled_summary">Ogni barra è animata più fluidamente</string>
    <string name="pulse_custom_dimen">Bar width</string>
    <string name="pulse_custom_div">Spaziatura barra</string>
    <string name="pulse_filled_block_size">Dimensione blocco</string>
    <string name="pulse_empty_block_size">Spaziatura blocchi</string>
    <string name="pulse_solid_units_rounded_title">Linee continue arrotondate</string>
    <string name="pulse_solid_units_rounded_summary">Arrotonda le linee solide</string>
    <!-- Udfps animations -->
    <string name="udfps_recog_animation">Usa animazione UDFPS</string>
    <string name="udfps_recog_animation_summary">Mostra un\'animazione durante la lettura del dito</string>
    <string name="udfps_recog_animation_effect_title">Animazione personalizzata UDFPS</string>
    <string name="udfps_recog_animation_effect_summary">Scegli effetto animazione</string>
    <!-- Udfps icon picker -->
    <string name="udfps_icon_picker_title">Selettore icone UDFPS</string>
    <string name="udfps_icon_picker_summary">Scegli l\'icona preferita dell\'impronta digitale</string>
    <!-- Lockscreen charge temperature unit -->
    <string name="lockscreen_charge_temp_unit_title">Unità di temperatura</string>
    <string name="lockscreen_charge_temp_unit_farhenheit">Fahrenheit</string>
    <string name="lockscreen_charge_temp_unit_celsius">Celsius</string>
    <!-- Material dismiss all button for notifications -->
    <string name="notification_material_dismiss_title">Pulsante cancella tutte le notifiche</string>
    <string name="notification_material_dismiss_summary">Sostituisci cancella tutto il testo di notifica con il pulsante fluttuante stile materiale</string>
    <string name="notification_material_dismiss_style_title">Stile pulsante</string>
    <string name="notification_material_dismiss_bgstyle_title">Sfondo pulsante</string>
    <!-- Bluetooth status -->
    <string name="bluetooth_battery_title">Stato batteria Bluetooth</string>
    <string name="bluetooth_battery_summary">Visualizza lo stato della batteria per il dispositivo bluetooth collegato, se disponibile</string>
    <!-- Clock auto hide -->
    <string name="status_bar_clock_auto_hide_title">Nascondi automaticamente</string>
    <string name="status_bar_clock_auto_hide_summary">Nascondi l\'orologio se il launcher è visibile</string>
    <!-- Display Settings: Title of the setting which toggles wallpaper zooming effects on interraction -->
    <string name="wallpaper_zoom_effect_title">Effetto zoom sfondo</string>
    <!-- Display Settings: Subtitle of the setting which toggles wallpaper zooming effects on interraction -->
    <string name="wallpaper_zoom_effect_summary">Ingrandisci lo sfondo per mostrare l\'animazione della profondità di ingrandimento. Gli sfondi potrebbero subire una diminuzione della qualità</string>
    <!-- Squiggle animation -->
    <string name="show_squiggle_animation_title">Mostra animazione squiggle</string>
    <string name="show_squiggle_animation_summary">Mostra animazione squiggle del pannello multimediale\nDopo aver cambiato la necessità di cambiare musica, mettere in pausa la musica o spostare la barra di avanzamento per applicarla</string>
    <!-- Ambient battery bar settings -->
    <string name="ambient_ui">Ambiente/Sempre sul display</string>
    <string name="ambient_battery_settings_title">Barra batteria</string>
    <string name="ambient_battery_settings_summary">Visualizza una barra della batteria sul display ambientale</string>
    <string name="keyguard_show_battery_title">Barra della batteria in carica</string>
    <string name="keyguard_show_battery_summary">Mostra una barra della batteria sul display ambientale durante la ricarica</string>
    <string name="keyguard_show_battery_always_title">Mostra sempre la barra della batteria</string>
    <string name="keyguard_show_battery_always_summary">Mostra sempre una barra della batteria sul display ambientale</string>
    <!-- Pulse Gravity and mirror options -->
    <string name="pulse_custom_gravity_title">Gravità</string>
    <string name="pulse_custom_gravity_bottom">Basso</string>
    <string name="pulse_custom_gravity_top">Alto</string>
    <string name="pulse_custom_gravity_center">Centro</string>
    <string name="visualizer_center_mirrored_title">Centra specchiata</string>
    <string name="visualizer_center_mirrored_summary">Imposta il visualizzatore in modalità specchiata centrale</string>
    <string name="pulse_vertical_mirror_title">Specchio Verticale</string>
    <string name="pulse_vertical_mirror_summary">Crea altri impulsi e capovolgi verticalmente</string>
    <!-- Ripple Effect on lockscreen -->
    <string name="disable_fingerprint_ripple_effect_title">Disabilita effetto ondulazione</string>
    <string name="disable_fingerprint_ripple_effect_summary">Disabilita l\'effetto ondulazione allo sblocco</string>
    <!-- Charging animation -->
    <string name="charging_animation_title">Animazione di carica</string>
    <string name="charging_animation_summary">Mostra un\'animazione quando il dispositivo è collegato</string>
    <!-- Statusbar Clock background chip -->
    <string name="statusbar_clock_chip_title">Chip di sfondo</string>
    <string name="statusbar_clock_chip_summary">Display chip accentato dietro l\'orologio</string>
    <!-- Hide statusbar on lockscreen -->
    <string name="lockscreen_hide_status_bar_title">Nascondi Barra Di Stato</string>
    <string name="lockscreen_hide_status_bar_summary">Se abilitata, la barra di stato verrà nascosta nella schermata di blocco</string>
    <!-- Android P animation style -->
    <string name="pie_animation_style_title">Stile animazione Android P</string>
    <string name="pie_animation_style_summary">Abilita le animazioni \"Predefinito\" di Android P</string>
    <!-- Parallel space -->
    <string name="laboratory_parallel_space_title">Spazio parallelo</string>
    <string name="laboratory_parallel_space_summary">Consenti l\'esecuzione di istanze multiple della stessa applicazione in parallelo</string>
</resources>
