<?xml version="1.0" encoding="utf-8"?>
<!--  Copyright (C) 2014-2016 The Dirty Unicorns Project
      Copyright (C) 2016 AospExtended ROM Project
      Copyright (C) 2022 DerpFest

  This program is free software: you can redistribute it and/or modify
  it under the terms of the GNU General Public License as published by
  the Free Software Foundation, either version 3 of the License, or
  (at your option) any later version.

  This program is distributed in the hope that it will be useful,
  but WITHOUT ANY WARRANTY; without even the implied warranty of
  MERCHANTABILITY or FITNESS FOR A PARTICULAR PURPOSE.  See the
  GNU General Public License for more details.

  You should have received a copy of the GNU General Public License
  along with this program.  If not, see <http://www.gnu.org/licenses/>.
 -->
<resources xmlns:xliff="urn:oasis:names:tc:xliff:document:1.2">
    <!-- General app strings -->
    <string name="add">Dodaj</string>
    <string name="advanced">Zaawansowane</string>
    <string name="cancel">Anuluj</string>
    <string name="default_text">Domyślny</string>
    <string name="dlg_ok">OK</string>
    <string name="attention">Uwaga</string>
    <string name="loading">Ładowanie\u2026</string>
    <string name="reset">Reset</string>
    <string name="reset_colors">Resetuj kolory</string>
    <string name="reset_android">Android</string>
    <string name="text_title">Tekst</string>
    <string name="icon_title">Ikona</string>
    <string name="color_title">Kolor</string>
    <string name="colors_title">Kolory</string>
    <!-- DerpSpace categories -->
    <string name="icons_category">Ikony</string>
    <string name="status_bar_category">Pasek stanu</string>
    <string name="notifications_panel_category">Panel szybkich ustawień</string>
    <string name="system_category">System</string>
    <string name="lockscreen_category">Ekran blokady</string>
    <string name="udfps_category">Odcisk palca niedostatecznie wyświetlany</string>
    <string name="listview">Widok listy</string>
    <!-- Frags -->
    <!-- General Tweaks -->
    <string name="general_tweaks_title">Ustawienia ogólne</string>
    <!-- Lockscreen UI -->
    <string name="lockscreen_ui_title">Interfejs ekranu blokady</string>
    <!-- Lockscreen general category -->
    <string name="general_category">Ogólny</string>
    <!-- Lockscreen charging category -->
    <string name="charging_category">Ładowanie</string>
    <!-- Quicksettings media category -->
    <string name="media_category">Odtwarzacz multimediów</string>
    <!-- Network Traffic -->
    <string name="traffic_title">Wskaźniki ruchu</string>
    <!-- Misc DerpSpace -->
    <string name="misc_derpspace_title">Różne</string>
    <!-- Notifications -->
    <string name="notifications_title">Powiadomienia</string>
    <!-- Quick Settings -->
    <string name="quick_settings_title">Szybkie ustawienia</string>
    <!-- Status bar clock and date options -->
    <string name="status_bar_clock_title">Zegar &amp; Ustawienia daty</string>
    <!-- Quick Settings brightness slider -->
    <string name="qs_brightness_slider_category">Suwak jasności</string>
    <!-- Quick Settings footer category -->
    <string name="footer_category">Stopka</string>
    <!-- Statusbar Iten -->
    <string name="statusbar_items_category">Elementy paska stanu</string>
    <!-- Customisation -->
    <string name="customisation_title">Dostosowanie</string>
    <!-- Battery -->
    <string name="battery_title">Bateria</string>
    <!-- Battery Settings -->
    <string name="battery_settings_title">Ustawienia baterii</string>
    <!-- Battery Styles -->
    <string name="battery_style_category_title">Style baterii</string>
    <string name="battery_percent_title">Procent baterii</string>
    <!-- App info dialog -->
    <string name="derpspace_dialog_title">Pomóż nam Ci pomóc!</string>
    <string name="derpspace_dialog_message">Jeśli znajdziesz błąd z którymkolwiek z tych ustawień, zgłoś go do naszej grupy Telegram. MUSI zawierać następujące informacje podczas publikowania raportu o błędzie:\n\n1. Logcat lub last_kmsg\n2. Kernel i mody użyto\n3. Przydatne informacje\n\nJeśli nie zgłosisz czegoś odpowiednio, NIE oczekuj, że coś zostanie naprawione.</string>
    <string name="derpspace_dialog_toast">PRZECZYTAJ KOLEJKI!</string>
    <string name="artwork_media_fade_level_summary">Zanikanie obrazu grafiki multimediów</string>
    <!-- QuickSettings haptic feedback -->
    <string name="qs_tile_vibration_title">Wibracje</string>
    <string name="quick_settings_vibrate_title">Wibruj przy dotknięciu</string>
    <string name="quick_settings_vibrate_summary">Wibruj podczas dotykania kafelków szybkich ustawień</string>
    <string name="quick_settings_vibrate_duration_title">Czas trwania wibracji</string>
    <string name="quick_settings_vibrate_duration_summary">Ile milisekund wibracji</string>
    <!-- Tiles animation style  -->
    <string name="qs_tile_animation_title">Animacje</string>
    <string name="qs_tile_animation_style_title">Styl animacji</string>
    <string name="qs_tile_animation_duration_title">Czas trwania animacji</string>
    <string name="qs_tile_animation_interpolator_title">Interpolacja animacji kafelków</string>
    <string name="qs_tile_animation_style_off">Brak animacji</string>
    <string name="qs_tile_animation_style_flip">Odwróć</string>
    <string name="qs_tile_animation_style_rotate">Obróć</string>
    <string name="qs_tile_animation_duration_low">Niski</string>
    <string name="qs_tile_animation_duration_default">Domyślny</string>
    <string name="qs_tile_animation_duration_fast">Szybkie</string>
    <string name="qs_tile_animation_interpolator_linearInterpolator">Liniowy</string>
    <string name="qs_tile_animation_interpolator_accelerateInterpolator">Przyspiesz</string>
    <string name="qs_tile_animation_interpolator_decelerateInterpolator">Zwolnienie</string>
    <string name="qs_tile_animation_interpolator_accelerateDecelerateInterpolator">Przyspiesz spowolnienie</string>
    <string name="qs_tile_animation_interpolator_bounceInterpolator">Odbicie</string>
    <string name="qs_tile_animation_interpolator_overshootInterpolator">Przestrzeń</string>
    <string name="qs_tile_animation_interpolator_anticipateInterpolator">Przewidywanie</string>
    <string name="qs_tile_animation_interpolator_anticipateOvershootInterpolator">Przewiduj przekroczenie</string>
    <string name="qs_set_animation_style">%1$s</string>
    <string name="qs_set_animation_duration">%1$s</string>
    <string name="qs_set_animation_interpolator">%1$s</string>
    <!-- 4G icon -->
    <string name="show_fourg_icon_title">Ikona 4G</string>
    <string name="show_fourg_icon_summary">Wyświetl ikonę 4G zamiast ikony sygnału LTE</string>
    <!-- Data disabled icon -->
    <string name="data_disabled_icon_title">Pokaż ikonę wyłączonych danych</string>
    <string name="data_disabled_icon_summary">Wyświetlaj znak krzyża obok paska sygnału, gdy dane są wyłączone</string>
    <!-- QS footer warnings -->
    <string name="qs_footer_warnings_title">Ostrzeżenia stopki szybkich ustawień</string>
    <string name="qs_footer_warnings_summary">Wyświetlaj ostrzeżenie na dole panelu szybkich ustawień, gdy sieć jest monitorowana przez zewnętrzne aplikacje lub vpn</string>
    <!-- Old mobile type icons -->
    <string name="use_old_mobiletype_title">Mała ikona typu mobilnego</string>
    <string name="use_old_mobiletype_summary">Pokaż ikonę typu mobilnego na górze wskaźnika sygnału</string>
    <!-- Lockscreen battery info indicator  -->
    <string name="lockscreen_battery_info_title">Informacje o ładowaniu ekranu blokady</string>
    <string name="lockscreen_battery_info_summary">Pokaż prąd ładowania, napięcie, moc i temperaturę baterii na ekranie blokady podczas ładowania</string>
    <!-- Tiles on secure keyguard -->
    <string name="use_tiles_on_secure_keyguard_title">Wymagaj odblokowania, aby używać wrażliwych kafelków</string>
    <string name="use_tiles_on_secure_keyguard_summary">Poproś o odblokowanie ekranu blokady podczas używania wrażliwych kafelków</string>
    <!-- QS footer text -->
    <string name="qs_footer_text_show_title">Pokaż tekst stopki szybkich ustawień</string>
    <string name="qs_footer_text_string_title">Dostosuj tekst stopki</string>
    <string name="qs_footer_text_string_summary">Ustaw na pusty dla domyślnego #StayDerped</string>
    <!-- Notifications general category -->
    <string name="notifications_general_category_title">Ogólny</string>
    <!-- Notification count -->
    <string name="status_bar_notif_count_title">Liczba powiadomień</string>
    <string name="status_bar_notif_count_summary">Wyświetl liczbę oczekujących powiadomień</string>
    <!-- Units -->
    <string name="unit_seconds">u rot ob</string>
    <string name="unit_milliseconds">ms</string>
    <string name="unit_pixels">dp</string>
    <!-- [CHAR_LIMIT=NONE] Developer Settings: Title of the settings category for theme overlays. -->
    <string name="theme_customization_category">Motyw</string>
    <!-- [CHAR_LIMIT=NONE] Developer Settings: Title of the setting which enables overlays to customize headline and body fonts. -->
    <string name="theme_customization_font_title">Nagłówek / czcionka ciała</string>
    <string name="theme_customization_font_summary">Ustaw styl czcionki systemowej</string>
    <!-- [CHAR_LIMIT=NONE] Developer Settings: Title of the setting which enables overlays to customize the adaptive icon shape (e.g. launcher and quick settings icons). -->
    <string name="theme_customization_icon_shape_title">Kształt ikony</string>
    <string name="theme_customization_icon_shape_summary">Ustaw styl kształtu ikony systemu</string>
    <!-- [CHAR_LIMIT=NONE] Developer Settings: Title of the setting which enables overlays to customize the system wide icon pack. -->
    <string name="theme_customization_icon_pack_title">Pakiet ikon</string>
    <string name="theme_customization_icon_pack_summary">Ustaw niestandardowy styl paczki ikon</string>
    <!-- [CHAR_LIMIT=NONE] Developer Settings: Label for the option that turns off customizations for a given category.-->
    <string name="theme_customization_device_default">Domyślne urządzenie</string>
    <!-- Custom Wi-Fi bar icons -->
    <string name="theme_customization_wifi_icon_title">Ikona WiFi</string>
    <string name="theme_customization_wifi_icon_summary">Ustaw styl ikon WiFi</string>
    <!-- Custom Signal bar icons -->
    <string name="theme_customization_signal_icon_title">Ikony sygnału</string>
    <string name="theme_customization_signal_icon_summary">Ustaw styl ikon sygnału</string>
    <!-- Black theme -->
    <string name="system_black_theme_title">Użyj czarnego motywu</string>
    <string name="system_black_theme_summary">Wymuś czarne kolory tła</string>
    <!-- UI styles -->
    <string name="theme_customization_ui_style_title">Styl interfejsu użytkownika</string>
    <string name="theme_customization_ui_style_summary">Ustaw niestandardowy styl dla swojego interfejsu</string>
    <!-- Applications fragment -->
    <string name="search">Szukaj</string>
    <string name="search_apps">Szukaj aplikacji</string>
    <!-- reTicker -->
    <string name="reticker_title">reTicker</string>
    <string name="reticker_summary">Zastąp powiadomienia przeprojektowaną wersją naklejek. \nSlim i mniej inwazyjne niż standardowe powiadomienie</string>
    <string name="reticker_colored_title">Użyj kolorowego tła aplikacji</string>
    <string name="reticker_colored_summary">Zastąp kolor tła paska powiadomień przy użyciu głównego koloru aplikacji</string>
    <string name="reticker_landscape_only_title">Tylko w poziomie</string>
    <string name="reticker_landscape_only_summary">Włącz reTicker tylko gdy urządzenie jest w trybie poziomym</string>
    <!-- Network traffic -->
    <string name="network_traffic_title">Wskaźnik ruchu sieciowego</string>
    <string name="network_traffic_summary">Włącz lub wyłącz wskaźnik prędkości sieci na pasku stanu</string>
    <string name="network_traffic_state_title">Włącz „wskaźnik ruchu sieciowego”</string>
    <string name="network_options_title">Opcje</string>
    <string name="network_traffic_autohide_title">Ukryj wskaźnik ruchu sieciowego, gdy nieaktywny</string>
    <string name="network_traffic_autohide_summary">Ukryj gdy ruch sieciowy jest mniejszy niż 1 KB/s</string>
    <!-- Media art -->
    <string name="lockscreen_media_art_options_title">Okładka multimediów</string>
    <string name="media_art_title">Okładka multimediów</string>
    <string name="media_art_summary">Wyświetlaj okładkę multimediów, gdy dostępne</string>
    <!-- Lock screen cover art -->
    <string name="lockscreen_media_blur_title">Poziom rozmycia sztuki multimediów</string>
    <!-- Clock position -->
    <string name="status_bar_clock_position_center">Środkowy</string>
    <string name="status_bar_clock_position_left">W lewo</string>
    <string name="status_bar_clock_position_right">Prawy</string>
    <string name="status_bar_clock_position_title">Pozycja zegara</string>
    <!-- Clock AM/PM -->
    <string name="status_bar_am_pm_hidden">Hidden</string>
    <string name="status_bar_am_pm_normal">Normalny</string>
    <string name="status_bar_am_pm_small">Mały</string>
    <string name="status_bar_am_pm_title">Styl AM/PM zegara</string>
    <string name="status_bar_am_pm_unavailable">24-godzinny zegar jest włączony</string>
    <!-- Clock show seconds -->
    <string name="status_bar_clock_show_seconds_title">Pokaż sekundy zegara</string>
    <string name="status_bar_clock_show_seconds_desc">Pokaż godziny, minuty i sekundy</string>
    <!-- Battery style and percentage -->
    <string name="status_bar_battery_style_circle">Okręg</string>
    <string name="status_bar_battery_style_icon_portrait">Ikona pionowa</string>
    <string name="status_bar_battery_style_text">Tekst</string>
    <string name="status_bar_battery_style_title">Styl stanu baterii</string>
    <string name="status_bar_battery_percentage_hidden">Hidden</string>
    <string name="status_bar_battery_percentage_text_inside">Wewnątrz ikony</string>
    <string name="status_bar_battery_percentage_text_next">Obok ikony</string>
    <string name="status_bar_battery_percentage_title">Procent baterii</string>
    <!-- Brightness slider -->
    <string name="qqs_show_brightness_title">Pokaż suwak jasności w panelu szybkich ustawień</string>
    <string name="brightness_slider_position_title">Pozycja suwaka jasności</string>
    <string name="top">Góra</string>
    <string name="bottom">Dolny</string>
    <string name="show_auto_brightness_button_title">Pokaż przycisk automatycznej jasności</string>
    <!-- Pulse -->
    <string name="ambient_light_category">Oświetlenie krawędzi</string>
    <string name="keywords_pulse_ambient_light_display">powiadomienia, krawędź, jasny, kolor, kolor</string>
    <string name="pulse_ambient_light_text">Oświetlenie krawędzi sprawia, że twój ekran jest podświetlony, gdy otrzymasz powiadomienie. To ułatwia wykrywanie kiedy otrzymasz impuls, gdy telefon jest trybem drzemki.</string>
    <string name="pulse_ambient_light_enable">Użyj oświetlenia krawędzi</string>
    <string name="pulse_ambient_light_title">Oświetlenie krawędzi</string>
    <string name="pulse_ambient_light_summary">Podświetl boczne krawędzie ekranu po pulsowaniu powiadomień</string>
    <string name="ambient_notification_light_accent_title">Kolor akcentu systemowego</string>
    <string name="ambient_notification_light_color_automatic_title">Kolor powiadomień</string>
    <string name="pulse_ambient_light_color">Podczas pulsowania, należy używać</string>
    <!-- QS tiles layout -->
    <string name="qs_tile_layout_title">Układ kafelków szybkich ustawień</string>
    <string name="qs_tile_layout_summary">Dostosuj układ kafelków w panelu szybkich ustawień</string>
    <string name="qs_tiles_layout_category">Układ kafelków</string>
    <string name="qs_rows_portrait_title">Wiersze (Portrit)</string>
    <string name="qqs_rows_portrait_title">Wiersze (portret Szybkiego Szybkiego Szybkiego)</string>
    <string name="qs_columns_portrait_title">Kolumny (Portrit)</string>
    <string name="qs_apply_change_button_title">Zastosuj zmianę</string>
    <string name="qs_apply_change_failed">Nie udało się zastosować zmiany</string>
    <string name="qs_tile_hide_label_title">Ukryj etykiety</string>
    <string name="qs_tile_hide_label_summary">Pokaż tylko ikonę dla kafelków szybkich ustawień</string>
    <string name="qs_tile_vertical_layout_title">Układ pionowy</string>
    <string name="qs_tile_vertical_layout_summary">Włącz układ pionowy dla kafelków szybkich ustawień</string>
    <!-- Statusbar lyric -->
    <string name="status_bar_lyric_title">Tekst na pasku stanu</string>
    <string name="status_bar_lyric_summary">Pokaż piosenkę na pasku stanu (wymaga wsparcia aplikacji)</string>
    <string name="status_bar_show_lyric_title">Włącz tekst na pasku stanu</string>
    <!-- Statusbar logo -->
    <string name="status_bar_logo_category_title">Logo</string>
    <string name="status_bar_logo_title">Logo</string>
    <string name="status_bar_logo_summary">Włącz wyświetlanie logo na pasku stanu</string>
    <string name="status_bar_logo_position_title">Położenie</string>
    <string name="status_bar_logo_position_summary">Wybierz stronę, która ma wyświetlać logo, po lewej lub prawej</string>
    <string name="status_bar_logo_position_right">Prawy</string>
    <string name="status_bar_logo_position_left">W lewo</string>
    <string name="status_bar_logo_style_title">Styl</string>
    <string name="status_bar_logo_style_derp">DerpFest</string>
    <string name="status_bar_logo_style_derp_alt">Trójkąt DerpFest</string>
    <string name="status_bar_logo_style_adidas">Adidas</string>
    <string name="status_bar_logo_style_airjordan">Air Jordan</string>
    <string name="status_bar_logo_style_apple">Jabłko</string>
    <string name="status_bar_logo_style_avengers">Aparaty</string>
    <string name="status_bar_logo_style_batman">Batman</string>
    <string name="status_bar_logo_style_batman_tdk">Batman Mroczny Rycerz</string>
    <string name="status_bar_logo_style_beats">Uderzenia</string>
    <string name="status_bar_logo_style_biohazard">Zagrożenie biologiczne</string>
    <string name="status_bar_logo_style_blackberry">Jeżyny</string>
    <string name="status_bar_logo_style_cannabis">Marnabis</string>
    <string name="status_bar_logo_style_fire">Ogień</string>
    <string name="status_bar_logo_style_nike">Nike</string>
    <string name="status_bar_logo_style_pac_man">Pac-Man</string>
    <string name="status_bar_logo_style_puma">Pompa</string>
    <string name="status_bar_logo_style_rog">ROG</string>
    <string name="status_bar_logo_style_superman">Superman</string>
    <string name="status_bar_logo_style_windows">Okna</string>
    <string name="status_bar_logo_style_xbox">XBOX</string>
    <!-- Pulse music visualizer -->
    <string name="pulse_help_policy_notice_title">O Pulse</string>
    <string name="pulse_help_policy_notice_summary">Pulse jest wspaniałym wizualizatorem dźwięku, gdy muzyka odtwarza się na urządzeniu</string>
    <string name="pulse_settings">Puls</string>
    <string name="pulse_settings_summary">Wizualizator audio dla paska nawigacji, ekranu blokady i ekranu otoczenia</string>
    <string name="show_navbar_pulse_title">Puls paska nawigacji</string>
    <string name="show_navbar_pulse_summary">Wizualizator audio na pasku nawigacji</string>
    <string name="show_lockscreen_pulse_title">Puls ekranu blokady</string>
    <string name="show_lockscreen_pulse_summary">Wizualizator audio na ekranie blokady</string>
    <string name="show_ambient_pulse_title">Impuls otoczenia</string>
    <string name="show_ambient_pulse_summary">Wizualizator audio na ekranie otoczenia</string>
    <string name="pulse_render_mode_title">Tryb renderowania</string>
    <string name="pulse_render_mode_fading_bars">Zanikanie bloków</string>
    <string name="pulse_render_mode_solid_lines">Linie stałe</string>
    <string name="pulse_legacy_mode_advanced_category">Ustawienia trybu zanikania bloków</string>
    <string name="pulse_custom_fudge_factor">Poziom szaleństwa</string>
    <string name="pulse_lavalamp_speed_title">Prędkość lampy lawowej</string>
    <string name="pulse_solid_units_count">Liczba stałych linii</string>
    <string name="pulse_solid_units_opacity">Przezroczystość linii stałych</string>
    <string name="pulse_solid_dimen_category">Ustawienia trybu stałych linii</string>
    <string name="pulse_color_mode_title">Kolor</string>
    <string name="pulse_color_accent">Akcent</string>
    <string name="pulse_color_custom">Własny</string>
    <string name="pulse_color_lava_lamp">Lava lamp</string>
    <string name="pulse_color_auto">Album</string>
    <string name="pulse_color_user_title">Wybierz kolor</string>
    <string name="pulse_smoothing_enabled_title">Włącz wygładzanie</string>
    <string name="pulse_smoothing_enabled_summary">Każdy pasek jest animowany bardziej płynnie</string>
    <string name="pulse_custom_dimen">Bar width</string>
    <string name="pulse_custom_div">Odstęp między paskami</string>
    <string name="pulse_filled_block_size">Rozmiar bloku</string>
    <string name="pulse_empty_block_size">Odstępy bloków</string>
    <string name="pulse_solid_units_rounded_title">Linie stałe zaokrąglone</string>
    <string name="pulse_solid_units_rounded_summary">Zaokrąglij stałe linie</string>
    <!-- Udfps animations -->
    <string name="udfps_recog_animation">Użyj animacji UDFPS</string>
    <string name="udfps_recog_animation_summary">Pokazuje animację podczas czytania palca</string>
    <string name="udfps_recog_animation_effect_title">Niestandardowa animacja UDFPS</string>
    <string name="udfps_recog_animation_effect_summary">Wybierz efekt animacji</string>
    <!-- Udfps icon picker -->
    <string name="udfps_icon_picker_title">Wybór ikon UDFPS</string>
    <string name="udfps_icon_picker_summary">Wybierz swoją ulubioną ikonę odcisku palca</string>
    <!-- Lockscreen charge temperature unit -->
    <string name="lockscreen_charge_temp_unit_title">Jednostka temperatury</string>
    <string name="lockscreen_charge_temp_unit_farhenheit">Fahrenheit</string>
    <string name="lockscreen_charge_temp_unit_celsius">Celsjusza</string>
    <!-- Material dismiss all button for notifications -->
    <string name="notification_material_dismiss_title">Przycisk \"Wyczyść wszystko\"</string>
    <string name="notification_material_dismiss_summary">Zastąp wyczyść wszystkie powiadomienia na pływający przycisk stylu materiałowego</string>
    <string name="notification_material_dismiss_style_title">Styl przycisków</string>
    <string name="notification_material_dismiss_bgstyle_title">Tło przycisku</string>
    <!-- Bluetooth status -->
    <string name="bluetooth_battery_title">Stan baterii Bluetooth</string>
    <string name="bluetooth_battery_summary">Wyświetl stan baterii podłączonego urządzenia Bluetooth, jeśli jest dostępny</string>
    <!-- Clock auto hide -->
    <string name="status_bar_clock_auto_hide_title">Automatyczne ukrywanie</string>
    <string name="status_bar_clock_auto_hide_summary">Ukryj zegar, jeśli widoczny jest launcher</string>
    <!-- Display Settings: Title of the setting which toggles wallpaper zooming effects on interraction -->
    <string name="wallpaper_zoom_effect_title">Efekt powiększenia tapety</string>
    <!-- Display Settings: Subtitle of the setting which toggles wallpaper zooming effects on interraction -->
    <string name="wallpaper_zoom_effect_summary">Powiększ tapetę aby pokazać animację głębokości powiększenia. Tapety mogą cierpieć na spadek jakości</string>
    <!-- Squiggle animation -->
    <string name="show_squiggle_animation_title">Pokaż animację squiggle</string>
    <string name="show_squiggle_animation_summary">Pokaż animację squiggle panelu multimediów\nPo zmianie musisz przełączyć muzykę, wstrzymać muzykę lub przesunąć pasek postępu aby zastosować</string>
    <!-- Ambient battery bar settings -->
    <string name="ambient_ui">Ambient/Always On Display</string>
    <string name="ambient_battery_settings_title">Pasek baterii</string>
    <string name="ambient_battery_settings_summary">Wyświetlaj pasek baterii na ekranie otoczenia</string>
    <string name="keyguard_show_battery_title">Pasek baterii podczas ładowania</string>
    <string name="keyguard_show_battery_summary">Pokaż pasek baterii na ekranie otoczenia podczas ładowania</string>
    <string name="keyguard_show_battery_always_title">Zawsze pokazuj pasek baterii</string>
    <string name="keyguard_show_battery_always_summary">Zawsze pokazuj pasek baterii na ekranie otoczenia</string>
    <!-- Pulse Gravity and mirror options -->
    <string name="pulse_custom_gravity_title">Grawitacja</string>
    <string name="pulse_custom_gravity_bottom">Dolny</string>
    <string name="pulse_custom_gravity_top">Góra</string>
    <string name="pulse_custom_gravity_center">Środkowy</string>
    <string name="visualizer_center_mirrored_title">Wyśrodkuj lustrzane</string>
    <string name="visualizer_center_mirrored_summary">Ustaw wizualizator w trybie lustrzanym</string>
    <string name="pulse_vertical_mirror_title">Pionowe lustro</string>
    <string name="pulse_vertical_mirror_summary">Utwórz inny puls i obróć w pionie</string>
    <!-- Ripple Effect on lockscreen -->
    <string name="disable_fingerprint_ripple_effect_title">Wyłącz efekt Ripple</string>
    <string name="disable_fingerprint_ripple_effect_summary">Wyłącz efekt rozrywki przy odblokowaniu</string>
    <!-- Charging animation -->
    <string name="charging_animation_title">Animacja ładowania</string>
    <string name="charging_animation_summary">Wyświetlaj animację po podłączeniu urządzenia</string>
    <!-- Statusbar Clock background chip -->
    <string name="statusbar_clock_chip_title">Chipy tła</string>
    <string name="statusbar_clock_chip_summary">Wyświetlaj akcentowany chip za zegarem</string>
    <!-- Hide statusbar on lockscreen -->
    <string name="lockscreen_hide_status_bar_title">Ukryj pasek stanu</string>
    <string name="lockscreen_hide_status_bar_summary">Po włączeniu pasek stanu zostanie ukryty na ekranie blokady</string>
    <!-- Android P animation style -->
    <string name="pie_animation_style_title">Styl animacji Android P</string>
    <string name="pie_animation_style_summary">Włącz domyślne animacje Android P</string>
    <!-- Parallel space -->
    <string name="laboratory_parallel_space_title">Przestrzeń równoległa</string>
    <string name="laboratory_parallel_space_summary">Zezwalaj na uruchamianie wielu instancji tej samej aplikacji równolegle</string>
</resources>
