<?xml version="1.0" encoding="utf-8"?>
<!--  Copyright (C) 2014-2016 The Dirty Unicorns Project
      Copyright (C) 2016 AospExtended ROM Project
      Copyright (C) 2022 DerpFest

  This program is free software: you can redistribute it and/or modify
  it under the terms of the GNU General Public License as published by
  the Free Software Foundation, either version 3 of the License, or
  (at your option) any later version.

  This program is distributed in the hope that it will be useful,
  but WITHOUT ANY WARRANTY; without even the implied warranty of
  MERCHANTABILITY or FITNESS FOR A PARTICULAR PURPOSE.  See the
  GNU General Public License for more details.

  You should have received a copy of the GNU General Public License
  along with this program.  If not, see <http://www.gnu.org/licenses/>.
 -->
<resources xmlns:xliff="urn:oasis:names:tc:xliff:document:1.2">
    <!-- General app strings -->
    <string name="add">Προσθήκη</string>
    <string name="advanced">Προχωρημένα</string>
    <string name="cancel">Ακύρωση</string>
    <string name="default_text">Προεπιλογή</string>
    <string name="dlg_ok">Εντάξει</string>
    <string name="attention">Προσοχή</string>
    <string name="loading">Φόρτωση\u2026</string>
    <string name="reset">Reset</string>
    <string name="reset_colors">Επαναφορά χρωμάτων</string>
    <string name="reset_android">Android</string>
    <string name="text_title">Κείμενο</string>
    <string name="icon_title">Εικονίδιο</string>
    <string name="color_title">Χρώμα</string>
    <string name="colors_title">Χρώματα</string>
    <!-- DerpSpace categories -->
    <string name="icons_category">Εικονίδια</string>
    <string name="status_bar_category">Γραμμή Κατάστασης</string>
    <string name="notifications_panel_category">Πίνακας γρήγορων ρυθμίσεων</string>
    <string name="system_category">Σύστημα</string>
    <string name="lockscreen_category">Οθόνη Κλειδώματος</string>
    <string name="udfps_category">Υπο-εμφάνιση δακτυλικού αποτυπώματος</string>
    <string name="listview">Προβολή Λίστας</string>
    <!-- Frags -->
    <!-- General Tweaks -->
    <string name="general_tweaks_title">Γενικές ρυθμίσεις</string>
    <!-- Lockscreen UI -->
    <string name="lockscreen_ui_title">UI Οθόνης Κλειδώματος</string>
    <!-- Lockscreen general category -->
    <string name="general_category">Γενικά</string>
    <!-- Lockscreen charging category -->
    <string name="charging_category">Φόρτιση</string>
    <!-- Quicksettings media category -->
    <string name="media_category">Πρόγραμμα αναπαραγωγής πολυμέσων</string>
    <!-- Network Traffic -->
    <string name="traffic_title">Δείκτες Κυκλοφορίας</string>
    <!-- Misc DerpSpace -->
    <string name="misc_derpspace_title">Διάφορα</string>
    <!-- Notifications -->
    <string name="notifications_title">Ειδοποιήσεις</string>
    <!-- Quick Settings -->
    <string name="quick_settings_title">Γρήγορες Ρυθμίσεις</string>
    <!-- Status bar clock and date options -->
    <string name="status_bar_clock_title">Ρυθμίσεις ρολογιού &amp; ημερομηνίας</string>
    <!-- Quick Settings brightness slider -->
    <string name="qs_brightness_slider_category">Ρυθμιστικό φωτεινότητας</string>
    <!-- Quick Settings footer category -->
    <string name="footer_category">Υποσέλιδο</string>
    <!-- Statusbar Iten -->
    <string name="statusbar_items_category">Αντικείμενα Γραμμής Κατάστασης</string>
    <!-- Customisation -->
    <string name="customisation_title">Προσαρμογή</string>
    <!-- Battery -->
    <string name="battery_title">Μπαταρία</string>
    <!-- Battery Settings -->
    <string name="battery_settings_title">Ρυθμίσεις Μπαταρίας</string>
    <!-- Battery Styles -->
    <string name="battery_style_category_title">Στυλ Μπαταρίας</string>
    <string name="battery_percent_title">Ποσοστό μπαταρίας</string>
    <!-- App info dialog -->
    <string name="derpspace_dialog_title">Βοηθήστε μας να σας βοηθήσουμε!</string>
    <string name="derpspace_dialog_message">Αν βρείτε ένα σφάλμα με οποιαδήποτε από αυτές τις ρυθμίσεις, αναφέρετέ το στην ομάδα Telegram. ΠΡΕΠΕΙ να συμπεριλάβετε τα ακόλουθα όταν δημοσιεύετε μια αναφορά σφάλματος:\n\n1. A logcat or last_kmsg\n2. Kernel and mods used\n3. Χρήσιμες πληροφορίες\n\nΑν αποτύχετε να αναφέρετε κάτι επαρκώς, ΜΗΝ περιμένετε να διορθωθούν τα πράγματα.</string>
    <string name="derpspace_dialog_toast">ΔΙΑΒΑΣΤΕ ΤΟΥΣ ΟΠΟΙΟΥ!</string>
    <string name="artwork_media_fade_level_summary">Ξεθώριασμα εικόνας εξώφυλλου πολυμέσων</string>
    <!-- QuickSettings haptic feedback -->
    <string name="qs_tile_vibration_title">Δόνηση</string>
    <string name="quick_settings_vibrate_title">Δόνηση κατά το άγγιγμα</string>
    <string name="quick_settings_vibrate_summary">Δόνηση όταν αγγίζετε πλακίδια γρήγορων ρυθμίσεων</string>
    <string name="quick_settings_vibrate_duration_title">Διάρκεια δόνησης</string>
    <string name="quick_settings_vibrate_duration_summary">Πόσα χιλιοστά δευτερολέπτου για δόνηση</string>
    <!-- Tiles animation style  -->
    <string name="qs_tile_animation_title">Εφέ</string>
    <string name="qs_tile_animation_style_title">Στυλ εφέ</string>
    <string name="qs_tile_animation_duration_title">Διάρκεια κίνησης</string>
    <string name="qs_tile_animation_interpolator_title">Παρεμβολή κίνησης πλακιδίων</string>
    <string name="qs_tile_animation_style_off">Χωρίς κινούμενα σχέδια</string>
    <string name="qs_tile_animation_style_flip">Αναστροφή</string>
    <string name="qs_tile_animation_style_rotate">Περιστροφή</string>
    <string name="qs_tile_animation_duration_low">Χαμηλή</string>
    <string name="qs_tile_animation_duration_default">Προεπιλογή</string>
    <string name="qs_tile_animation_duration_fast">Γρήγορη</string>
    <string name="qs_tile_animation_interpolator_linearInterpolator">Γραμμικό</string>
    <string name="qs_tile_animation_interpolator_accelerateInterpolator">Επιτάχυνση</string>
    <string name="qs_tile_animation_interpolator_decelerateInterpolator">Επιβράδυνση</string>
    <string name="qs_tile_animation_interpolator_accelerateDecelerateInterpolator">Επιτάχυνση επιβράδυνση</string>
    <string name="qs_tile_animation_interpolator_bounceInterpolator">Αναπήδηση</string>
    <string name="qs_tile_animation_interpolator_overshootInterpolator">Υπέρβαση</string>
    <string name="qs_tile_animation_interpolator_anticipateInterpolator">Πρόβλεψη</string>
    <string name="qs_tile_animation_interpolator_anticipateOvershootInterpolator">Πρόβλεψη υπέρβασης</string>
    <string name="qs_set_animation_style">%1$s</string>
    <string name="qs_set_animation_duration">%1$s</string>
    <string name="qs_set_animation_interpolator">%1$s</string>
    <!-- 4G icon -->
    <string name="show_fourg_icon_title">Εικονίδιο 4G</string>
    <string name="show_fourg_icon_summary">Εμφάνιση εικονιδίου 4G στο εικονίδιο σήματος αντί για LTE</string>
    <!-- Data disabled icon -->
    <string name="data_disabled_icon_title">Εμφάνιση εικονιδίου απενεργοποιημένων δεδομένων</string>
    <string name="data_disabled_icon_summary">Εμφάνιση του σημαδιού σταυρού δίπλα στη μπάρα σήματος όταν τα δεδομένα είναι απενεργοποιημένα</string>
    <!-- QS footer warnings -->
    <string name="qs_footer_warnings_title">Υποσέλιδο προειδοποιήσεων γρήγορων ρυθμίσεων</string>
    <string name="qs_footer_warnings_summary">Εμφάνιση μιας προειδοποίησης στο κάτω μέρος του πίνακα γρήγορων ρυθμίσεων όταν το δίκτυο παρακολουθείται από εξωτερικές εφαρμογές ή vpn</string>
    <!-- Old mobile type icons -->
    <string name="use_old_mobiletype_title">Μικρό εικονίδιο τύπου κινητού</string>
    <string name="use_old_mobiletype_summary">Εμφάνιση εικονιδίου τύπου κινητού πάνω από την ένδειξη σήματος</string>
    <!-- Lockscreen battery info indicator  -->
    <string name="lockscreen_battery_info_title">Πληροφορίες φόρτισης οθόνης κλειδώματος</string>
    <string name="lockscreen_battery_info_summary">Εμφάνιση ρεύματος φόρτισης, τάσης, ισχύος και θερμοκρασίας μπαταρίας στην οθόνη κλειδώματος κατά τη φόρτιση</string>
    <!-- Tiles on secure keyguard -->
    <string name="use_tiles_on_secure_keyguard_title">Απαιτείται ξεκλείδωμα για χρήση ευαίσθητων πλακιδίων</string>
    <string name="use_tiles_on_secure_keyguard_summary">Ερώτηση για ξεκλείδωμα οθόνης κλειδώματος όταν χρησιμοποιείτε ευαίσθητα πλακίδια</string>
    <!-- QS footer text -->
    <string name="qs_footer_text_show_title">Εμφάνιση κειμένου υποσέλιδου γρήγορων ρυθμίσεων</string>
    <string name="qs_footer_text_string_title">Προσαρμογή κειμένου υποσέλιδου</string>
    <string name="qs_footer_text_string_summary">Ορίστε κενό για την προεπιλογή #StayDerped</string>
    <!-- Notifications general category -->
    <string name="notifications_general_category_title">Γενικά</string>
    <!-- Notification count -->
    <string name="status_bar_notif_count_title">Αριθμός ειδοποιήσεων</string>
    <string name="status_bar_notif_count_summary">Εμφάνιση του αριθμού των εκκρεμών ειδοποιήσεων</string>
    <!-- Units -->
    <string name="unit_seconds">ίνα</string>
    <string name="unit_milliseconds">ms</string>
    <string name="unit_pixels">dp</string>
    <!-- [CHAR_LIMIT=NONE] Developer Settings: Title of the settings category for theme overlays. -->
    <string name="theme_customization_category">Θέμα</string>
    <!-- [CHAR_LIMIT=NONE] Developer Settings: Title of the setting which enables overlays to customize headline and body fonts. -->
    <string name="theme_customization_font_title">Γραμματοσειρά επικεφαλίδας / Σώματος</string>
    <string name="theme_customization_font_summary">Ορισμός στυλ γραμματοσειράς συστήματος</string>
    <!-- [CHAR_LIMIT=NONE] Developer Settings: Title of the setting which enables overlays to customize the adaptive icon shape (e.g. launcher and quick settings icons). -->
    <string name="theme_customization_icon_shape_title">Σχήμα εικονιδίου</string>
    <string name="theme_customization_icon_shape_summary">Ορισμός στυλ σχήματος εικονιδίου συστήματος</string>
    <!-- [CHAR_LIMIT=NONE] Developer Settings: Title of the setting which enables overlays to customize the system wide icon pack. -->
    <string name="theme_customization_icon_pack_title">Πακέτο εικονιδίων</string>
    <string name="theme_customization_icon_pack_summary">Ορισμός προσαρμοσμένου στυλ πακέτου εικονιδίων</string>
    <!-- [CHAR_LIMIT=NONE] Developer Settings: Label for the option that turns off customizations for a given category.-->
    <string name="theme_customization_device_default">Προεπιλογή συσκευής</string>
    <!-- Custom Wi-Fi bar icons -->
    <string name="theme_customization_wifi_icon_title">Εικονίδιο WiFi</string>
    <string name="theme_customization_wifi_icon_summary">Ορισμός στυλ εικονιδίου Wifi</string>
    <!-- Custom Signal bar icons -->
    <string name="theme_customization_signal_icon_title">Εικονίδια σήματος</string>
    <string name="theme_customization_signal_icon_summary">Ορισμός στυλ εικονιδίων σήματος</string>
    <!-- Black theme -->
    <string name="system_black_theme_title">Χρήση μαύρου θέματος</string>
    <string name="system_black_theme_summary">Εξαναγκασμός χρωμάτων μαύρου φόντου</string>
    <!-- UI styles -->
    <string name="theme_customization_ui_style_title">Στυλ UI</string>
    <string name="theme_customization_ui_style_summary">Ορίστε προσαρμοσμένο στυλ για το περιβάλλον εργασίας σας</string>
    <!-- Applications fragment -->
    <string name="search">Αναζήτηση</string>
    <string name="search_apps">Αναζήτηση εφαρμογών</string>
    <!-- reTicker -->
    <string name="reticker_title">reTicker</string>
    <string name="reticker_summary">Αντικαταστήστε τις ειδοποιήσεις σας με μια επανασχεδιασμένη έκδοση των tickers. \nSlim και λιγότερο επεμβατική από μια τυπική ειδοποίηση</string>
    <string name="reticker_colored_title">Χρήση έγχρωμου φόντου εφαρμογών</string>
    <string name="reticker_colored_summary">Αντικατάσταση χρώματος φόντου reTicker χρησιμοποιώντας το κύριο χρώμα της εφαρμογής ειδοποίησης</string>
    <string name="reticker_landscape_only_title">Οριζόντια μόνο</string>
    <string name="reticker_landscape_only_summary">Ενεργοποίηση του reTicker μόνο όταν η συσκευή βρίσκεται σε οριζόντια λειτουργία</string>
    <!-- Network traffic -->
    <string name="network_traffic_title">Ένδειξη κίνησης δικτύου</string>
    <string name="network_traffic_summary">Ενεργοποίηση ή απενεργοποίηση ένδειξης ταχύτητας δικτύου στη γραμμή κατάστασης</string>
    <string name="network_traffic_state_title">Ενεργοποίηση \"Ένδειξη κυκλοφορίας δικτύου\"</string>
    <string name="network_options_title">Επιλογές</string>
    <string name="network_traffic_autohide_title">Απόκρυψη κίνησης δικτύου όταν είναι ανενεργός</string>
    <string name="network_traffic_autohide_summary">Απόκρυψη όταν η κίνηση δικτύου είναι κάτω από 1 KB/s</string>
    <!-- Media art -->
    <string name="lockscreen_media_art_options_title">Εξώφυλλο άλμπουμ</string>
    <string name="media_art_title">Εξώφυλλο άλμπουμ</string>
    <string name="media_art_summary">Εμφάνιση εξώφυλλου άλμπουμ όταν είναι διαθέσιμο</string>
    <!-- Lock screen cover art -->
    <string name="lockscreen_media_blur_title">Επίπεδο θολώματος τέχνης πολυμέσων</string>
    <!-- Clock position -->
    <string name="status_bar_clock_position_center">Κέντρο</string>
    <string name="status_bar_clock_position_left">Αριστερά</string>
    <string name="status_bar_clock_position_right">Δεξιά</string>
    <string name="status_bar_clock_position_title">Θέση ρολογιού</string>
    <!-- Clock AM/PM -->
    <string name="status_bar_am_pm_hidden">Hidden</string>
    <string name="status_bar_am_pm_normal">Κανονικό</string>
    <string name="status_bar_am_pm_small">Μικρό</string>
    <string name="status_bar_am_pm_title">Στυλ ρολογιού ΠΜ/ΜΜ</string>
    <string name="status_bar_am_pm_unavailable">24ωρο ρολόι ενεργοποιημένο</string>
    <!-- Clock show seconds -->
    <string name="status_bar_clock_show_seconds_title">Ρολόι Εμφάνιση δευτερολέπτων</string>
    <string name="status_bar_clock_show_seconds_desc">Εμφάνιση ωρών, λεπτών και δευτερολέπτων</string>
    <!-- Battery style and percentage -->
    <string name="status_bar_battery_style_circle">Κύκλος</string>
    <string name="status_bar_battery_style_icon_portrait">Κάθετο εικονίδιο</string>
    <string name="status_bar_battery_style_text">Κείμενο</string>
    <string name="status_bar_battery_style_title">Στυλ επιπέδου μπαταρίας</string>
    <string name="status_bar_battery_percentage_hidden">Hidden</string>
    <string name="status_bar_battery_percentage_text_inside">Μέσα στο εικονίδιο</string>
    <string name="status_bar_battery_percentage_text_next">Δίπλα στο εικονίδιο</string>
    <string name="status_bar_battery_percentage_title">Ποσοστό μπαταρίας</string>
    <!-- Brightness slider -->
    <string name="qqs_show_brightness_title">Εμφάνιση ρυθμιστικού φωτεινότητας στις γρήγορες γρήγορες γρήγορες ρυθμίσεις</string>
    <string name="brightness_slider_position_title">Θέση ρυθμιστικού φωτεινότητας</string>
    <string name="top">Πάνω</string>
    <string name="bottom">Κάτω</string>
    <string name="show_auto_brightness_button_title">Εμφάνιση κουμπιού αυτόματης φωτεινότητας</string>
    <!-- Pulse -->
    <string name="ambient_light_category">Φωτισμός άκρων</string>
    <string name="keywords_pulse_ambient_light_display">ειδοποίηση, ειδοποιήσεις, ακμή, φως, χρώμα, χρώμα</string>
    <string name="pulse_ambient_light_text">Ο φωτισμός άκρων κάνει την οθόνη σας να λάμψει όταν λαμβάνετε μια ειδοποίηση. Αυτό καθιστά ευκολότερη την εικόνα όταν παίρνετε έναν παλμό, ενώ το τηλέφωνο είναι λειτουργία αδράνειας.</string>
    <string name="pulse_ambient_light_enable">Χρήση φωτισμού άκρων</string>
    <string name="pulse_ambient_light_title">Φωτισμός άκρων</string>
    <string name="pulse_ambient_light_summary">Άναψε τις πλευρικές άκρες της οθόνης στον παλμό ειδοποίησης</string>
    <string name="ambient_notification_light_accent_title">Χρώμα έμφασης συστήματος</string>
    <string name="ambient_notification_light_color_automatic_title">Χρώμα ειδοποίησης</string>
    <string name="pulse_ambient_light_color">Κατά το παλμό, χρησιμοποιήστε</string>
    <!-- QS tiles layout -->
    <string name="qs_tile_layout_title">Διάταξη πλακιδίων γρήγορων ρυθμίσεων</string>
    <string name="qs_tile_layout_summary">Προσαρμογή διάταξης πλακιδίων στον πίνακα γρήγορων ρυθμίσεων</string>
    <string name="qs_tiles_layout_category">Διάταξη πλακιδίων</string>
    <string name="qs_rows_portrait_title">Γραμμές (Πορτραίτο)</string>
    <string name="qqs_rows_portrait_title">Γραμμές (Γρήγορες γρήγορες γρήγορες γρήγορες ρυθμίσεις)</string>
    <string name="qs_columns_portrait_title">Στήλες (Πορτραίτο)</string>
    <string name="qs_apply_change_button_title">Εφαρμογή αλλαγής</string>
    <string name="qs_apply_change_failed">Αποτυχία εφαρμογής αλλαγής</string>
    <string name="qs_tile_hide_label_title">Απόκρυψη ετικετών</string>
    <string name="qs_tile_hide_label_summary">Εμφάνιση μόνο εικονιδίου για πλακίδια γρήγορων ρυθμίσεων</string>
    <string name="qs_tile_vertical_layout_title">Κατακόρυφη διάταξη</string>
    <string name="qs_tile_vertical_layout_summary">Ενεργοποίηση κάθετης διάταξης για πλακίδια γρήγορων ρυθμίσεων</string>
    <!-- Statusbar lyric -->
    <string name="status_bar_lyric_title">Λυρική γραμμή κατάστασης</string>
    <string name="status_bar_lyric_summary">Εμφάνιση στίχου στη γραμμή κατάστασης (ανάγκη υποστήριξης εφαρμογών)</string>
    <string name="status_bar_show_lyric_title">Ενεργοποίηση στίχου γραμμής κατάστασης</string>
    <!-- Statusbar logo -->
    <string name="status_bar_logo_category_title">Λογότυπο</string>
    <string name="status_bar_logo_title">Λογότυπο</string>
    <string name="status_bar_logo_summary">Ενεργοποιήστε για εμφάνιση λογότυπου στη γραμμή κατάστασης</string>
    <string name="status_bar_logo_position_title">Θέση</string>
    <string name="status_bar_logo_position_summary">Επιλέξτε ποια πλευρά θα εμφανίσει το λογότυπο επάνω, αριστερά ή δεξιά</string>
    <string name="status_bar_logo_position_right">Δεξιά</string>
    <string name="status_bar_logo_position_left">Αριστερά</string>
    <string name="status_bar_logo_style_title">Στυλ</string>
    <string name="status_bar_logo_style_derp">DerpFest</string>
    <string name="status_bar_logo_style_derp_alt">Τρίγωνο του DerpFest</string>
    <string name="status_bar_logo_style_adidas">Adidas</string>
    <string name="status_bar_logo_style_airjordan">Air Jordan</string>
    <string name="status_bar_logo_style_apple">Μήλο</string>
    <string name="status_bar_logo_style_avengers">Εκδικητές</string>
    <string name="status_bar_logo_style_batman">Batman</string>
    <string name="status_bar_logo_style_batman_tdk">Batman Ο Σκοτεινός Ιππότης</string>
    <string name="status_bar_logo_style_beats">Χτυπήματα</string>
    <string name="status_bar_logo_style_biohazard">Βιοκίνδυνος</string>
    <string name="status_bar_logo_style_blackberry">Βατόμουρο</string>
    <string name="status_bar_logo_style_cannabis">Κάνναβη</string>
    <string name="status_bar_logo_style_fire">Φωτιά</string>
    <string name="status_bar_logo_style_nike">Nike</string>
    <string name="status_bar_logo_style_pac_man">Pac-Man</string>
    <string name="status_bar_logo_style_puma">Πούμα</string>
    <string name="status_bar_logo_style_rog">ROG</string>
    <string name="status_bar_logo_style_superman">Σούπερμαν</string>
    <string name="status_bar_logo_style_windows">Παράθυρα</string>
    <string name="status_bar_logo_style_xbox">XBOX</string>
    <!-- Pulse music visualizer -->
    <string name="pulse_help_policy_notice_title">Περί Παλμού</string>
    <string name="pulse_help_policy_notice_summary">Ο παλμός είναι ένας λαμπρός οπτικοποιητής ήχου όταν η μουσική παίζει στη συσκευή</string>
    <string name="pulse_settings">Παλμός</string>
    <string name="pulse_settings_summary">Οπτικοποίηση ήχου για τη γραμμή πλοήγησης, την οθόνη κλειδώματος και την οθόνη περιβάλλοντος</string>
    <string name="show_navbar_pulse_title">Παλμός Γραμμής Πλοήγησης</string>
    <string name="show_navbar_pulse_summary">Οπτικοποίηση ήχου στη γραμμή πλοήγησης</string>
    <string name="show_lockscreen_pulse_title">Παλμός Οθόνης Κλειδώματος</string>
    <string name="show_lockscreen_pulse_summary">Οπτικοποίηση ήχου στην οθόνη κλειδώματος</string>
    <string name="show_ambient_pulse_title">Παλμός Περιβάλλοντος</string>
    <string name="show_ambient_pulse_summary">Οπτικοποίηση ήχου στην οθόνη περιβάλλοντος</string>
    <string name="pulse_render_mode_title">Λειτουργία απόδοσης</string>
    <string name="pulse_render_mode_fading_bars">Ξεθώριασμα μπλοκ</string>
    <string name="pulse_render_mode_solid_lines">Συμπαγείς γραμμές</string>
    <string name="pulse_legacy_mode_advanced_category">Ρυθμίσεις λειτουργίας ξεθωριασμένων μπλοκ</string>
    <string name="pulse_custom_fudge_factor">Επίπεδο υγιούς λειτουργίας</string>
    <string name="pulse_lavalamp_speed_title">Ταχύτητα λαμπτήρα λάβας</string>
    <string name="pulse_solid_units_count">Μέτρηση συμπαγών γραμμών</string>
    <string name="pulse_solid_units_opacity">Αδιαφάνεια συμπαγών γραμμών</string>
    <string name="pulse_solid_dimen_category">Ρυθμίσεις λειτουργίας συμπαγών γραμμών</string>
    <string name="pulse_color_mode_title">Χρώμα</string>
    <string name="pulse_color_accent">Απόχρωση</string>
    <string name="pulse_color_custom">Προσαρμοσμένο</string>
    <string name="pulse_color_lava_lamp">Lava lamp</string>
    <string name="pulse_color_auto">Άλμπουμ</string>
    <string name="pulse_color_user_title">Επιλογή χρώματος</string>
    <string name="pulse_smoothing_enabled_title">Ενεργοποιήστε την εξομάλυνση</string>
    <string name="pulse_smoothing_enabled_summary">Κάθε μπάρα κινείται πιο ομαλά</string>
    <string name="pulse_custom_dimen">Bar width</string>
    <string name="pulse_custom_div">Κενό μπάρας</string>
    <string name="pulse_filled_block_size">Μέγεθος μπλοκ</string>
    <string name="pulse_empty_block_size">Απόσταση μπλοκ</string>
    <string name="pulse_solid_units_rounded_title">Στερεές γραμμές στρογγυλοποιημένες</string>
    <string name="pulse_solid_units_rounded_summary">Στρογγυλοποίηση των στερεών γραμμών</string>
    <!-- Udfps animations -->
    <string name="udfps_recog_animation">Χρήση κίνησης UDFPS</string>
    <string name="udfps_recog_animation_summary">Εμφανίζει μια κίνηση κατά την ανάγνωση του δακτύλου σας</string>
    <string name="udfps_recog_animation_effect_title">Προσαρμοσμένο κινούμενο σχέδιο UDFPS</string>
    <string name="udfps_recog_animation_effect_summary">Επιλέξτε εφέ κίνησης</string>
    <!-- Udfps icon picker -->
    <string name="udfps_icon_picker_title">Επιλογέας εικονιδίου UDFPS</string>
    <string name="udfps_icon_picker_summary">Επιλέξτε το αγαπημένο σας εικονίδιο δακτυλικών αποτυπωμάτων</string>
    <!-- Lockscreen charge temperature unit -->
    <string name="lockscreen_charge_temp_unit_title">Μονάδα θερμοκρασίας</string>
    <string name="lockscreen_charge_temp_unit_farhenheit">Fahrenheit</string>
    <string name="lockscreen_charge_temp_unit_celsius">Κελσίου</string>
    <!-- Material dismiss all button for notifications -->
    <string name="notification_material_dismiss_title">Εκκαθάριση όλων των ειδοποιήσεων</string>
    <string name="notification_material_dismiss_summary">Αντικαταστήστε καθαρίστε όλο το κείμενο ειδοποίησης με το στυλ υλικού αιωρούμενο κουμπί</string>
    <string name="notification_material_dismiss_style_title">Στυλ κουμπιού</string>
    <string name="notification_material_dismiss_bgstyle_title">Κουμπί φόντο</string>
    <!-- Bluetooth status -->
    <string name="bluetooth_battery_title">Κατάσταση μπαταρίας Bluetooth</string>
    <string name="bluetooth_battery_summary">Εμφάνιση κατάστασης μπαταρίας για τη συνδεδεμένη συσκευή bluetooth, εάν είναι διαθέσιμη</string>
    <!-- Clock auto hide -->
    <string name="status_bar_clock_auto_hide_title">Αυτόματη απόκρυψη</string>
    <string name="status_bar_clock_auto_hide_summary">Απόκρυψη ρολογιού αν ο εκκινητής είναι ορατός</string>
    <!-- Display Settings: Title of the setting which toggles wallpaper zooming effects on interraction -->
    <string name="wallpaper_zoom_effect_title">Εφέ εστίασης ταπετσαρίας</string>
    <!-- Display Settings: Subtitle of the setting which toggles wallpaper zooming effects on interraction -->
    <string name="wallpaper_zoom_effect_summary">Ζουμ την ταπετσαρία για να δείξει zoom-out κινούμενα σχέδια βάθους. Ταπετσαρίες μπορεί να υποφέρουν από την ποιοτική μείωση</string>
    <!-- Squiggle animation -->
    <string name="show_squiggle_animation_title">Εμφάνιση κίνησης squiggle</string>
    <string name="show_squiggle_animation_summary">Εμφάνιση animation squiggle πίνακα μέσων\nΜετά την αλλαγή πρέπει να αλλάξετε μουσική, παύση μουσικής ή να μετακινήσετε τη γραμμή προόδου για να εφαρμόσετε</string>
    <!-- Ambient battery bar settings -->
    <string name="ambient_ui">Οθόνη ambient/Always on</string>
    <string name="ambient_battery_settings_title">Μπάρα μπαταρίας</string>
    <string name="ambient_battery_settings_summary">Εμφάνιση μιας μπάρας μπαταρίας στην οθόνη περιβάλλοντος</string>
    <string name="keyguard_show_battery_title">Γραμμή μπαταρίας κατά τη φόρτιση</string>
    <string name="keyguard_show_battery_summary">Εμφάνιση γραμμής μπαταρίας στην οθόνη περιβάλλοντος κατά τη φόρτιση</string>
    <string name="keyguard_show_battery_always_title">Να εμφανίζεται πάντα η γραμμή μπαταρίας</string>
    <string name="keyguard_show_battery_always_summary">Να εμφανίζεται πάντα μια γραμμή μπαταρίας στην οθόνη περιβάλλοντος</string>
    <!-- Pulse Gravity and mirror options -->
    <string name="pulse_custom_gravity_title">Βαρύτητα</string>
    <string name="pulse_custom_gravity_bottom">Κάτω</string>
    <string name="pulse_custom_gravity_top">Πάνω</string>
    <string name="pulse_custom_gravity_center">Κέντρο</string>
    <string name="visualizer_center_mirrored_title">Κέντρο καθρεφτισμένη</string>
    <string name="visualizer_center_mirrored_summary">Ορισμός του οπτικού εφέ στην λειτουργία καθρέφτη στο κέντρο</string>
    <string name="pulse_vertical_mirror_title">Κάθετος Καθρέφτης</string>
    <string name="pulse_vertical_mirror_summary">Δημιουργία άλλου παλμού και αναστροφή κάθετα</string>
    <!-- Ripple Effect on lockscreen -->
    <string name="disable_fingerprint_ripple_effect_title">Απενεργοποίηση εφέ κυματισμού</string>
    <string name="disable_fingerprint_ripple_effect_summary">Απενεργοποίηση κυματισμού εφέ στο ξεκλείδωμα</string>
    <!-- Charging animation -->
    <string name="charging_animation_title">Εφέ φόρτισης</string>
    <string name="charging_animation_summary">Εμφάνιση μιας κίνησης όταν η συσκευή είναι συνδεδεμένη</string>
    <!-- Statusbar Clock background chip -->
    <string name="statusbar_clock_chip_title">Τσιπ φόντου</string>
    <string name="statusbar_clock_chip_summary">Εμφάνιση τονισμένου τσιπ πίσω από το ρολόι</string>
    <!-- Hide statusbar on lockscreen -->
    <string name="lockscreen_hide_status_bar_title">Απόκρυψη Γραμμής Κατάστασης</string>
    <string name="lockscreen_hide_status_bar_summary">Όταν ενεργοποιηθεί, η γραμμή κατάστασης θα κρύβεται στην οθόνη κλειδώματος</string>
    <!-- Android P animation style -->
    <string name="pie_animation_style_title">Στυλ εφέ κίνησης Android P</string>
    <string name="pie_animation_style_summary">Ενεργοποίηση κίνησης \"Προεπιλογή\" Android P</string>
    <!-- Parallel space -->
    <string name="laboratory_parallel_space_title">Παράλληλος χώρος</string>
    <string name="laboratory_parallel_space_summary">Να επιτρέπεται η εκτέλεση πολλαπλών παρουσιών της ίδιας εφαρμογής παράλληλα</string>
</resources>
