<?xml version="1.0" encoding="utf-8"?>
<!--  Copyright (C) 2014-2016 The Dirty Unicorns Project
      Copyright (C) 2016 AospExtended ROM Project
      Copyright (C) 2022 DerpFest

  This program is free software: you can redistribute it and/or modify
  it under the terms of the GNU General Public License as published by
  the Free Software Foundation, either version 3 of the License, or
  (at your option) any later version.

  This program is distributed in the hope that it will be useful,
  but WITHOUT ANY WARRANTY; without even the implied warranty of
  MERCHANTABILITY or FITNESS FOR A PARTICULAR PURPOSE.  See the
  GNU General Public License for more details.

  You should have received a copy of the GNU General Public License
  along with this program.  If not, see <http://www.gnu.org/licenses/>.
 -->
<resources xmlns:xliff="urn:oasis:names:tc:xliff:document:1.2">
    <!-- General app strings -->
    <string name="add">Añadir</string>
    <string name="advanced">Avanzado</string>
    <string name="cancel">Cancelar</string>
    <string name="default_text">Por defecto</string>
    <string name="dlg_ok">Ok</string>
    <string name="attention">Atención</string>
    <string name="loading">Cargando\u2026</string>
    <string name="reset">Reset</string>
    <string name="reset_colors">Restablecer colores</string>
    <string name="reset_android">Android</string>
    <string name="text_title">Texto</string>
    <string name="icon_title">Icono</string>
    <string name="color_title">Color</string>
    <string name="colors_title">Colores</string>
    <!-- DerpSpace categories -->
    <string name="icons_category">Iconos</string>
    <string name="status_bar_category">Barra de estado</string>
    <string name="notifications_panel_category">Panel QS</string>
    <string name="system_category">Sistema</string>
    <string name="lockscreen_category">Pantalla de bloqueo</string>
    <string name="udfps_category">Huella digital bajo pantalla</string>
    <string name="listview">Vista de lista</string>
    <!-- Frags -->
    <!-- General Tweaks -->
    <string name="general_tweaks_title">Ajustes generales</string>
    <!-- Lockscreen UI -->
    <string name="lockscreen_ui_title">UI de pantalla de bloqueo</string>
    <!-- Lockscreen general category -->
    <string name="general_category">General</string>
    <!-- Lockscreen charging category -->
    <string name="charging_category">Cargando</string>
    <!-- Quicksettings media category -->
    <string name="media_category">Reproductor de medios</string>
    <!-- Network Traffic -->
    <string name="traffic_title">Indicadores de Verdaderos</string>
    <!-- Misc DerpSpace -->
    <string name="misc_derpspace_title">Miscellano</string>
    <!-- Notifications -->
    <string name="notifications_title">Notificaciones</string>
    <!-- Quick Settings -->
    <string name="quick_settings_title">Ajustes rápidos</string>
    <!-- Status bar clock and date options -->
    <string name="status_bar_clock_title">Reloj &amp; Ajustes de fecha</string>
    <!-- Quick Settings brightness slider -->
    <string name="qs_brightness_slider_category">Deslizador de brillo</string>
    <!-- Quick Settings footer category -->
    <string name="footer_category">Pie</string>
    <!-- Statusbar Iten -->
    <string name="statusbar_items_category">Elementos de la barra de estado</string>
    <!-- Customisation -->
    <string name="customisation_title">Personalización</string>
    <!-- Battery -->
    <string name="battery_title">Batería</string>
    <!-- Battery Settings -->
    <string name="battery_settings_title">Ajustes de batería</string>
    <!-- Battery Styles -->
    <string name="battery_style_category_title">Estilos de batería</string>
    <string name="battery_percent_title">Porcentaje de batería</string>
    <!-- App info dialog -->
    <string name="derpspace_dialog_title">¡Ayúdanos a ayudarte!</string>
    <string name="derpspace_dialog_message">Si encuentras un error en cualquiera de estas configuraciones, infórmanos en nuestro Grupo de Telegram. DEBES incluir lo siguiente al publicar un informe de error:\n\n1. Un logcat o last_kmsg\n2. Kernel y mods usaron\n3. Información útil\n\nSi falla al reportar algo de manera implícita, NO esperes que las cosas sean arregladas.</string>
    <string name="derpspace_dialog_toast">¡LLEVADO EL MEJOR LONO!</string>
    <string name="artwork_media_fade_level_summary">Desvaneciendo la imagen de arte multimedia</string>
    <!-- QuickSettings haptic feedback -->
    <string name="qs_tile_vibration_title">Vibración</string>
    <string name="quick_settings_vibrate_title">Vibrar al tocar</string>
    <string name="quick_settings_vibrate_summary">Vibrar al tocar mosaicos QS</string>
    <string name="quick_settings_vibrate_duration_title">Duración de la vibración</string>
    <string name="quick_settings_vibrate_duration_summary">Cuántos milisegundos vibrar</string>
    <!-- Tiles animation style  -->
    <string name="qs_tile_animation_title">Animaciones</string>
    <string name="qs_tile_animation_style_title">Estilo de animación</string>
    <string name="qs_tile_animation_duration_title">Duración de la animación</string>
    <string name="qs_tile_animation_interpolator_title">Interpolador de animación de azulejos</string>
    <string name="qs_tile_animation_style_off">Sin animación</string>
    <string name="qs_tile_animation_style_flip">Voltear</string>
    <string name="qs_tile_animation_style_rotate">Rotar</string>
    <string name="qs_tile_animation_duration_low">Baja</string>
    <string name="qs_tile_animation_duration_default">Por defecto</string>
    <string name="qs_tile_animation_duration_fast">Rápido</string>
    <string name="qs_tile_animation_interpolator_linearInterpolator">Lineal</string>
    <string name="qs_tile_animation_interpolator_accelerateInterpolator">Acelerar</string>
    <string name="qs_tile_animation_interpolator_decelerateInterpolator">Desacelerar</string>
    <string name="qs_tile_animation_interpolator_accelerateDecelerateInterpolator">Acelerar desacelerar</string>
    <string name="qs_tile_animation_interpolator_bounceInterpolator">Rebotar</string>
    <string name="qs_tile_animation_interpolator_overshootInterpolator">Sobregiro</string>
    <string name="qs_tile_animation_interpolator_anticipateInterpolator">Anticipar</string>
    <string name="qs_tile_animation_interpolator_anticipateOvershootInterpolator">Anticipar sobregiro</string>
    <string name="qs_set_animation_style">%1$s</string>
    <string name="qs_set_animation_duration">%1$s</string>
    <string name="qs_set_animation_interpolator">%1$s</string>
    <!-- 4G icon -->
    <string name="show_fourg_icon_title">Icono 4G</string>
    <string name="show_fourg_icon_summary">Mostrar icono 4G en el icono de señal LTE</string>
    <!-- Data disabled icon -->
    <string name="data_disabled_icon_title">Mostrar icono de datos desactivados</string>
    <string name="data_disabled_icon_summary">Mostrar el signo cruzado junto a la barra de señales cuando los datos están deshabilitados</string>
    <!-- QS footer warnings -->
    <string name="qs_footer_warnings_title">Avisos QS pie de página</string>
    <string name="qs_footer_warnings_summary">Mostrar una advertencia en la parte inferior del panel QS cuando la red es monitoreada por aplicaciones externas o vpn</string>
    <!-- Old mobile type icons -->
    <string name="use_old_mobiletype_title">Icono pequeño de tipo móvil</string>
    <string name="use_old_mobiletype_summary">Mostrar icono de tipo móvil en la parte superior del indicador de señal</string>
    <!-- Lockscreen battery info indicator  -->
    <string name="lockscreen_battery_info_title">Información de carga de pantalla de bloqueo</string>
    <string name="lockscreen_battery_info_summary">Mostrar corriente de carga, voltaje, vatiaje y temperatura de la batería en la pantalla de bloqueo mientras se carga</string>
    <!-- Tiles on secure keyguard -->
    <string name="use_tiles_on_secure_keyguard_title">Requiere desbloquear para usar baldosas sensibles</string>
    <string name="use_tiles_on_secure_keyguard_summary">Solicitar desbloquear pantalla de bloqueo al usar azulejos sensibles</string>
    <!-- QS footer text -->
    <string name="qs_footer_text_show_title">Mostrar texto de pie de página QS</string>
    <string name="qs_footer_text_string_title">Personalizar texto del pie de página</string>
    <string name="qs_footer_text_string_summary">Poner en blanco para #StayDerped por defecto</string>
    <!-- Notifications general category -->
    <string name="notifications_general_category_title">General</string>
    <!-- Notification count -->
    <string name="status_bar_notif_count_title">Número de notificaciones</string>
    <string name="status_bar_notif_count_summary">Mostrar el número de notificaciones pendientes</string>
    <!-- Units -->
    <string name="unit_seconds">s</string>
    <string name="unit_milliseconds">m</string>
    <string name="unit_pixels">dp</string>
    <!-- [CHAR_LIMIT=NONE] Developer Settings: Title of the settings category for theme overlays. -->
    <string name="theme_customization_category">Tema</string>
    <!-- [CHAR_LIMIT=NONE] Developer Settings: Title of the setting which enables overlays to customize headline and body fonts. -->
    <string name="theme_customization_font_title">Título / cuerpo de fuente</string>
    <string name="theme_customization_font_summary">Establecer estilo de fuente del sistema</string>
    <!-- [CHAR_LIMIT=NONE] Developer Settings: Title of the setting which enables overlays to customize the adaptive icon shape (e.g. launcher and quick settings icons). -->
    <string name="theme_customization_icon_shape_title">Forma del icono</string>
    <string name="theme_customization_icon_shape_summary">Establecer estilo de forma de icono del sistema</string>
    <!-- [CHAR_LIMIT=NONE] Developer Settings: Title of the setting which enables overlays to customize the system wide icon pack. -->
    <string name="theme_customization_icon_pack_title">Paquete de iconos</string>
    <string name="theme_customization_icon_pack_summary">Establecer estilo de paquete de iconos personalizado</string>
    <!-- [CHAR_LIMIT=NONE] Developer Settings: Label for the option that turns off customizations for a given category.-->
    <string name="theme_customization_device_default">Dispositivo por defecto</string>
    <!-- Custom Wi-Fi bar icons -->
    <string name="theme_customization_wifi_icon_title">Icono Wifi</string>
    <string name="theme_customization_wifi_icon_summary">Establecer estilo de icono Wifi</string>
    <!-- Custom Signal bar icons -->
    <string name="theme_customization_signal_icon_title">Iconos de señal</string>
    <string name="theme_customization_signal_icon_summary">Establecer estilo de iconos de señal</string>
    <!-- Black theme -->
    <string name="system_black_theme_title">Usar tema negro</string>
    <string name="system_black_theme_summary">Forzar colores de fondo negros</string>
    <!-- UI styles -->
    <string name="theme_customization_ui_style_title">Estilo de IU</string>
    <string name="theme_customization_ui_style_summary">Establece un estilo personalizado para tu interfaz</string>
    <!-- Applications fragment -->
    <string name="search">Buscar</string>
    <string name="search_apps">Buscar apps</string>
    <!-- reTicker -->
    <string name="reticker_title">reTicker</string>
    <string name="reticker_summary">Reemplaza tus notificaciones con una versión rediseñada de los tickers. \nSlim y menos invasiva que una notificación estándar</string>
    <string name="reticker_colored_title">Usar fondo de color de la aplicación</string>
    <string name="reticker_colored_summary">Reemplazar el color de fondo del reTicker usando el color principal de la aplicación de notificación</string>
    <string name="reticker_landscape_only_title">Sólo paisaje</string>
    <string name="reticker_landscape_only_summary">Activar reTicker sólo cuando el dispositivo está en modo apaisado</string>
    <!-- Network traffic -->
    <string name="network_traffic_title">Indicador de tráfico de red</string>
    <string name="network_traffic_summary">Activar o desactivar el indicador de velocidad de red en la barra de estado</string>
    <string name="network_traffic_state_title">Activar \"Indicador de tráfico de red\"</string>
    <string name="network_options_title">Opciones</string>
    <string name="network_traffic_autohide_title">Ocultar el indicador de tráfico de red cuando esté inactivo</string>
    <string name="network_traffic_autohide_summary">Ocultar cuando el tráfico de red está por debajo de 1 KB/s</string>
    <!-- Media art -->
    <string name="lockscreen_media_art_options_title">Carátula multimedia</string>
    <string name="media_art_title">Carátula multimedia</string>
    <string name="media_art_summary">Mostrar carátula multimedia cuando esté disponible</string>
    <!-- Lock screen cover art -->
    <string name="lockscreen_media_blur_title">Nivel de desenfoque de arte multimedia</string>
    <!-- Clock position -->
    <string name="status_bar_clock_position_center">Centrar</string>
    <string name="status_bar_clock_position_left">Queda</string>
    <string name="status_bar_clock_position_right">Derecha</string>
    <string name="status_bar_clock_position_title">Posición del reloj</string>
    <!-- Clock AM/PM -->
    <string name="status_bar_am_pm_hidden">Hidden</string>
    <string name="status_bar_am_pm_normal">Normal</string>
    <string name="status_bar_am_pm_small">Pequeño</string>
    <string name="status_bar_am_pm_title">Estilo de reloj AM/PM</string>
    <string name="status_bar_am_pm_unavailable">El reloj de 24 horas está activado</string>
    <!-- Clock show seconds -->
    <string name="status_bar_clock_show_seconds_title">Mostrar segundos del reloj</string>
    <string name="status_bar_clock_show_seconds_desc">Mostrar horas, minutos y segundos</string>
    <!-- Battery style and percentage -->
    <string name="status_bar_battery_style_circle">Círculo</string>
    <string name="status_bar_battery_style_icon_portrait">Icono vertical</string>
    <string name="status_bar_battery_style_text">Texto</string>
    <string name="status_bar_battery_style_title">Estilo de estado de la batería</string>
    <string name="status_bar_battery_percentage_hidden">Hidden</string>
    <string name="status_bar_battery_percentage_text_inside">Dentro del icono</string>
    <string name="status_bar_battery_percentage_text_next">Junto al icono</string>
    <string name="status_bar_battery_percentage_title">Porcentaje de batería</string>
    <!-- Brightness slider -->
    <string name="qqs_show_brightness_title">Mostrar deslizador de brillo en el panel rápido de QS</string>
    <string name="brightness_slider_position_title">Posición del deslizador de brillo</string>
    <string name="top">Subir</string>
    <string name="bottom">Abajo</string>
    <string name="show_auto_brightness_button_title">Mostrar botón de brillo automático</string>
    <!-- Pulse -->
    <string name="ambient_light_category">Iluminación del borde</string>
    <string name="keywords_pulse_ambient_light_display">notificación, notificaciones, borde, luz, color, color</string>
    <string name="pulse_ambient_light_text">La iluminación de bordes hace que tu pantalla resplandezca cuando recibas una notificación. Esto hace que sea más fácil encontrar cuando se obtiene un pulso mientras el teléfono está en modo doze.</string>
    <string name="pulse_ambient_light_enable">Usar iluminación del borde</string>
    <string name="pulse_ambient_light_title">Iluminación del borde</string>
    <string name="pulse_ambient_light_summary">Enciende los bordes laterales de la pantalla en el pulso de notificación</string>
    <string name="ambient_notification_light_accent_title">Color de acento del sistema</string>
    <string name="ambient_notification_light_color_automatic_title">Color de notificación</string>
    <string name="pulse_ambient_light_color">Al pulsar, usar</string>
    <!-- QS tiles layout -->
    <string name="qs_tile_layout_title">Diseño de fichas QS</string>
    <string name="qs_tile_layout_summary">Personalizar el diseño de las fichas en el panel QS</string>
    <string name="qs_tiles_layout_category">Diseño de mosaicos</string>
    <string name="qs_rows_portrait_title">Filas (vertical)</string>
    <string name="qqs_rows_portrait_title">Filas (retrato rápido QS)</string>
    <string name="qs_columns_portrait_title">Columnas (retrato)</string>
    <string name="qs_apply_change_button_title">Aplicar cambio</string>
    <string name="qs_apply_change_failed">Error al aplicar el cambio</string>
    <string name="qs_tile_hide_label_title">Ocultar etiquetas</string>
    <string name="qs_tile_hide_label_summary">Mostrar sólo icono para mosaicos QS</string>
    <string name="qs_tile_vertical_layout_title">Diseño vertical</string>
    <string name="qs_tile_vertical_layout_summary">Habilitar el diseño vertical para azulejos QS</string>
    <!-- Statusbar lyric -->
    <string name="status_bar_lyric_title">Letra de la barra de estado</string>
    <string name="status_bar_lyric_summary">Mostrar letra en la barra de estado (necesita soporte de aplicación)</string>
    <string name="status_bar_show_lyric_title">Activar letra de la barra de estado</string>
    <!-- Statusbar logo -->
    <string name="status_bar_logo_category_title">Logo</string>
    <string name="status_bar_logo_title">Logo</string>
    <string name="status_bar_logo_summary">Activar para mostrar el logo en la barra de estado</string>
    <string name="status_bar_logo_position_title">Posición</string>
    <string name="status_bar_logo_position_summary">Elegir en qué lado mostrar el logotipo, izquierda o derecha</string>
    <string name="status_bar_logo_position_right">Derecha</string>
    <string name="status_bar_logo_position_left">Queda</string>
    <string name="status_bar_logo_style_title">Estilo</string>
    <string name="status_bar_logo_style_derp">Festín</string>
    <string name="status_bar_logo_style_derp_alt">Triángulo DerpFest</string>
    <string name="status_bar_logo_style_adidas">Adidas</string>
    <string name="status_bar_logo_style_airjordan">Air Jordan</string>
    <string name="status_bar_logo_style_apple">Manzana</string>
    <string name="status_bar_logo_style_avengers">Vengadores</string>
    <string name="status_bar_logo_style_batman">Batán</string>
    <string name="status_bar_logo_style_batman_tdk">Batán El Caballero Oscuro</string>
    <string name="status_bar_logo_style_beats">Golpes</string>
    <string name="status_bar_logo_style_biohazard">Bioriesgo</string>
    <string name="status_bar_logo_style_blackberry">Baya negra</string>
    <string name="status_bar_logo_style_cannabis">Cannabis</string>
    <string name="status_bar_logo_style_fire">Fuego</string>
    <string name="status_bar_logo_style_nike">Nike</string>
    <string name="status_bar_logo_style_pac_man">Pac-Man</string>
    <string name="status_bar_logo_style_puma">Puma</string>
    <string name="status_bar_logo_style_rog">ROG</string>
    <string name="status_bar_logo_style_superman">Superior</string>
    <string name="status_bar_logo_style_windows">Ventanas</string>
    <string name="status_bar_logo_style_xbox">XBOX</string>
    <!-- Pulse music visualizer -->
    <string name="pulse_help_policy_notice_title">Acerca de Pulso</string>
    <string name="pulse_help_policy_notice_summary">Pulso es un visualizador de audio brillante cuando la música se reproduce en el dispositivo</string>
    <string name="pulse_settings">Pulso</string>
    <string name="pulse_settings_summary">Visualizador de audio para la barra de navegación, pantalla de bloqueo y pantalla ambiente</string>
    <string name="show_navbar_pulse_title">Pulso Navbar</string>
    <string name="show_navbar_pulse_summary">Visualizador de audio en la barra de navegación</string>
    <string name="show_lockscreen_pulse_title">Pulso en pantalla de bloqueo</string>
    <string name="show_lockscreen_pulse_summary">Visualizador de audio en la pantalla de bloqueo</string>
    <string name="show_ambient_pulse_title">Pulso ambiental</string>
    <string name="show_ambient_pulse_summary">Visualizador de audio en la pantalla ambiente</string>
    <string name="pulse_render_mode_title">Modo de procesamiento</string>
    <string name="pulse_render_mode_fading_bars">Bloques de desvanecimiento</string>
    <string name="pulse_render_mode_solid_lines">Líneas sólidas</string>
    <string name="pulse_legacy_mode_advanced_category">Ajustes del modo de bloques de desvanecimiento</string>
    <string name="pulse_custom_fudge_factor">Nivel de sanidad</string>
    <string name="pulse_lavalamp_speed_title">Velocidad de lámpara de lava</string>
    <string name="pulse_solid_units_count">Recuento de líneas sólidas</string>
    <string name="pulse_solid_units_opacity">Opacidad de líneas sólidas</string>
    <string name="pulse_solid_dimen_category">Ajustes del modo de líneas sólidas</string>
    <string name="pulse_color_mode_title">Color</string>
    <string name="pulse_color_accent">Acento</string>
    <string name="pulse_color_custom">Personalizado</string>
    <string name="pulse_color_lava_lamp">Lava lamp</string>
    <string name="pulse_color_auto">Álbum</string>
    <string name="pulse_color_user_title">Elegir color</string>
    <string name="pulse_smoothing_enabled_title">Activar suavizado</string>
    <string name="pulse_smoothing_enabled_summary">Cada barra se anima más suavemente</string>
    <string name="pulse_custom_dimen">Bar width</string>
    <string name="pulse_custom_div">Espaciado de barra</string>
    <string name="pulse_filled_block_size">Tamaño del bloque</string>
    <string name="pulse_empty_block_size">Espacio del bloque</string>
    <string name="pulse_solid_units_rounded_title">Líneas sólidas redondeadas</string>
    <string name="pulse_solid_units_rounded_summary">Redondea las líneas sólidas</string>
    <!-- Udfps animations -->
    <string name="udfps_recog_animation">Usar animación UDFPS</string>
    <string name="udfps_recog_animation_summary">Muestra una animación mientras lees el dedo de la mano</string>
    <string name="udfps_recog_animation_effect_title">Animación personalizada UDFPS</string>
    <string name="udfps_recog_animation_effect_summary">Elegir efecto de animación</string>
    <!-- Udfps icon picker -->
    <string name="udfps_icon_picker_title">Selector de iconos UDFPS</string>
    <string name="udfps_icon_picker_summary">Elige tu icono de huella digital favorito</string>
    <!-- Lockscreen charge temperature unit -->
    <string name="lockscreen_charge_temp_unit_title">Unidad de temperatura</string>
    <string name="lockscreen_charge_temp_unit_farhenheit">Fahrenheit</string>
    <string name="lockscreen_charge_temp_unit_celsius">Celsius</string>
    <!-- Material dismiss all button for notifications -->
    <string name="notification_material_dismiss_title">Borrar todo el botón de notificación</string>
    <string name="notification_material_dismiss_summary">Reemplazar borrar todo el texto de notificación con el botón flotante de estilo material</string>
    <string name="notification_material_dismiss_style_title">Estilo de botón</string>
    <string name="notification_material_dismiss_bgstyle_title">Fondo del botón</string>
    <!-- Bluetooth status -->
    <string name="bluetooth_battery_title">Estado de la batería Bluetooth</string>
    <string name="bluetooth_battery_summary">Mostrar el estado de la batería del dispositivo bluetooth conectado, si está disponible</string>
    <!-- Clock auto hide -->
    <string name="status_bar_clock_auto_hide_title">Auto ocultar</string>
    <string name="status_bar_clock_auto_hide_summary">Ocultar reloj si el lanzador es visible</string>
    <!-- Display Settings: Title of the setting which toggles wallpaper zooming effects on interraction -->
    <string name="wallpaper_zoom_effect_title">Efecto de zoom de fondo de pantalla</string>
    <!-- Display Settings: Subtitle of the setting which toggles wallpaper zooming effects on interraction -->
    <string name="wallpaper_zoom_effect_summary">Acercar el fondo de pantalla para mostrar la animación de la profundidad de zoom-out. Los fondos de pantalla pueden sufrir un descenso de calidad</string>
    <!-- Squiggle animation -->
    <string name="show_squiggle_animation_title">Mostrar animación de quiggle</string>
    <string name="show_squiggle_animation_summary">Mostrar animación cuadrada del panel de medios\nDespués de cambiar la música, pausar la música o mover la barra de progreso para aplicar</string>
    <!-- Ambient battery bar settings -->
    <string name="ambient_ui">Ambiente/Siempre en pantalla</string>
    <string name="ambient_battery_settings_title">Barra de batería</string>
    <string name="ambient_battery_settings_summary">Mostrar una barra de batería en la pantalla ambiente</string>
    <string name="keyguard_show_battery_title">Barra de batería al cargar</string>
    <string name="keyguard_show_battery_summary">Mostrar una barra de batería en la pantalla ambiental al cargar</string>
    <string name="keyguard_show_battery_always_title">Mostrar siempre la barra de batería</string>
    <string name="keyguard_show_battery_always_summary">Mostrar siempre una barra de batería en la pantalla ambiente</string>
    <!-- Pulse Gravity and mirror options -->
    <string name="pulse_custom_gravity_title">Gravedad</string>
    <string name="pulse_custom_gravity_bottom">Abajo</string>
    <string name="pulse_custom_gravity_top">Subir</string>
    <string name="pulse_custom_gravity_center">Centrar</string>
    <string name="visualizer_center_mirrored_title">Centro espejado</string>
    <string name="visualizer_center_mirrored_summary">Establecer el visualizador en modo espejo central</string>
    <string name="pulse_vertical_mirror_title">Mirror vertical</string>
    <string name="pulse_vertical_mirror_summary">Crear otro pulso y girar verticalmente</string>
    <!-- Ripple Effect on lockscreen -->
    <string name="disable_fingerprint_ripple_effect_title">Desactivar efecto Ripple</string>
    <string name="disable_fingerprint_ripple_effect_summary">Desactivar efecto de ripple al desbloquear</string>
    <!-- Charging animation -->
    <string name="charging_animation_title">Animación de carga</string>
    <string name="charging_animation_summary">Mostrar una animación cuando el dispositivo está conectado</string>
    <!-- Statusbar Clock background chip -->
    <string name="statusbar_clock_chip_title">Ficha de fondo</string>
    <string name="statusbar_clock_chip_summary">Mostrar el chip acentuado detrás del reloj</string>
    <!-- Hide statusbar on lockscreen -->
    <string name="lockscreen_hide_status_bar_title">Ocultar barra de estado</string>
    <string name="lockscreen_hide_status_bar_summary">Cuando está habilitado, la barra de estado se ocultará en la pantalla de bloqueo</string>
    <!-- Android P animation style -->
    <string name="pie_animation_style_title">Estilo de animación Android P</string>
    <string name="pie_animation_style_summary">Habilitar animaciones Android P \"Por defecto\"</string>
    <!-- Parallel space -->
    <string name="laboratory_parallel_space_title">Espacio paralelo</string>
    <string name="laboratory_parallel_space_summary">Permitir ejecutar múltiples instancias de la misma aplicación en paralelo</string>
</resources>
